dataset_index,baseline_error_deg,candidate_error_deg
72892,0.0027585423,0.0068105524
54385,0.0013182266,0.017991576
68354,0.011835864,0.0060822833
126650,0.00046829486,0.045116834
31245,0.007585779,0.006040449
135460,0.028881459,0.00276025
10920,0.004145925,0.012685368
70161,0.0012721227,0.0024793588
101258,0.0063657355,0.010352004
28524,0.004798208,0.0016085096
54153,0.0052951034,0.016471855
127897,0.010766085,0.0019717903
28512,0.008621833,0.027938252
102127,0.0003765142,0.020293348
6838,0.0037783752,0.006759326
73578,0.0076882318,0.008854487
7450,0.028395662,0.0036635427
658,0.0020588753,0.013897728
62670,0.023743445,0.012504368
81190,0.0034799813,0.010856585
27243,0.0076404205,0.005594779
26764,0.0013788445,0.034368664
24639,0.0035901181,0.005011651
18472,0.0010665767,0.021789372
141147,0.0007999859,0.01352847
35015,0.007140536,0.0039004649
10318,0.003342524,0.02354708
50944,0.013963895,0.028717108
105001,0.013329968,0.018723259
102636,0.007094006,0.00211309
89109,0.0072630523,0.0017434058
2942,0.0005549529,0.009783393
156,0.008680317,0.0090721985
84176,0.0020763776,0.0034458304
83987,0.023087323,0.0001199552
128566,0.017930957,0.0053232787
78133,0.0031999436,0.0033032505
58948,0.0053232787,0.004607816
59056,0.020609511,0.011987142
140092,0.0154789165,0.0028379436
38140,0.009459812,0.037037566
112413,0.16457301,0.052264426
43104,0.012676831,0.006037887
142374,0.0050714156,0.007170845
100431,0.01131421,0.022907604
102321,0.004925847,0.007939241
31856,0.009953293,0.010800236
86251,0.01616279,0.002956618
79269,0.0006770424,0.0036293918
43405,0.00682592,0.047565456
18358,0.020130277,0.02713464
149606,0.00091866043,0.010276873
87048,0.0073586744,0.010133439
23291,0.00032955664,0.012909912
8738,0.012899667,0.0038428353
10328,0.002138703,0.027331006
116150,0.00916526,0.0034313162
68901,0.021324705,0.005673326
91790,0.004834493,0.015782433
55792,0.0027961088,0.0034330238
131842,0.0014710521,0.008227817
145929,0.005741201,0.010853598
98371,0.009372727,0.0106047215
38311,0.0065569817,0.0053800545
127985,0.007275859,0.008754596
92169,0.011008666,0.0024810429
50143,0.008796857,0.0040029176
76498,0.0003312642,0.014382671
116500,0.0029754012,0.00034833964
124530,0.012675976,0.00566735
136668,0.039658647,0.004041764
87208,0.004438769,0.0018356134
30122,0.007163161,0.0007043633
133016,0.0051516704,0.0019995377
139811,0.0034919342,0.001127835
9767,0.03722881,0.018265633
47999,0.012099681,0.0069582555
2183,0.0016546133,0.0068071373
124253,0.009354798,0.02852138
139153,0.0020038066,0.0049903067
76836,0.005219118,0.00690276
2147,0.013122075,0.0013989082
98845,0.016001428,0.042867135
20123,0.02944751,0.011866599
59528,0.0087827705,0.0046180617
61114,0.0049433494,0.017772153
23211,0.003285321,0.025093267
74945,0.021023324,0.0074747885
3254,0.012728912,0.015196317
145063,0.009820318,0.006093916
145276,0.009376142,0.008676901
149490,0.008609453,0.003952972
127418,0.0006975331,0.028637279
48249,0.008275628,0.00432351
127841,0.0009861086,0.00013062736
13342,0.019769128,0.00442767
129998,0.011228832,0.014351935
81260,0.002195906,0.00088365574
23009,0.011803421,0.015618081
33618,0.007030825,0.0019457502
62256,0.0042970427,0.015252667
145677,0.0034168023,0.0103989635
56458,0.004682095,0.0052822977
22063,0.0018996464,0.008084383
121233,0.0035867027,0.024844816
42055,0.005302788,0.007033387
146735,0.0072408537,0.0082841655
6098,0.005384537,0.014586296
380,0.012043331,0.0038838163
19998,0.009228439,0.0075456514
13236,0.0009784246,0.024286449
84372,0.011297133,0.020060264
93552,0.011097349,0.008571033
12992,0.030257745,0.00024588683
37587,0.008439553,0.008353322
9492,0.0071115075,0.0063759815
6653,0.0015611252,0.0076045617
2216,0.0012208964,0.008969746
5283,0.014969214,0.017269282
16173,0.0061796135,0.006212057
20150,0.023704387,0.033781484
125632,0.00036712267,0.023753691
94125,0.016085096,0.0030974909
52911,0.041099716,0.08585507
1363,0.0046663,0.00021472407
45595,0.008749472,0.005518793
119303,0.011668524,0.011179312
95602,0.009777416,0.036202997
130657,0.014835598,8.11085e-05
128815,0.006684195,0.021451918
44736,0.0049740854,0.004657335
78751,0.005164477,0.0069556944
7881,0.005782182,0.015302185
56913,0.01663578,0.0017024247
136672,2.561321e-05,0.00016648586
41475,0.0025166043,0.07718341
48692,0.031317275,0.0055215675
1160,0.004639406,0.012804044
92060,0.010091604,0.004099821
131181,0.06299147,0.0985786
15017,0.022126399,0.023487313
3698,0.008602623,0.022742396
104956,0.0042159343,0.0076677413
32537,0.008548835,0.00019466039
40506,0.010375056,0.012921863
66149,0.009853402,0.0047392976
115257,0.0094666425,0.0015662478
124693,0.004047741,0.010347737
132895,0.0043508303,0.0008349905
30831,0.0033109342,0.011670233
83038,0.010642821,0.0007083253
45663,0.012626031,0.052413188
110371,0.047217973,0.010146245
49567,0.011650381,0.021057582
106627,0.008205192,0.008764842
69000,0.0067840856,0.015270595
87157,0.002224934,0.008068161
121637,0.0036389967,0.032698043
54269,0.009263444,0.004066524
100354,0.017697874,0.024826886
149747,0.00859067,0.014371572
36386,0.0009639105,0.006234255
3578,0.0037463584,0.0024392314
96132,0.006299996,0.0007752265
84865,0.001263585,0.0034842503
73622,0.0131771425,0.0049664015
121887,0.008740934,0.0064263544
131764,0.0076096845,0.0001878302
126337,0.006870317,0.005758703
9653,0.015220223,0.02185746
144565,0.016817633,0.0150016565
117914,0.015750416,0.00084523595
5598,0.0031094437,0.004694048
134884,0.007378312,0.0022343257
125642,0.007483647,1.3340214e-05
3319,0.0017416982,0.016166205
26643,0.00010159905,0.009295887
98414,0.0050236047,0.01268537
115348,0.018989636,0.017399907
33947,0.0016400992,0.006562958
69449,0.0032072007,0.025748963
122098,0.0009519576,6.744812e-05
130279,0.0029132892,0.019283758
5737,0.0036404908,0.005793708
64773,0.008547128,0.0016665661
38772,0.00026979248,0.015447327
136122,0.011692429,0.0068242126
37144,0.034157783,0.056967013
4939,0.015409761,0.009560557
133025,0.021714881,0.001527401
114491,0.012823253,0.04610614
57172,0.0025399767,0.0048724865
40265,0.009206241,0.029087644
19564,0.004394373,0.004095552
70842,0.006649616,0.008747765
73239,0.015572618,0.047575068
66972,0.00577834,0.010040378
28513,0.0028533116,0.0069497176
113868,0.008887784,0.0024503304
56138,0.0055162315,0.021607306
31863,0.009984883,0.0018492737
122538,0.0010147099,0.019231252
94629,0.0015414883,0.0031474365
36706,0.017312823,0.005386458
139879,0.0086162845,0.0034279013
57018,0.024474276,0.026394416
78678,0.004363637,0.0108745145
64316,0.003628538,0.016940577
133958,0.006914713,0.008199642
111021,0.016520947,0.016134828
4899,0.0085121235,0.007442345
125056,0.0031879907,0.013536155
137831,0.0061996775,0.03430762
136670,0.0044202,0.0075383945
67187,0.0031478636,0.010119779
37286,0.008317464,0.0031988227
78890,0.011139185,0.022798747
9384,0.0008898456,0.016288508
102162,6.787501e-05,0.041615926
91766,0.017012296,0.0005967877
40252,0.007084334,0.18792422
30164,0.008523863,0.024331912
14730,0.020011602,0.06554512
142437,0.0024503304,0.0019739247
124115,0.001984597,0.0058261515
92707,0.0039538257,0.0019892927
12075,0.0053813355,0.0059781238
143730,0.017032785,0.0075716916
111301,0.010306329,0.0049770735
81758,0.01080792,0.0018450049
36858,0.0004345708,0.014263145
109439,0.016677614,0.023781015
37853,0.0058534723,0.005729675
95651,0.0060327644,0.0072596376
4975,0.0021054056,0.0071563306
144487,0.17617156,0.12421593
74050,0.005565323,0.029345058
119290,0.0034159485,0.027441997
43643,0.015051176,0.052166454
115971,0.0133026475,0.03203615
111080,0.023047622,0.033631
40002,0.0005148255,0.007687378
117514,0.012749401,0.009389802
58838,0.006574911,0.004239413
135109,0.008352468,0.28142878
98774,0.006163392,0.016324153
122401,0.021333244,0.004356807
140991,0.009969515,0.0013754291
111271,0.012455703,0.0025485144
99585,0.0026748728,0.006806283
34699,0.0014812973,0.0061283875
37644,0.007922166,0.008662389
10940,0.0026872526,0.015385855
116071,0.029088072,0.014234968
140924,0.018750578,0.0056494204
115034,0.009267713,0.01895036
19040,0.029492764,0.0103776185
108941,0.013994204,0.0066756564
68677,0.008130486,0.00013318869
141184,0.020307861,0.049136404
119735,0.0045736656,0.0005967878
55699,8.537737e-06,0.004030666
29877,0.0040268237,0.005583252
104655,0.010054892,0.025059111
32504,0.0071930424,0.0021054058
41572,0.013277034,0.00767201
80635,0.012670001,0.013805094
103930,0.013806375,0.007057294
99410,0.0027243916,0.0023226913
139130,0.019653017,0.012570109
10277,0.039262503,0.008977431
22070,0.0011560095,0.0117585985
84790,0.023639498,0.05172697
129629,0.007917897,0.00423984
91861,0.046832915,0.03836433
149623,0.004159585,0.005937142
93665,0.00721887,0.02022547
109024,0.0067554843,0.0021346475
22466,0.0071123615,0.0058671325
28125,0.016074423,0.0058923187
33743,1.7075473e-06,0.0027487243
35650,0.0012004058,0.005036411
69422,0.0013972006,0.030129675
125822,0.00711663,0.019289736
59985,0.0073505645,0.018635316
97664,0.01233404,0.0029707055
115236,0.01024443,0.00542317
64643,0.0060297763,0.001256328
79642,0.0073040337,0.024662107
63290,0.002049537,0.022438828
74576,0.008620553,0.0028614225
137543,0.005315168,0.016252862
93831,0.014859077,0.012955589
68787,0.009119157,0.012246529
19787,0.005192438,0.028666468
88271,0.0055990475,0.005929458
44346,0.009481156,0.011216877
58801,0.008151831,0.009801322
42663,0.011457643,0.029567039
113286,0.0024563067,0.0011210048
136279,0.0009972076,0.00012721228
70457,0.007994737,0.019915976
143639,0.02412423,0.02016528
91719,0.005167038,0.0091516
16518,0.0055937115,0.0010285839
64697,0.0073277256,0.011239076
31911,0.0015965567,0.011794883
19485,0.009932803,0.0073347697
84019,0.009841663,0.021220122
31030,0.0069253854,0.028261513
52572,0.0061608306,0.0015333773
50058,0.016659684,0.039720975
80641,0.0064024488,0.009203681
117177,0.004232156,0.010446775
8532,0.05264542,0.00974412
63901,0.0007064976,0.010467264
134921,0.012486439,0.0047102687
146666,0.019910857,0.20626666
97305,0.0048144297,0.004620623
80926,0.00813134,0.058063477
37745,0.0012183351,0.039133582
5221,0.0032067741,0.0071460865
77382,0.00604301,0.0070786364
12744,0.0032609885,0.024435854
111095,0.012300318,0.00626243
108736,0.000856335,0.010462997
94261,0.0027662267,0.011765854
9321,0.0069377646,0.016180292
144872,0.0332118,0.07784034
130534,0.040832594,0.32169843
139233,0.020170404,0.0095494585
35344,0.003998542,0.048258513
107524,0.010548586,0.021293757
15557,0.0106260665,0.010890096
99166,0.0022659153,0.013980544
115317,0.005038972,0.0066030854
63625,0.009282654,0.000113978786
9156,0.00818897,0.022886686
142269,0.003583288,0.010802797
69069,0.011968198,0.003224703
128888,0.0024793588,0.001640953
105424,0.006621015,0.025153028
36270,0.012917595,0.0010176981
129884,0.00021344342,0.0015803351
110825,0.003476139,0.021197172
71899,0.009798761,0.010065991
120185,0.010959466,0.0055614817
97729,0.009691184,0.023238014
11831,0.0055623353,0.015990755
104533,0.0048144297,0.007069245
23150,0.011669379,0.04785489
100824,0.0026868256,0.011292865
138809,0.017994348,0.05301836
3467,0.0033177645,0.054519456
87879,0.0022505473,0.004009321
88125,0.0090525625,0.038861226
42741,0.005386458,0.011013254
32137,0.01310884,0.0013028586
60706,0.007804345,0.0024383776
145709,0.019055372,0.03794683
90316,0.0009006244,0.0046109115
123728,0.0012780991,0.0073953876
129043,0.002014906,0.0046505053
19758,0.006739689,0.01026492
121684,0.015256935,0.018018894
133102,0.021534735,0.00646392
740,0.007851303,0.011712921
59784,0.001444585,0.00048835855
16186,0.010840363,0.00079657073
50784,0.0058252974,0.0012661463
134126,0.003284467,0.0017545049
99143,0.001954288,0.03642114
74709,0.0065160007,0.005956779
13440,0.00055836793,0.00052421703
107079,0.019913418,0.0047538118
145216,0.010167589,0.009028656
100214,0.020588754,0.031739894
131679,0.010709737,0.00073595287
99721,0.000599776,0.0032012244
82861,0.011345372,0.011677062
6496,0.0033681372,0.0138576
55289,0.011345797,0.0044754813
72241,0.005844081,0.009929388
11814,0.0050125057,0.012437776
50282,0.008697392,0.0064297696
61225,0.011401613,0.18881018
130581,0.010744741,0.00540951
148168,0.012293486,0.028263753
20719,0.00330944,0.0012930402
64351,0.004363637,0.0049318234
139278,0.005318156,0.004651359
20074,0.018336069,0.08049356
8447,0.0202037,0.002976255
32196,0.032674782,0.015245836
113530,0.034185957,0.0037369672
85780,0.001109052,0.0019440426
37581,0.007939775,0.0071271956
34348,0.0118102515,0.013394002
39798,0.0052063116,0.0011969907
91079,0.0129032945,0.012358587
117456,0.036235016,0.028533973
83936,0.001267,0.034032278
70196,0.005096175,0.0092591755
109640,0.022202171,0.07556674
59541,0.004110066,0.008080968
113744,0.0069087367,0.004624038
110751,0.00027320758,0.008438698
79815,0.00013148114,0.013552804
140960,0.0020097832,0.004571104
30319,0.019460918,0.02409264
123536,0.008301241,0.0004285944
124742,0.0053898725,0.0049382267
125495,0.0029866337,0.2456977
71931,0.0045676893,0.0036191465
65181,0.00040810375,0.0041040895
15299,0.007661338,5.2933967e-05
120002,0.007844472,0.0051098354
54493,0.0021967595,0.008663242
118343,0.020166775,0.05392544
127589,0.0077650715,0.01087238
107817,0.039103486,0.093116336
132943,0.023162028,0.0066594346
89345,0.007895698,0.015597591
37002,0.0046112314,0.0015735046
61105,0.34208182,0.3343601
55129,0.0059755617,0.0024306937
114691,0.0209896,0.0647163
24474,0.020909773,0.005219972
16519,0.0077573876,0.020811588
5413,0.008281604,0.0025246087
140758,0.01045275,0.012335322
85329,0.0030624862,0.0027704956
118828,0.027384793,0.05184799
147781,0.0075106467,0.00370367
104741,0.04396851,0.02170549
6194,0.0063469536,0.008264529
28743,0.01102734,0.025177784
112112,0.009220756,0.014666124
118051,0.0028212953,0.012517603
77320,0.003637182,0.0014523221
20590,0.0014804435,0.0062368168
126122,0.003719038,0.0006932642
47304,0.0025843729,0.009448714
144104,0.011755609,0.005730529
86247,0.008399425,0.03910455
4984,0.005559773,0.004585618
80982,0.0005173868,0.010932572
47367,0.0030240663,0.010763524
111688,0.014313513,0.027908156
6130,0.0075610196,0.017764468
147337,0.010746876,0.0017801181
121104,0.004816457,0.008723967
29476,0.012256775,0.00853048
100759,0.010241441,0.0072455495
43000,0.011281766,0.030569373
8881,0.013882359,0.014447558
128036,0.0053582834,0.0052822977
79833,0.0043354626,0.0017638963
6190,0.011075152,0.010051478
92655,0.007483327,0.009994274
99588,0.007611393,0.006182175
53685,0.00035773116,0.018894013
115099,0.0058039534,0.007204996
47385,0.013591223,0.022607926
10577,0.00469917,0.0069428873
45305,0.026423445,0.079656065
84922,0.0049237125,0.0054803733
30258,0.051576227,0.12886733
26743,0.055151038,0.003079775
3984,0.040444124,0.022160549
76261,0.010942816,0.010315293
16735,0.009161844,0.026757268
37671,0.03204149,0.07635862
131546,0.0040332265,0.035916556
74221,0.0073834346,0.0072096917
16729,0.0045881798,0.013212148
130580,0.0012943209,0.0020695473
136563,0.0057461103,0.019525591
92727,0.0090525625,0.0008196227
145961,0.0011619859,0.0054556136
106610,0.0045480523,0.018952494
80756,0.0012375449,0.008404975
137459,0.0039138054,0.022052761
43221,0.006808845,0.0029088068
117625,0.008483949,0.062743016
112527,0.007503817,0.009458104
91970,0.000875118,0.0005592217
134441,0.008119815,0.013299233
18214,0.00414934,0.0075601656
27886,0.016395016,0.03193285
110662,0.009841023,0.026546814
116361,0.040628966,0.0077509843
52648,0.019426767,0.103247926
10550,4.3542455e-05,0.008839973
41738,0.0023986772,0.008030595
16544,0.015817864,0.0058893305
104280,0.0027295144,0.009125134
19474,0.012351757,0.013817473
27457,0.0037728257,0.01399335
26607,0.00657235,0.030167243
138837,0.0065954016,0.010340906
60821,0.0985103,0.29506767
51292,0.023009203,0.0043576607
19476,0.0028123304,0.003187137
28932,0.010109534,0.0053386465
112107,0.00828502,0.008699954
29262,0.011923804,0.007694635
143440,0.0016691273,0.0080545
127156,0.0036112492,0.0018919624
130943,0.025251491,0.15232836
102914,0.007923019,9.39151e-05
60074,0.0009792784,0.00795461
53384,0.0046308683,0.00087938685
78422,0.010105264,0.019219298
9185,0.0040421914,0.002274453
18091,0.0044532833,0.019190697
73962,0.0071785287,0.0034842498
107056,0.009759487,0.0016358303
71193,0.018503837,0.014304124
47721,0.015340605,0.004300458
3552,0.0053838966,0.0066722413
3670,0.0035867032,0.0059704394
25678,0.00742583,0.023183905
13030,0.006416963,0.009337722
9701,0.01153192,0.009526407
46070,0.0108711,0.0052097267
83968,0.030285066,0.03746872
147302,0.0036934249,0.001324203
67366,0.0051567927,0.0032187267
69884,0.017607376,0.0016614434
35706,0.005342916,0.0030650473
52137,0.0052490006,0.014334006
71692,0.0030880994,0.02924602
44463,0.004047314,0.02706164
118382,0.0066141854,0.009006459
86760,0.00012379717,0.0020968681
15975,0.022421481,0.028075336
28448,0.0049066367,0.018594334
115529,0.006369365,0.007368067
73344,0.0022735992,0.0021771227
14771,0.0015641133,0.008406255
29335,0.00034748588,0.009495244
92396,0.077645466,0.041046463
14659,0.004871633,0.007116203
127015,0.014605506,0.0018680567
88308,0.0020106367,0.012075774
120804,0.0021794706,7.299764e-05
21398,0.019510863,0.04317236
42170,0.01332143,0.034895442
104574,0.0032375096,0.0028353822
106565,0.0037916084,0.011740241
69788,0.014370718,0.011530214
13397,4.3542455e-05,0.01634635
82516,0.01597197,0.009816903
148951,0.008263248,0.0044537103
80059,0.01957191,0.0013387171
99874,0.022349661,0.0043094223
28924,0.0046590427,0.0053659673
107043,0.0069343494,0.004937373
148598,0.010334716,0.015799936
99842,0.0041023823,0.008112131
65366,0.0071913353,0.0028174531
106872,0.009164406,0.005993064
70844,0.011125524,0.006770424
58348,0.0011773539,0.043122414
123846,0.006442576,0.01227321
53520,0.0051040724,0.023278568
3659,0.016412947,0.03811332
137069,0.0067063924,0.002682557
115891,0.004551041,0.0018441511
88365,0.010811176,0.015282495
121928,0.0095494585,0.003991392
63298,0.0140841175,0.0203196
141396,0.007591756,0.004458406
62759,0.00028942927,0.002224934
22661,0.00040298115,0.011209194
121391,0.019635087,0.0018958044
86528,0.00054214627,0.0063571986
85743,0.0045975717,0.032737102
15044,0.0029489342,0.014979458
148026,0.009736435,0.01624902
22870,0.012337884,0.012513761
53049,0.0044464534,0.0050261654
102076,0.006737555,0.009193434
138990,0.0022915285,0.018072682
89558,0.0042902124,0.00025015566
40535,0.0066423584,0.01270287
88925,0.09009525,0.1266048
47938,0.012155175,0.04630913
61606,0.013741914,0.026238179
54026,0.002591203,0.004986892
120708,0.015075081,0.008349053
50206,0.008755449,0.009455543
140473,0.003541453,0.0025681509
72339,0.013575002,0.025828792
128250,0.0130189415,0.1996466
66056,0.011498623,0.03361222
95453,0.01995098,0.023801506
32896,0.007645543,0.025884286
504,0.012202134,0.02510735
14617,0.0015359388,0.004383274
35799,0.0049766465,0.0028840473
34751,0.0019406275,0.030105343
148528,0.0030180898,0.011994666
8689,0.018590923,0.0058927457
66313,0.018673738,0.007611392
31049,0.032469872,0.008958647
148608,0.002516071,0.012988246
43361,0.015009341,0.00030650475
5366,0.0075533357,0.00058483495
93844,0.010622438,0.019256651
135035,0.015464402,0.0034509532
54557,0.020204555,0.01418801
61732,0.002583519,0.013695385
46012,0.0008571888,0.0027739105
107783,0.01151143,0.027685324
119650,0.00093829725,0.008352468
69694,0.004599279,0.0005669057
107697,0.008642752,0.010799383
92785,0.0059670242,0.029135887
54345,0.0033075192,0.0031888445
14608,0.024207048,0.020874767
56473,0.056162972,0.027568357
15256,0.005552944,0.0068131136
52124,0.00096817943,0.0002586934
70126,0.0030770001,0.006439161
6322,0.006582168,0.0092993025
99482,0.007390265,0.01615169
139255,0.0039000376,0.020450441
34956,0.009329611,0.0006164246
25518,0.009581903,0.013658671
117683,0.008731543,0.019922808
68329,0.002651821,0.00880753
48299,0.0005982018,0.008463166
64665,0.0022159696,0.00023521464
71777,0.00043478425,0.0016356169
3439,0.0038991843,0.026151944
14130,0.003648175,0.020404339
84496,0.0096314205,0.012961137
30004,0.01081219,0.0049501797
37466,0.00041408022,0.009411147
42734,0.0052600997,0.01078743
207,0.007650666,0.006473311
128797,0.0020704009,0.0024639908
139841,0.0019770728,0.011894028
87255,0.010182104,0.01632757
64499,0.0047666184,0.007229755
15248,0.00375575,0.02072877
73579,0.004480604,0.008299533
49863,0.01396048,0.019232532
87042,0.010788284,0.014645633
112988,0.00663126,0.0107925525
110063,0.012958577,0.02456307
39665,0.0155371865,0.008875618
131677,0.010518064,0.012363603
85600,0.00093829713,0.027798874
29064,0.005866279,0.009217341
29908,0.018933283,0.014568794
38596,0.0021715732,0.047794703
25630,0.0082218405,0.009032926
1215,0.008597501,0.027785214
54926,0.004136534,0.017834479
58363,0.011546435,0.01982804
55594,0.00874563,0.009463227
28839,0.0032725143,0.016838126
22347,0.018685265,0.01580698
96914,0.0065091704,0.008316609
122830,0.020622903,0.004425962
142318,0.011426052,0.009178921
30260,0.008030596,0.0025399767
89901,0.005043241,0.0022565238
14924,0.0059883674,0.0048929765
35156,0.008649154,0.009773575
105469,0.0015265472,0.007649811
123742,0.0058428,0.0077727553
6,0.001157717,0.012539374
66546,0.014588004,0.03600108
42228,0.01698444,0.007326659
53150,0.03637674,0.087834656
26923,0.0140889725,0.024621125
69181,0.003888939,0.009001336
70116,0.00753626,0.008769962
69839,0.01741485,0.004125861
44296,0.021556774,0.018651912
88489,0.002878071,0.014804435
59474,0.0022522549,0.01643685
98681,0.01058658,0.006146103
27505,0.010238506,0.014255245
135380,0.0015248398,3.4150948e-05
38847,0.0062391646,0.0033621606
119668,0.0024341086,0.0031000522
69674,0.026915219,0.0019269672
11759,0.014978605,0.013316308
76081,0.0011423491,0.002316288
60700,0.010427992,0.011058075
46252,0.030400325,0.0053412085
18404,0.004646236,0.015774323
51227,1.4514152e-05,0.010375911
31989,0.07061777,0.11874744
139737,0.0006907029,0.01697729
16742,0.0014667831,0.013271912
56066,0.006461359,0.03192004
2720,0.00089560857,0.021375932
101333,0.0153764635,0.0066935853
31532,0.001702958,0.0015468778
47011,0.0049885996,0.0027470167
129538,0.0066090617,0.003888939
115071,0.005265222,0.011332137
131532,0.019835297,0.026506685
7403,0.0007146086,0.004443892
49219,0.00095814746,0.011171629
24390,0.0061890054,0.009333454
6803,0.0041634273,0.014527386
144402,0.043776326,0.0016032266
31191,0.015354264,0.015516482
131766,0.0024264248,0.008109996
27171,0.00074705196,0.0032306795
26719,0.0022693304,0.016432581
65133,0.0013788445,0.030664988
12327,0.029002484,0.0017446865
145037,0.0038264,0.022526605
84764,0.009719466,0.0015604581
70436,0.0092993025,0.0056178304
99515,0.009121718,0.014004449
4544,0.012987605,0.012412162
61431,0.004399495,0.0036050589
89084,0.0021022041,0.0058043795
43619,0.0021813917,0.0028238564
24707,0.0045651277,0.007490157
75887,0.0019186429,0.03191449
105534,0.008684158,0.029616557
47267,0.0054564676,0.0029514956
144197,0.02291075,0.02094267
16685,0.006345246,0.032753326
44428,0.004461821,0.007672011
107179,0.01118785,0.011108448
74969,0.003394604,0.0020413727
84959,0.014367301,0.00614685
59116,0.0033817973,0.0020285663
26987,0.000920368,0.0019662408
12785,0.0073766042,0.0070820525
77649,0.00831661,0.0032699532
144070,0.014225578,0.0056135617
44164,0.0021369956,0.0026945097
40684,0.0034577833,0.005835543
106163,0.0020072218,0.004104944
128705,0.0023179955,0.011744509
126842,0.0031734763,0.012857191
50085,0.007924833,0.010503123
84370,0.010931291,0.0027239649
90619,0.0007235731,0.00017331603
100352,0.020435074,0.028129283
80814,0.011678771,0.012977361
103439,0.01618072,0.011644619
50165,0.010910533,0.010967256
8199,0.027041575,0.13925259
28629,0.005924335,0.003985415
1434,0.01924235,0.009919996
41162,0.0017882289,0.004721368
36220,0.008738373,0.064553455
117626,0.0020353964,0.0039102836
102612,0.0014676369,0.0024989955
100571,0.009232708,0.008002421
66347,0.014234114,0.0005515378
78241,0.016169619,0.0060037365
84324,0.010349443,0.0048938305
139476,0.010935132,0.05241234
5031,0.0047392976,0.0057091834
68958,0.0050381185,0.0009673255
47181,0.02682557,0.00045506135
37577,0.009717652,0.014684051
1022,0.018743748,0.004910906
146891,0.0067046843,0.008145001
97513,0.011438007,0.03877585
32946,0.006571496,0.0062863356
136426,0.0024938725,0.00541634
78900,0.0072865314,0.018587079
122049,0.0042722835,0.08186676
34598,0.030515796,0.00038846702
9062,0.054725002,0.02072125
114541,0.005208019,0.0134166265
39411,0.006706392,0.0064630667
61185,0.03061633,0.0017707265
73192,0.004903222,0.010887321
18399,0.003375821,0.010409208
144522,0.025207669,0.01193234
127914,0.01606375,0.005207165
54899,0.008715322,0.0018663493
91438,0.006827628,0.00559051
124173,0.0075356187,0.0031700616
14279,0.034419037,0.023564152
31883,0.0012851428,0.042037267
125777,0.006258161,0.0013651841
125868,0.024605758,0.006756765
104579,0.012328491,0.042997766
96921,0.012767757,0.011929352
66425,0.016693836,0.0077608027
61332,0.028455425,0.03395373
65542,0.015070813,0.0062406585
117022,0.00844553,0.016453072
120443,0.0028490426,0.0030607786
47169,0.04281922,0.04352124
120845,0.005224241,0.0023419012
58124,0.005620392,0.009727897
52267,0.005216557,0.03801172
56488,0.025148759,0.015023
91145,0.0062487694,0.018891452
26405,0.025395926,0.048225638
143804,0.008606891,0.002516071
59926,0.00086999533,0.0017664577
60908,0.0056852787,0.0026159624
104534,0.006704684,0.013288133
35663,0.004307288,0.014156421
45340,0.008065601,0.024871282
78709,0.010962454,0.014999949
9186,0.003002722,0.0036268304
148363,0.095063604,0.059800062
9853,0.011085398,0.008571033
83530,0.008122803,0.026364535
94725,0.012524645,0.013191443
117057,0.0056045973,0.013972007
89747,0.02721489,0.0012004058
62639,0.0050526327,0.014899631
72607,0.011366289,0.026132308
142384,0.005951656,0.00875118
69545,0.0011816227,0.0193892
25775,0.0029028305,0.00052933965
50754,0.006313656,0.009163554
90332,0.0009980614,0.006136072
104212,0.004627026,0.0036601273
40581,0.008494195,0.039358124
67351,0.009620323,0.0011321038
101222,0.007985345,0.006410986
123664,0.004715392,0.01879412
105891,0.0054714084,0.006363602
52324,0.017329045,0.005335232
97073,0.0018023159,0.012878321
110799,0.02432273,0.017116882
50203,0.01047751,0.055016354
39110,0.009901213,0.008135609
88903,0.006860925,0.0010424576
129871,0.0021737078,0.006942034
31636,0.0038564957,0.007224633
106544,0.010597039,0.02502923
56979,0.004939721,0.020939656
76943,0.018462427,0.0019690155
65403,0.0053446232,0.0067388355
128704,0.0009878161,0.0010305048
128042,0.0071674297,0.021167612
97186,0.024308646,0.0032528779
70077,0.017114747,0.014281072
57360,0.004663525,0.031830184
23381,0.017413568,0.00541634
81331,0.0042159343,0.012144931
129766,0.002187368,0.014319492
37407,0.026421737,0.075821154
135845,0.037023906,0.01969485
111966,0.008620553,0.03264383
77499,0.019215884,0.11399103
136509,0.0053369394,6.4033025e-05
8191,0.050788887,0.019700827
115473,0.03488605,0.060139008
44162,0.004069939,0.0038957691
115451,0.008510416,0.041676976
35756,6.6594344e-05,0.0007590048
132620,0.010608777,0.0017867348
138788,0.011490939,0.0040494483
15727,0.0011380803,0.006281213
122142,0.005611854,0.0018159766
132420,0.00051653304,0.004842818
147433,0.0023145804,0.006216326
99001,0.0056152693,0.013140431
91789,0.004370467,0.0066756564
29451,0.0015811886,0.001067217
51862,0.013173726,0.0012119317
22699,0.0020302737,0.030956985
123042,0.042775784,0.0065766186
74285,0.020988531,0.05330869
139581,0.08264698,0.2591294
129892,0.038042404,0.101726964
40860,0.006065208,0.009047867
145031,8.964624e-05,0.0039730356
133513,0.0072368924,0.00094718183
88283,0.010831827,0.007121326
52698,0.003330571,6.317925e-05
30282,0.02132001,0.02989318
101076,0.004603974,0.00018484199
64385,0.0056605195,0.0096536195
8477,0.007975954,0.00297967
116764,0.01218954,0.0228536
25647,0.00793668,0.00053403544
108002,0.009805591,0.011686454
29350,0.0019986841,0.027160253
235,0.016810803,0.10812044
83730,0.009038048,0.014153006
15010,0.00039273588,0.00045506135
40517,0.0022415828,0.009265153
46259,0.016900877,0.031340543
38467,0.00838918,0.00031504247
26491,0.004830652,0.014615751
17194,0.004138721,0.006023533
129690,0.0044182786,0.0038266135
55815,0.03262291,0.008772631
17549,0.004092991,0.0014778821
26131,0.0039777313,0.034187663
62218,0.01177866,0.007721529
96437,0.00090137153,0.026750652
34705,0.0008802405,0.0124309445
48946,0.019683326,0.0009414989
101227,0.010949648,0.020464957
122917,0.003582861,0.00868672
17541,0.0030556559,0.0028678258
102236,0.009058539,0.015786275
10035,0.01180769,0.0072442694
87745,0.0042492314,0.0010629483
19847,0.0026142548,0.0038334436
5334,0.07256742,0.07213178
48612,0.010155637,0.010775049
65607,0.0036148776,0.081814684
85854,0.019141605,0.006831897
148887,0.004274844,0.015369631
89616,0.0024537456,0.010247844
55397,0.0056225266,0.038386956
12924,4.7384437e-05,0.0012648656
105296,0.00051994814,0.003985415
116115,0.009293326,0.004409741
20644,0.0033169107,0.0012328492
134695,0.010650826,0.014194839
138897,0.0066005243,0.01728977
63928,0.0018650686,0.0054073753
130614,0.0026774341,0.00063776894
90927,0.021650847,0.046821818
82655,0.0055051316,0.0041331183
98547,0.012608528,0.022125544
112679,0.015864821,0.004167269
11342,0.0025544907,0.0033169107
309,0.0069377646,0.019199664
58452,0.0011321038,0.016240483
125739,0.0053395005,0.0057091834
96929,0.0017835331,0.007987052
85746,0.0018842785,0.024316328
122649,0.019446405,0.0033391088
33261,0.007313852,0.0032486087
64414,0.006926666,0.012134685
43106,0.016847942,0.036724657
75167,0.022400886,0.00087970705
105847,0.014519702,0.024827098
69684,0.00944786,0.018061157
97712,0.013562194,0.0105628865
21712,0.006959109,0.0024989955
4874,0.014248628,0.014622581
131308,0.012549192,0.040383935
20577,0.0014744671,0.0066099158
14637,0.0051397174,0.026457597
40354,0.002915637,0.017681655
137386,0.0108950045,0.0025177782
37593,0.008489071,0.002550222
119669,0.005777486,0.0107695
49095,0.00686434,0.014390355
70880,0.0038757054,0.037324008
79188,0.0035687734,0.0032494625
87398,0.010958612,0.22295499
17144,0.0022949434,0.036862537
49835,0.011128939,0.007039364
17931,0.00069155655,0.01290052
94847,0.008478827,0.020582777
91669,0.0027619577,0.0056741796
3712,0.0026945097,0.006798173
8460,0.0024639908,0.041258626
59963,0.0008691416,0.008238063
46828,0.06842874,0.17178968
60785,0.048244853,0.10709174
121366,0.007964854,0.032118972
86513,0.0016827879,0.0046752645
115015,0.0018381746,0.007687378
73943,0.010197473,0.00460184
121236,0.053504318,0.06467768
54242,0.0065732035,0.004820833
126551,0.0016554671,0.0122251855
26958,0.007083759,0.002444354
11951,0.0027192691,0.0026484062
8217,0.069922425,0.099912204
29590,0.0013156652,0.010924888
120778,0.014374774,0.02689622
63884,0.030203104,0.003775387
147840,0.04549847,0.051585883
103515,0.008323013,0.04555695
49737,0.00527376,0.0039205286
111258,0.05083371,0.02009271
69653,0.018622512,0.028210392
115889,0.016985826,0.019304676
128299,0.008909982,0.0022454248
62948,0.006005017,0.010712298
33844,0.0005865425,0.0054154866
30848,1.15259445e-05,0.005202043
121062,0.0008004127,0.012814715
122586,0.016254997,0.045920234
75673,0.019971902,0.034946244
46382,0.00026979248,0.0127835525
73399,0.0002066132,0.01850469
13339,0.0042710025,0.026272751
136190,0.015450742,0.0051623425
36952,0.0036620486,0.012665305
122982,0.0014590992,0.047347747
50648,0.0047470215,0.025673764
108288,0.0076587764,0.0045693964
21400,0.0043858355,0.00162217
43534,0.010098861,0.0147540625
69241,0.004054571,0.004066524
6441,0.007952476,0.01728753
39439,0.0064067175,0.009651058
14471,0.008821189,0.0064024488
47369,0.024652287,0.049897112
69543,0.0032981273,0.11198294
17543,0.032924935,0.18771498
117328,0.0049996986,0.017355513
143614,0.0017577065,0.020828024
605,0.008890346,0.0006808845
69956,0.010271751,0.023306316
9336,0.008049485,0.0031007992
117528,0.00951787,0.0047427127
64118,0.00083669816,0.006287189
99901,0.0006471604,0.020132838
35729,0.015858846,0.0024315475
93288,0.0057177227,0.039600592
38994,0.0010569718,0.0028276984
11358,8.057488e-05,0.009136499
73884,0.017422106,0.018569577
121413,0.013042247,0.019322606
32070,0.015502822,0.024507575
133294,0.004035788,0.009222464
55370,0.0075610196,0.0055555054
70490,0.001561552,0.0043738824
31336,0.0013626227,0.015659062
110718,0.027886134,0.22781232
32228,0.006472458,0.0046385517
147500,0.012216646,0.009348823
7790,0.011635226,0.032253012
74264,0.0035858494,0.0056451513
7113,0.00712218,0.012189752
81465,0.014513672,0.0053137406
45133,9.818397e-05,0.0014727595
134635,0.03648026,0.051842876
30661,0.0021318728,0.06604542
46100,0.00026808496,0.010510808
61372,0.01282795,0.008544354
71589,0.01703936,0.006077348
28442,0.006591133,0.011299694
147870,0.0022471324,0.0058116373
115162,0.0006659434,0.022803443
45354,0.015823843,0.0027457362
60242,0.0039060144,0.0035055946
71839,0.01170353,0.039556198
11134,0.012407891,0.0128621
39558,0.009736862,0.022106335
6847,0.002895573,0.004889989
53409,0.0023299484,0.003293005
3029,0.014594407,0.018880779
100038,0.011838426,0.030856237
9993,0.004516463,0.014059945
129232,0.01813042,0.046752878
54873,0.014217038,0.010716566
42793,0.0354679,0.042003542
68775,0.0041860524,0.00033211795
148335,0.0072825826,0.008004928
106572,0.0009613491,0.013239468
45771,0.02753079,0.005774498
121463,0.0070180194,0.023057869
560,0.0017305992,0.017825088
20147,0.0008051086,0.0015931417
27583,0.008791307,0.01208858
85237,0.002965156,0.016812513
5708,0.0070299725,0.016224261
26235,0.00010714858,0.009544763
95041,0.040215738,0.046566863
105255,0.0014053114,0.00069838675
148961,0.006388788,0.0038915004
22532,0.012651218,0.007245977
142506,0.0037028163,0.029570457
26902,0.012717811,0.0047435663
74828,0.0022070047,0.0017818254
123527,0.023657642,0.019148221
134916,0.0019022077,0.028674845
3596,0.005949095,0.0055879485
81787,0.014933355,0.013880653
84213,0.041369617,0.029935015
10828,0.012032232,0.003438146
78507,0.00030842572,0.0021581263
10016,0.02380748,0.006317071
80152,0.008874977,0.0015897263
123924,0.0076130996,0.0047546653
91006,0.0060716113,0.029995637
139504,0.03671967,0.0889564
16848,0.019802427,0.017189026
103228,0.009523846,0.025431357
124912,0.0025177784,0.015217662
88628,0.02338785,0.010653813
20168,0.0031854296,0.0047959667
122547,0.015625339,0.06613742
21160,0.001406165,0.0022804295
27770,0.0049160286,0.003855642
88106,0.009648923,0.16180182
27782,0.0014684907,0.013458035
137436,0.007045341,0.0044788965
132452,0.065057606,0.067992896
85359,0.015433666,0.007844472
98620,0.004654774,0.0073305005
124260,0.0027709224,0.0014027501
93035,0.006563385,0.0069185547
35751,0.0010941109,0.006729871
24015,0.008946267,0.002429413
75313,6.958255e-05,0.029085938
49885,0.008509562,0.017355511
127876,0.005791147,0.008914251
133000,0.005815053,0.0004939081
92531,0.009230147,0.020106371
132302,0.007461128,0.068786904
113844,0.005651128,0.07518937
25484,0.0067226137,0.012106512
90395,0.013116524,0.009827789
78557,0.007022076,0.0064440705
3389,0.00049775006,0.0076293224
28698,0.0035815805,0.011385925
36273,0.0046906327,0.00542317
91367,0.012366058,0.00736209
142332,0.0018441511,0.00672859
13684,0.012506076,0.0152091235
52165,0.031682268,0.027149579
22206,0.0034449766,0.0057655335
81630,0.006209496,0.015007313
7481,0.00046786797,0.0044046184
17733,0.0029805237,0.008361859
58934,0.0018390284,0.005481227
94365,0.014145322,0.0052532693
138470,0.0064408677,0.005356576
9300,0.022894796,0.08538603
47503,0.0066355295,0.0019483115
64932,0.005748458,0.008490779
66907,0.02358379,0.009059393
37473,0.001901354,0.004154463
77473,0.0014693446,0.003843689
15159,0.00736209,0.01749724
33376,0.011099057,0.013738072
15672,0.019875849,0.008724713
82712,0.0012951746,0.012414722
96864,0.012746842,0.026274035
53814,0.011313354,0.0014838586
44934,0.000603618,0.020499105
14424,0.004538661,0.014424505
87549,0.010806907,0.00030859536
88239,0.018718133,0.0033126418
108361,0.0042031277,0.0021335804
25186,0.0011133207,0.006385373
90275,0.0017604813,0.00048835855
49823,0.0016153398,0.03660726
36675,0.0054564676,0.0012874907
44046,0.008482241,0.0013703065
60500,0.006356345,0.025688345
23105,0.005335232,0.008226963
56732,0.008298786,0.00014663562
89279,0.01987457,0.03635497
27360,0.009487133,0.0165726
56851,0.009464935,0.011992958
8975,0.004488288,0.0020396654
32246,0.0014927165,0.0053801616
137539,0.007893992,0.010186372
35806,0.013351313,0.019442135
50671,0.0077189677,0.044306602
9519,0.009542202,0.01031017
86108,0.0054470752,0.0035670658
147518,0.0002723538,0.0129910195
15178,0.007882892,0.018209284
103023,0.017997976,0.070882276
16788,0.00842888,0.018125188
84846,0.0047094156,0.012961137
72223,0.002757689,0.0023914198
79990,0.0033075192,0.01118102
25819,9.306133e-05,0.0031700612
92926,0.003873571,0.010019035
85549,0.0021813917,0.0063076797
75955,0.0020038069,0.0017416982
121052,0.010153076,0.011417088
13676,0.0042833826,0.009236978
106524,0.00020575945,0.001678519
94136,0.012151867,0.029354129
25640,0.0012789528,0.014736132
77435,0.0032153116,0.002149802
99558,0.0031060285,0.019155268
53398,0.026074251,0.012999558
79543,4.439623e-05,0.009796199
117051,0.006281212,0.015922025
8676,0.0045096325,0.02045386
27328,0.0056297835,0.028223196
8083,0.024884945,0.0038234123
31507,0.0031990898,0.018166596
17307,0.010918057,0.026531871
122174,0.003660981,0.010879637
121324,0.011573755,0.04550359
88636,0.01265634,0.0029216136
59877,0.0069881375,0.01915356
58114,0.01081475,0.0028413583
21258,0.003311788,0.025412574
24771,0.00059764157,0.004005906
127716,0.009085005,0.036350273
47066,0.04491897,0.24113482
120269,0.021923197,0.005891891
70834,0.00031504245,0.00019380663
94190,0.0024063608,0.009140074
77271,0.021560347,0.015380733
141140,0.0072502457,0.013265082
52435,0.0043508303,0.00057715096
111673,0.011473863,0.020892696
65315,0.024090933,0.022373995
128681,0.10301057,0.19984527
131695,0.0014761747,0.022397898
14445,0.009825227,0.035643775
6981,0.0009792784,0.004046887
62213,0.081468046,0.051828355
73639,0.008203058,0.02404483
97469,0.0060805758,0.011229684
98626,0.00605571,0.23495859
21543,0.007031253,0.0015645402
136630,4.6103778e-05,0.030619958
86367,0.0030974909,0.013030294
114979,0.0072519532,0.065551095
90856,0.0700411,0.017969374
72550,0.0060421564,0.017902354
114156,0.004018286,0.0037574582
89208,0.0071956045,0.0029736937
140634,0.015595883,0.018526034
51116,0.010381888,0.017002048
76194,0.005476744,0.02122332
43991,0.011827325,0.0054598823
47840,0.0039068684,0.001765177
41672,0.010663632,0.013345336
91375,0.0008038278,0.014065067
96641,8.196227e-05,0.006804576
3098,0.0021113823,0.023702467
140364,0.006537985,0.0100841345
130822,0.012738303,0.0070103356
28481,0.014673808,0.0007641274
19828,0.003311788,0.001542769
120204,0.011447396,0.029931603
113153,0.006107043,0.0036447593
136371,0.0035995094,0.011942585
90321,0.003436439,0.00681226
117687,0.014340837,0.007858987
61508,0.008518954,0.002026005
112621,0.00011312501,0.016705789
72230,0.0045506135,0.004869925
81111,0.0038966234,0.015577956
3643,0.02447257,0.07154204
79486,0.00441401,0.0037130616
44976,0.0052840053,0.018517496
58605,0.00518973,0.014951191
6338,0.005016347,0.042966604
61972,0.008682879,0.03197127
136976,0.005498302,0.011203219
8924,0.01309945,0.001840736
44700,0.010495012,0.004971097
35695,0.0063904948,0.002808915
14259,0.02261065,0.056830835
15771,0.010410916,0.0036460403
148322,0.028416151,0.016494587
87918,0.0067098076,0.035487965
128845,0.006465201,0.0200513
75473,0.019915128,0.0096544735
66491,0.012885153,0.012105657
115352,8.5377366e-07,0.010568864
101536,0.0040562786,0.00483492
108056,5.208019e-05,0.00051994814
109240,0.0039666323,0.0027295144
73653,0.020220349,0.0047849743
86004,0.01752413,0.017446011
101642,0.0046779327,0.024389325
13657,0.00011269812,0.019568494
105143,0.022219462,0.016874839
76918,0.0012533397,0.018693376
34276,0.007851303,0.00802718
71821,3.4150948e-05,3.756604e-05
23056,0.0028789248,0.008241477
37797,0.008036572,0.028948054
108290,0.0053446223,0.007645543
69024,0.0037770947,0.006709807
33916,0.0027474437,0.001263585
49328,0.0035884108,0.0008973161
54421,0.001191868,0.0025243952
138496,0.0045489054,0.010639726
149212,0.010517637,0.0004277406
70870,0.0027431748,0.00014770284
60354,0.012196156,0.027059505
36581,0.005639175,0.0015197172
50241,0.0023811748,0.006294873
20197,0.03139497,0.021934299
36065,0.06775514,0.07423391
55802,0.0034236324,0.0037053777
76554,0.0071016895,0.0061394866
74622,0.009067076,0.014999095
114565,5.805661e-05,0.016493201
42716,0.0145419,0.034888186
33535,0.004198859,0.006933496
113527,0.009313817,0.0009357358
115657,0.0025305848,2.9028304e-05
91815,0.009529822,0.001821953
133288,0.008807529,0.06342945
119016,0.010975259,0.0075601656
106881,0.0020900378,0.009450421
37525,0.0122234775,0.017279524
80062,0.0059677702,0.053972825
135232,0.0018970851,0.010079652
123652,0.012072359,0.004817845
107599,0.010775478,0.03053949
54494,0.01148667,0.0024870427
87434,0.024129355,0.016950822
109498,0.0073982687,0.013831134
30479,0.0069655124,0.032252587
15172,0.015989367,0.030718673
114602,0.0072621987,0.02691607
75040,0.017072912,0.0056989393
114401,0.0054889107,0.0065091704
39047,0.018336495,0.0077795857
26370,0.0054406724,0.0005845148
69869,0.003719038,0.009248076
149363,0.0013703065,0.018363817
85762,0.004155316,0.003082123
26845,0.03150767,0.023201302
112978,0.0033015427,0.016715182
120309,0.006582167,0.0007099127
103859,0.008032302,0.00022539624
66153,0.011987837,0.025401477
120280,0.005653689,0.003288736
44662,0.0076472512,0.018904684
6242,0.00889376,0.022231413
139091,0.008148843,0.010558192
43166,0.0015944223,0.0044012032
133355,0.007947779,0.028356815
123013,0.005179845,0.0052600997
137201,0.0019414813,0.008540299
8667,0.015843477,0.00021002829
108713,0.011951658,0.034746565
149533,0.00020149056,0.0082406225
2845,0.012774161,0.0112591395
41361,0.0017459671,0.00019636794
126275,0.009869837,0.023344947
149495,0.023795955,0.017805131
93233,0.0070128967,0.012151761
44652,0.009695454,0.008998774
2979,0.0007035095,0.010557766
94804,0.00904317,0.017333312
77777,0.01744537,0.038787372
69880,0.0028174531,0.034763113
23101,0.010951354,0.008297826
5355,0.0009647642,0.014895362
27224,0.020563994,0.010421162
133444,0.018292954,0.0014129954
126429,0.004503656,0.002663347
136879,0.013099449,0.018701058
31581,0.015885314,0.007992176
8378,0.0085138315,0.0040041986
2139,0.0006510024,0.00048323584
16533,0.004097259,0.0028891696
11582,0.0036268304,0.0012208963
46679,0.0020913186,0.0026052904
136010,0.0026304768,0.004778571
113466,0.006167661,0.012454636
112653,0.016592238,0.014575624
35749,0.024935314,0.0052011893
58583,0.0041143354,0.001090269
33502,0.009661303,0.01355878
89496,0.009667279,5.421462e-05
89153,0.010902689,0.00042219108
3352,0.0005097029,0.0011175898
96171,0.012870639,0.017307699
123395,0.015897373,0.042956356
98614,0.012333614,0.010053186
68138,0.0011483255,0.001184611
53864,0.003937604,0.02365636
15335,0.038275965,0.006314083
93684,0.0031487173,0.0054223165
47078,0.0039640707,0.006570642
111793,0.031087393,0.019163484
36916,0.022649122,0.021672832
96508,0.003918821,0.0041971514
30467,0.0013668917,0.018983657
110514,0.0007257076,0.025492828
135168,0.00559051,0.027395893
113856,0.00545476,0.024886651
87625,0.0020012455,0.0020541793
124422,0.0077795857,0.0015393539
131073,0.0011709506,0.0019329436
83869,0.011331284,0.012946624
137779,0.006933496,0.024798712
146949,0.0168774,0.008655984
45402,0.005996906,0.0055700196
78106,0.0038453965,0.00010586793
73044,0.004200139,0.022351794
121209,0.0024522513,0.04039055
127469,0.004941642,0.005352307
139900,0.008955658,0.04838423
90031,0.0051875287,0.110200256
36650,0.009933656,0.002312019
73620,0.0017434058,0.00650234
143414,0.0043354626,0.009013289
129325,0.0012584623,0.00063606136
48362,0.03358106,0.006884404
127350,0.0023290946,0.075856164
33475,0.0036831796,0.0016640049
16348,0.001474894,0.0055209273
102649,0.008753741,0.0034082644
99385,0.0014616603,0.18950924
29509,0.02652675,0.00992768
13748,0.0011722312,0.017352095
119073,0.0010168443,0.018506397
121336,0.008261114,0.007788977
47371,0.009250637,0.01997489
60227,0.020024408,0.0155420955
68321,0.010677293,0.0048972457
39506,0.00020149058,0.01643429
121897,0.010669609,0.011940879
147661,0.007805199,0.008815214
22490,0.06209159,0.01792754
84849,0.0037369672,0.004513901
66417,0.0111903045,0.03392988
116131,0.0085957935,0.0027824484
9131,0.0024853349,0.006579179
130632,0.0038727168,0.0055307457
68402,0.009909324,0.0040063327
130741,0.016864112,0.16545211
107609,0.01672628,0.022953704
124381,0.00027747644,0.005446222
109593,0.0023871511,0.0067046843
145505,0.011554973,0.014596968
46808,0.0070957122,0.0066743754
65579,0.0029241748,0.004259477
60681,0.0087195905,0.016700668
140044,0.0073868497,0.027820216
76333,0.0050536995,0.007765925
90853,0.0074414914,0.003933335
87022,0.00057117455,0.028082326
41577,0.0033604526,0.024641614
96519,0.013235199,0.0022889671
61843,0.012212378,0.013581831
127060,0.031939678,0.010353712
17717,0.0044763354,0.001301151
33103,0.0023017738,0.008884368
130575,0.00089902367,0.003959802
76741,0.0036883021,0.026448201
8884,0.06582729,0.059420552
38254,0.0008204765,0.004571958
141964,0.008932393,0.016090432
134860,0.0056972317,0.04287012
16588,0.035496715,0.008974441
46642,0.0012490707,0.025969235
50756,0.012500101,0.01578286
135011,0.015192049,0.035545595
95598,0.011241211,0.013803385
124159,0.010060869,0.08434014
49859,0.0013122502,0.003829175
66578,0.014246921,0.0032648304
47464,0.0011765001,0.0066594346
143991,0.0060933824,0.023314
122080,0.020283954,0.0011837572
121610,0.003933335,0.018666053
2152,0.0056494204,0.009111046
5694,0.0007163161,0.0006685048
41662,0.00346504,0.0026573704
77840,0.021778487,0.003623415
29649,0.0074969865,0.0052490006
43900,0.013480232,0.0028985615
107673,0.011912918,0.023493933
95726,0.0059362883,0.01918515
7747,0.021785742,0.01426485
144765,0.45685488,0.106756106
87224,0.015006326,0.021467313
24566,0.0070069213,0.0073424536
28318,0.002801658,0.008775939
83692,0.0017032784,0.014310954
122760,0.00958617,0.005650274
77695,0.010578255,0.009582756
95614,0.048444472,0.19991869
62732,0.00017160851,0.009826082
130221,0.029494468,0.0060643544
62694,0.010261505,0.025101375
39902,0.0093001565,0.0004285944
67331,0.0044464534,0.004693194
120982,0.00069454487,0.0019756323
134094,0.0030590713,0.00921307
38767,0.0036261901,0.009646362
129432,0.013275326,0.0059875147
16538,0.042658817,0.010515075
48540,0.0006535637,0.008946267
98696,0.018751804,0.02246049
60723,0.005307911,0.0035593824
63909,0.005462444,0.0029062454
106199,0.010978249,0.014344251
8916,0.0010364812,0.01019235
77721,0.0013967737,0.013605738
2821,0.008711906,0.0044524297
15067,0.0039649247,0.015266327
51699,0.003946996,0.015297063
20571,0.012251225,0.13121416
135983,0.016926063,0.004001637
9538,0.013300087,0.005482081
127600,0.0022087125,0.00027747644
124120,0.008551397,0.042786025
145763,0.0003952972,0.0055025714
43597,0.009181483,0.015961299
121475,0.005008236,0.012179082
18023,0.024677474,0.004715392
44489,0.005246439,0.022311669
95079,0.0005182406,0.0067729866
124644,0.007291227,0.004820406
94647,0.019288454,0.0013754293
63551,0.00785984,0.013239468
96154,0.0128253875,0.014894935
26937,0.0029058186,0.036848027
102146,0.012749402,0.015189914
23340,0.0006130095,0.0011508869
50795,0.00192654,0.00091802015
127699,0.00495701,0.011491794
1400,0.0011628397,0.0023632452
53213,0.02326768,0.012863593
145987,0.015213393,0.00707693
12602,0.0027433883,0.007815231
97330,0.012069797,0.011654009
2902,0.0021946249,0.0026155356
102574,0.027732281,0.009726189
22390,0.0106260665,0.0056707645
6379,0.0019064766,0.010265773
49719,0.0031316413,0.007752691
71584,0.003534943,0.20123738
111314,0.013008096,0.006413548
5351,0.009933443,0.029909616
30724,0.010608993,0.01835016
9163,0.025152171,0.01973498
80201,0.020258343,0.007683963
139964,0.0048861466,0.0059542167
83313,0.01640953,0.05260657
7212,0.017990718,0.016514545
114068,0.0036763488,0.021775924
91685,0.00032358023,0.010196619
60254,0.003474005,0.0004943349
28156,0.0026125475,0.0009784246
7177,0.027818939,0.0020242974
44552,0.045497615,0.012524112
81569,0.00061429007,0.029896168
30665,0.0022309106,0.006706392
136824,4.9518872e-05,0.0051162387
148810,0.0037429438,0.011795737
135701,0.063412376,0.12837704
11900,0.016290002,0.005736505
93228,0.00193892,0.0036541512
20702,0.06877068,0.015679339
113125,0.015703458,0.0037890475
113528,0.0010512088,0.033560567
44747,0.015493644,0.0039452882
139746,0.0050338493,0.0005421462
71504,0.068997994,0.015183084
76390,0.0006394764,0.008405401
56170,0.017455405,0.015596737
132531,0.019621426,0.0023380592
143061,0.010433541,0.00042005666
118947,0.011757318,0.041036643
109169,0.019421216,0.0007493998
135643,0.003221288,0.007852157
89338,0.008522369,0.006978746
37733,0.033566967,0.022286907
75033,0.021184687,0.0042142267
127839,0.020150768,0.014885544
86854,0.01189819,0.0062112035
8257,0.008708491,0.013152383
143177,0.007370628,0.011792323
49465,0.004564274,0.017575786
9968,0.027015643,0.0028373033
146802,0.003496203,0.004262038
124414,0.0047947923,0.0082013495
19253,0.008617992,0.0016375378
136577,0.011180165,0.013593784
21338,0.0051721605,0.008160368
136968,0.0035218163,0.0048904154
117335,0.039663773,0.03317594
61886,0.0044037644,0.0012473633
117495,0.01610217,1.4514152e-05
95850,0.001120151,0.024228388
91567,0.004806746,0.026555778
33671,0.013356009,0.00074022176
102585,0.044101696,0.013866779
79580,0.009455544,0.012027963
36340,0.0014151299,0.004469078
4253,0.0054560406,0.005213355
57077,0.0005575142,0.0068242126
138693,0.0023803208,0.0030949295
87032,0.1760168,0.011367141
13589,0.007857279,0.010803652
90327,0.004998844,0.005581972
60011,0.024551969,0.03394946
13056,0.0038821087,0.004652213
143503,0.010892871,0.0123481285
58854,0.0075161974,0.07159326
49081,0.003530354,0.0023683682
39744,0.0043585147,0.001051849
64122,0.0013210013,0.020461328
64436,0.017638965,0.013589516
50493,0.0014377548,0.00016307077
105346,0.0018437242,0.025894532
124334,0.01197759,0.0032622686
81363,2.4759436e-05,0.0044951183
77107,0.011288595,0.014473171
35765,0.006213765,0.014315223
114430,0.008281872,0.018684356
53608,0.009469205,0.019978305
148731,0.0060259346,0.0194225
119848,0.023211544,0.015094718
97212,0.009184897,0.006797746
66440,0.025007885,0.010909519
89001,0.0008076699,0.0045454907
142987,0.001154302,0.005296812
4369,0.022041874,0.09219406
127460,0.00089304725,0.00072357315
70945,0.0052566845,0.00091866043
23741,0.019880652,0.091279976
68452,0.009340283,0.025196569
72857,0.005097029,0.0030974904
92794,0.01602277,0.007144805
105291,0.0023999577,0.0076574967
72310,0.031128164,0.035820186
21805,0.011023925,0.02707146
28083,0.00060746,0.007269029
127652,0.0074820453,0.0017519435
99553,0.026241163,0.008507428
5774,0.0011713774,0.00184842
51097,0.007346509,0.04567312
25321,0.011633521,0.0033698448
144225,0.005265649,0.00035858495
65415,0.00867434,0.011928924
73125,0.0039393115,0.014329737
2275,0.009807298,0.005511109
46478,0.014531228,0.062159892
32004,0.01655467,0.00828502
4010,0.002135288,0.009125134
110375,0.0022642077,0.0060592317
94050,0.0055555054,0.0070846137
23252,0.01217588,0.020047035
110646,0.0037246943,0.030968508
98252,0.009060246,0.002653528
66079,0.008067307,0.017138653
122205,0.005032142,0.020942215
108354,0.003979866,0.008024619
132814,0.006928373,0.035798736
104605,0.00071119337,0.03498765
46710,0.005356149,0.011497343
5406,0.025354518,0.014360473
101907,0.0023828822,0.010096727
41945,0.0038769862,0.00073509914
33014,0.0042748447,0.0039785854
77217,0.0019064766,0.015790544
37620,0.017882291,0.03224533
88187,0.0006505755,0.003637076
129800,0.0005071416,0.0068634856
36874,0.009111046,0.0010945378
96294,0.041182637,0.017565541
23253,0.014480748,0.15844855
50086,0.0071563306,0.0160915
59768,0.011144307,0.0038633253
120846,0.0015508798,0.0019969766
90229,0.01591306,0.03685059
43803,0.0055081206,0.006302557
52304,0.027322467,0.0026501135
136282,0.008811798,0.007088883
99965,0.005318156,0.0015017877
65780,0.0097831795,0.007942444
94156,0.003957027,0.020176593
23361,0.0008085237,0.011122964
80333,0.0086572645,0.013769661
108446,0.014142761,0.012085165
101898,0.03992332,0.01718134
28068,0.003670373,0.014906034
145860,0.0049510333,0.028251378
16915,0.0020879034,0.010362678
132796,0.0011961369,0.011255726
123965,7.5132084e-05,0.04793429
80816,0.017399482,0.023888217
2500,0.018301493,0.026156211
82521,0.0035978022,0.009663864
121875,0.009066223,0.005568312
103755,0.0021967597,0.009094397
89522,0.0070670047,0.012594763
4303,0.0038240522,0.009352237
92994,0.010170579,0.006047919
57801,0.032607332,0.014498784
91544,0.0079340115,0.06081303
10729,0.011281764,0.016305368
132201,0.0020584483,0.032779794
3702,0.014599529,0.0050987364
67779,0.02044788,0.006083991
7931,0.012793798,0.0010194058
95360,0.0071755406,0.0062616826
145230,0.004209958,0.019370418
26054,0.00021130899,0.01680312
128467,0.00068984914,0.005274614
24646,0.020381287,0.026311602
142556,0.0066116224,0.0023564154
66900,0.007597732,0.008129633
125525,0.0070141773,0.008839546
94033,0.0023709293,0.005844081
37868,0.0023489448,0.014908597
126978,0.020219497,0.013196354
112955,0.0059533636,0.01077804
85522,0.0038035617,0.02431889
49135,0.008043401,0.1386918
140070,0.0014770282,0.004168123
96831,0.0010424576,0.010044648
127891,0.005741628,0.000648868
37826,0.009663864,0.008702515
37189,0.0124915615,0.022673665
126499,0.011742803,0.023859559
137883,0.00053190097,0.0062103495
143754,0.0013310332,0.014021525
52471,0.018356133,0.066008285
57603,0.008209034,0.008750326
39310,0.0008623114,0.0071093733
145043,0.013154944,0.0009673255
79233,0.0026654808,0.00019380663
43193,0.011646326,0.0036054861
37842,0.009376996,0.034669194
30489,0.0021079672,0.11622026
111013,0.00293442,0.0035534063
3256,0.002847762,0.00018142688
66208,0.04697507,0.050080676
129622,0.009667279,0.0064058644
22241,0.035805993,0.0019175758
31546,0.000852493,0.031977672
62740,0.0043849815,0.0003372406
131734,0.026496442,0.03641516
123484,0.0033211794,0.009765463
49938,0.0030569367,0.049267884
73461,0.003692144,0.00060703314
75563,0.0045369533,0.006083991
61797,0.0058039534,0.0017254766
136101,0.00021696523,0.13515846
3683,0.0026351723,0.01243484
146682,0.029667784,0.099444345
73173,0.060782753,0.13940984
65900,0.030763172,0.01275111
144947,0.00053190097,0.012819412
110254,0.012041623,0.0070965667
135949,0.0020524717,0.013173726
17641,0.0022772278,0.029101735
22234,0.013104573,0.0056511285
103594,0.00019209908,0.014462072
98980,0.019828038,0.009136232
17065,0.050107144,0.07998631
58012,0.019161241,0.023037374
24812,0.0137175815,0.005865425
4231,0.0069074556,0.021337513
14464,0.020294202,0.0048630945
95062,0.007934973,0.0017305992
34436,0.028847307,0.63886094
144831,0.016316043,0.010213695
104930,0.008102312,0.007922166
79420,0.0038910734,0.007928569
14805,0.024430254,0.0098561365
119821,0.004673557,0.00041578777
99649,0.0016571747,0.031104686
9991,0.0017186464,0.0022735992
49123,0.013703067,0.0064340374
45672,0.0075354064,0.006790062
17441,0.0011141746,0.0071921893
145934,0.0097552175,0.0007752265
77952,0.012985684,0.001016044
113391,0.01586824,0.006933496
97084,0.01090952,0.00491859
102340,0.0065168543,0.018666053
91347,0.0015735049,0.019703388
109576,0.01859348,0.02409093
106816,0.0019320898,0.04004968
87901,0.008051085,0.021612428
26540,0.007984491,0.004328632
54770,0.0019030615,0.008936449
1246,0.013753707,0.096395575
101561,0.00059849536,0.0021711465
87446,0.0116027845,0.02410374
132322,0.0022735994,0.0016614435
68405,0.0003312642,0.005251561
117295,0.005095321,0.0077761714
54857,0.0132733,0.007358142
112284,0.043651227,0.21867543
26520,0.004232156,0.0106883915
64232,0.006484411,0.0048451656
84559,0.026483206,0.022822224
136872,0.007305527,0.0017350815
37791,0.0022582314,0.024972027
108357,0.00045164625,0.002308604
147014,0.0024597219,0.009164407
122123,0.004519878,0.021403251
3044,0.008405401,0.0367413
21953,0.00831234,0.002172854
124416,0.009589586,0.009482864
85266,0.005586241,0.026307333
112832,0.034053624,0.021809649
125172,0.0026817026,0.0037181843
117743,0.00027363445,0.036655076
1570,0.013437116,0.001082158
54403,0.00013873822,0.023100553
63041,0.0059768423,0.00013105426
101113,0.005838958,0.01220128
116756,0.00920496,0.08624663
119462,0.0027525658,0.0068933684
68853,0.0050804866,0.022368817
12853,0.002820868,0.007740312
28748,0.00521485,0.016440054
57411,0.0055128164,0.008128779
861,0.0022977183,0.041557446
37536,0.0010309317,0.013256117
141286,0.025492828,0.021859167
113270,0.026929732,0.0124317985
50678,0.2589727,0.60157466
52657,0.016470576,3.3297172e-05
30195,0.005093667,0.18453471
17835,0.0075354064,0.026743611
14428,0.012095411,0.0044105947
57328,0.09562325,0.018444497
90983,0.0030206512,0.012115902
51532,0.011779514,0.030179195
110500,0.0021813917,0.013875529
56853,0.012338736,0.04401034
149141,0.015791398,0.010382742
141436,0.009939633,0.03897136
59171,0.0017525839,0.007088456
108898,0.011357751,0.007498694
127869,0.0036825393,0.045888107
36630,6.189859e-05,0.0062491964
73062,0.0005750165,0.0146089215
97227,0.0037561767,0.008936022
146886,0.0002010637,0.0011188703
127886,0.02173585,0.08350687
39861,0.017326696,0.037809268
86193,0.009140074,0.022586156
4278,0.0066970005,0.0060498402
74527,0.001840736,0.010946232
112680,0.0056972317,0.022462787
31623,0.0033075192,0.004638552
73557,0.00020063682,0.0001976486
47087,0.001516302,0.0065732035
112018,0.0049775005,0.00967539
22020,0.017784106,0.00937785
83642,0.004907064,0.0008080968
96873,0.014607213,0.076947294
85997,0.0063802507,0.018345887
57883,0.0020533255,0.0045625665
107240,0.0066602887,0.0030727314
84933,0.0016379647,0.022688821
140499,0.0021229081,0.026745532
76211,0.005385604,0.013649279
140374,0.012284095,0.012990166
23268,0.006329451,0.0020114908
130125,0.0060370336,0.0076293214
17934,0.0022172502,0.0012840756
49903,0.0034987645,0.02463991
94120,0.003028975,0.006187084
137005,0.008099751,0.004267161
56,0.0101897875,0.020695476
78057,0.00867178,0.024226684
72245,0.0033476464,0.0045847646
13687,0.003152132,0.01524669
99337,0.008670071,0.008832289
61870,0.0012132124,0.0390815
29823,0.014934209,0.008775085
41297,0.00025997407,0.021085223
129080,0.0015470376,0.008031448
22841,0.007883746,0.009200265
89632,0.009804738,0.022236325
128926,0.002183953,0.025627725
20613,0.0025092408,0.005930312
43307,0.0058748163,0.00261084
20438,0.014614898,0.00153167
5144,0.0027739105,0.012323368
103790,0.02474663,0.06353105
47275,0.011917826,0.022317642
91485,0.005935221,0.027244348
8332,0.004571958,0.0054914723
68279,0.002844774,0.0047999155
103564,0.0022539624,0.012101389
58202,0.003096637,0.0054965946
42244,0.00307017,0.009865355
147540,0.007623345,0.006684194
108124,0.0009681792,0.01379442
26988,0.000558368,0.004405472
129751,0.01895719,0.031764656
139280,0.008130486,0.0061958353
51785,0.008250015,0.0194575
97906,0.0018492737,0.0014155568
138666,0.009315524,0.014230699
14962,0.028018294,0.0058184676
116682,0.016692983,0.04110153
118575,0.003780723,0.044565294
125687,0.020908918,0.018773627
130030,0.009055125,0.016576016
118675,0.009818397,0.014611162
127858,0.013224954,0.0039563873
94706,0.0021754152,0.013804667
142571,0.0028810592,0.0034065568
85186,0.0012815143,0.003242632
92091,0.002486189,0.008384058
146788,0.003144448,0.001731453
80014,0.005067787,0.00067277363
72765,0.0026671889,0.0025638824
49539,0.008466873,0.0112484675
146869,0.031680986,0.012886006
13723,0.023816017,0.0010330661
97940,0.0042466703,0.0057015005
45479,0.004851142,0.0028994149
14197,0.016233655,0.019322608
51873,0.0024317608,0.0048193387
134336,0.017225739,0.021060036
53898,0.008944132,0.046470918
144110,0.019851092,0.0079725385
36828,0.0017895096,0.018426998
59620,0.0014309247,0.010237173
16680,0.004842604,0.013265082
53289,0.013967311,0.0012815143
29587,0.010270042,0.0044566984
45619,0.01893627,0.020061975
130300,0.009928534,0.021740492
146006,0.007238293,0.006234255
32041,0.0024925922,0.0054479297
42668,0.0010083066,0.019979157
125647,0.0021472406,0.0059277504
146631,0.009408586,0.007908506
146567,0.0029403965,0.0007752265
53807,0.0074773496,0.015753832
82965,0.012673416,0.010302487
131591,0.014532935,0.0009331746
130377,0.0036191465,0.0056630806
88162,0.0020422265,0.0037164763
104701,0.0049245665,0.0030957828
13544,0.001346401,0.002814038
142799,0.00058974413,0.0128409695
23257,0.00026488327,0.011511004
103424,0.0037830712,0.0017895096
128579,0.00022112738,0.0015632595
50810,0.07374862,0.062990405
42961,0.01723513,0.010856586
75380,0.0005549529,0.002282137
83322,0.019622281,0.036558166
79727,0.011005142,0.003538038
102386,0.003123104,0.0038086842
97321,0.00024161795,0.007053878
25641,0.0155771,0.0040477407
42779,0.034445293,0.020611485
122331,0.0071990197,0.005032142
120220,0.027383942,0.006924105
95435,0.019799866,0.02251572
33005,0.022369724,0.008111703
67123,0.004181143,0.07517998
49707,0.013885776,0.005219972
59218,0.0056451513,0.0010663632
24024,0.0017485284,0.029325424
74074,0.00073083024,0.0077266525
12586,0.0063008494,0.050032865
61107,0.00022496934,0.032469444
63656,0.0066363825,0.0059422646
99602,0.00426588,0.0012029671
15340,0.018131595,0.03553407
67672,0.00045506135,0.004643675
133058,0.0058329282,0.0014010959
104028,0.010883054,0.0093411375
30929,0.0020314476,0.022360759
98684,0.008156099,0.0033988724
133601,0.014842001,0.0057279672
90665,0.0005293396,0.014458657
125643,0.045783773,0.21421534
89478,0.04177772,0.0015799082
123653,0.008826312,0.040256295
37496,0.0040921373,0.042704068
123747,0.02554064,0.022211777
29864,0.0029625942,0.010088189
58373,0.0032562928,0.006026788
70312,0.055591583,0.1929289
19391,0.009536652,0.016991803
52264,0.0074867946,0.031024594
52639,0.0031111515,0.017131824
99855,0.001954288,0.0062291324
111751,0.005254123,0.010017326
37955,0.04884271,0.20350464
104351,0.018573847,0.06511651
41434,0.004931397,0.007520038
85497,0.015765037,0.026724827
27048,0.0031128589,0.00542317
7435,0.024198297,0.024060411
145278,0.0042184955,0.0025442454
80003,0.0023871511,0.004639406
111267,0.0017143775,0.013662087
1227,0.0076259063,0.011356897
7910,0.015808474,0.0075601656
30317,0.0073996563,0.01894524
136119,0.018660078,0.012843316
15654,0.013786524,0.011349533
63442,0.008412232,0.016366843
108855,0.0022300568,0.0017741417
422,0.007204996,0.00372843
37057,0.01183245,0.016939295
148071,0.003608474,0.01226275
58170,0.0022642077,0.006618453
81891,0.013687913,0.011667457
131171,0.011954646,0.03574527
85478,0.004106224,0.0039047333
48155,0.006092529,0.07862475
8687,0.02706975,0.043542903
7475,0.006590279,0.0030415687
25706,0.01148411,0.002795255
42345,0.017977059,0.00074107555
81648,0.0047392976,0.0050381185
71849,0.0014176911,0.008808596
65303,0.004904076,0.014415114
105945,0.010126608,0.014776261
8469,0.005836396,0.0134059535
88129,0.0076028546,0.0067721326
143369,3.2443397e-05,0.001414703
71713,0.01109607,0.006916847
127865,0.004166415,0.011838425
64652,0.051234826,0.2130387
6111,0.009040609,0.010778038
48919,0.0052404627,0.009973785
66932,0.01319774,0.037238948
132982,0.01724623,0.027284259
137731,0.017973376,0.0058405055
54204,0.10112158,0.010137709
44771,0.000577151,0.0020874767
135339,0.005622953,0.0022044436
24644,0.018926028,0.0041860524
63961,0.007011189,0.007520038
88297,0.009232709,0.009561411
91551,0.010412623,0.00338692
15253,0.0010680709,0.0027551276
28431,0.016309425,0.08014672
43158,0.0024426465,0.008639336
142644,0.0017878021,0.0076250527
148683,5.442807e-05,0.034624796
113700,0.004059694,0.009956495
66271,0.009408586,0.0030240659
69719,0.0042396267,0.019044703
32270,0.0029941841,0.010311877
141295,0.0054743965,0.008444675
59393,0.00019722171,0.0024230098
18980,0.00010501416,0.009181482
67200,0.014308393,0.0018006086
146875,0.0049397745,0.009507624
124358,0.00415617,0.014125685
59016,0.010030987,0.013700506
30505,0.017753031,0.008156907
121105,0.0070128967,0.0829677
7442,0.0070521706,0.012996569
62338,0.0045668352,0.019287601
108303,0.0007615661,0.014848831
20937,0.0074175857,0.007514062
8020,0.0030940752,0.0064092786
12011,0.005025312,0.009613492
8653,0.0065524997,0.025800403
82724,0.003183722,0.004680387
8969,0.023060855,0.020339878
65678,0.007600293,0.02070572
51788,0.0045454907,0.003519255
5713,0.0051055662,0.006422085
147942,0.007290373,0.005628075
33272,0.005392435,0.017375149
5306,0.00011782077,0.084870346
141837,0.010462781,0.02496477
127974,0.0057698023,0.0044601136
81052,0.0022174637,9.306133e-05
84379,0.008419917,0.010954769
92979,0.0025346405,0.06735202
130155,0.014883836,0.013170311
95728,0.0047999155,0.009916154
101676,0.0063981796,0.0004994576
54118,0.023894567,0.018675445
47866,0.0014855661,0.006635529
93606,0.0014125685,0.024423797
15434,0.003093222,0.012411308
48810,0.004466944,0.0064476985
67313,0.00242984,0.00078205665
134909,0.0063119484,0.016503444
71861,0.008686293,0.007450029
144283,0.010077091,0.010793407
137243,0.0052831513,0.0016819341
140645,0.0046189153,0.018674592
111186,0.0054644714,0.0098159425
70582,0.008062185,0.008128779
139595,0.015872506,0.01879668
145801,0.007465397,0.01008136
62298,0.012243114,0.0068669016
129574,0.009033779,0.0014326322
117572,0.019241922,0.020759081
91197,3.132282e-05,0.004628307
84387,0.008835703,0.013117378
121907,0.005755288,0.020491423
92768,0.0013455474,2.9882078e-05
139064,0.0028422126,0.0021591934
50460,0.00371605,0.024761999
136251,0.01751226,0.1660779
66002,0.009988726,0.0009131109
34389,0.0016640049,0.0029421041
90278,0.008086091,0.048522543
49499,0.0034415617,0.006239378
16682,0.002677754,0.007877129
99827,0.01054752,0.02053838
94478,0.0144133,0.05328394
122885,0.0018701912,0.0024411522
2311,0.0063495147,0.016004842
83009,0.0062223026,0.019662408
111628,0.0043132645,0.00010416038
68986,0.004745274,0.012027964
148611,0.009752656,0.010941111
67017,0.0055964864,0.008052793
99532,0.0060062977,0.004779425
4655,0.008130486,0.0052754674
15879,0.0043593682,0.0034372928
6848,0.00038729302,0.018392205
132786,0.016851144,0.0053130332
69596,0.018457735,0.026274035
9064,0.0027781795,0.007941803
140423,0.014243079,0.0049898806
37500,0.0003304104,0.001806585
14215,0.0030898068,0.013944685
92460,0.010112096,0.00078461797
46954,0.0057458966,0.0122038415
5312,0.003888939,0.0026227927
108427,0.0065241116,0.029237695
118789,0.00063264626,0.00012208964
100767,0.00844809,0.015437081
107938,0.004344854,0.019058792
58657,0.011189131,0.00564814
17544,0.020448761,0.17667817
6363,0.012541081,0.0117487805
47094,0.0015974105,0.0009050001
48783,0.014757478,0.020268586
55013,0.0068583637,0.009121718
135536,0.0019165084,0.01775401
65522,0.005996906,0.0064681894
77697,0.0008785331,0.018062435
129934,0.015818719,0.0040648165
97166,0.0036293922,0.0077753165
94456,0.010097581,0.011509723
61336,0.009241247,0.0016016794
80486,0.03366259,0.116441384
22976,0.011921242,0.030612916
2072,0.0033438045,0.0084391255
130821,0.009419684,0.0033903352
114053,0.004971524,0.01133726
61138,0.0022309104,0.0019226982
143774,0.002851604,0.005589656
8394,0.034960616,0.22827064
113636,0.013518652,0.02600979
36012,0.016872276,0.06076055
132213,0.01604689,0.013440958
109049,0.0013002972,0.0015786273
7063,0.011395317,0.016441973
63983,0.02761446,0.1244477
23712,0.010671316,0.00482126
98068,0.018263072,0.033348404
145886,0.0051098354,0.004416571
85678,0.002531012,0.008142012
108676,0.00010458727,0.011987409
15205,0.0025288775,0.028480185
140557,0.008351614,0.010507392
36643,0.007836788,0.017827647
149995,0.008997067,0.076695435
35699,0.00985084,0.010669609
29879,0.015676992,0.0031956749
122944,0.012904789,0.021065159
135817,0.0030240663,0.026187804
91025,0.007706161,0.0025963257
107800,0.0025792501,0.008763133
117975,0.0066564465,0.02015162
53361,0.0034680287,0.003855642
67671,0.022890953,0.028122026
60000,0.009076469,0.0047060004
80471,0.0015252667,0.019743089
134302,0.009322355,0.0038453965
127821,0.02166259,0.021258114
36998,0.053739958,0.10712322
14734,0.013837538,0.015991181
85781,0.0017109622,0.0080143735
35127,0.007825689,0.024822617
73803,0.00537109,0.0043576607
107495,0.0014659293,0.027018527
15464,0.0092591755,0.03350721
50766,0.008872416,0.040685743
43034,0.0011338114,0.019866461
17114,0.008317463,0.005661373
42588,0.005272266,0.007844899
66785,0.020178942,0.018881205
86964,0.0071732462,0.01735946
20368,0.08028759,0.06997461
77616,0.014169227,0.010365238
89678,0.013720998,0.0029822313
31138,0.00031248116,0.01420594
62118,0.004428524,0.004847727
113130,0.0077206753,0.009492257
136969,0.0055051316,0.016616996
146453,0.006434892,0.0051252036
103216,0.030830193,0.019533485
112094,0.003440708,0.02950386
138070,0.013492185,0.010009643
52609,0.0020080756,0.008849364
42905,0.0013762829,0.01811537
31945,0.0025476606,0.004308996
93779,0.016265241,0.011864039
121989,0.0053779194,0.013758562
62943,0.016334398,0.022243151
58146,0.0085851215,0.034679867
124982,0.0048408965,0.003342524
116043,0.0089992015,0.009160138
10232,0.010369081,0.002010637
125928,0.019716198,0.010354567
98291,0.0042159343,0.025344273
19700,0.009810714,0.017399056
112206,0.007905944,0.019734122
49363,0.00039273588,0.021417767
90017,0.018054752,0.017008878
130564,0.014158555,0.014220881
12035,0.0027205497,0.015954895
143536,0.0037455051,0.005737359
107543,0.0072143874,0.0046103774
1729,0.007461982,0.0141308075
18370,0.0065339296,0.003632807
105719,0.004241547,0.017026808
129864,0.0037401156,0.013788286
31839,0.0075149164,0.0054359767
41777,0.019676067,1.36603785e-05
51671,0.017611217,0.014838585
106409,0.03740853,0.013942123
44837,0.0005617831,0.18081082
39504,0.009372727,0.085798405
126987,0.007381727,0.005809076
67798,0.0012097972,0.009925973
138005,0.001810854,0.010527883
69130,0.011521677,0.023856146
11552,0.0040673777,0.004025542
117878,0.0014471463,0.01256328
130515,0.007986626,0.022861497
9625,0.028428158,0.05883616
49289,0.012082606,0.01203522
22187,0.013531032,0.00674097
19067,0.002145533,0.0019918538
41220,0.0034157345,0.28473967
149468,0.0018189646,0.00469234
60743,0.008442968,0.0009750095
48449,0.025364764,0.0147950435
126583,0.0073535526,0.014451825
132834,0.0016981558,0.00564259
147985,0.0003304104,0.0018987926
12411,0.012523152,0.000942566
38014,0.0042339303,0.006224237
125593,0.00533267,0.0011858916
83622,0.0145884305,0.011537044
29829,0.005714307,0.032839555
61397,0.009627152,0.016190963
67986,0.0016392452,0.0127220815
11987,0.0041467785,0.012853563
21437,0.0032153116,0.0046983166
13181,0.018815463,0.009794492
147542,0.0076959166,0.01889828
20535,0.00436193,0.00502702
14988,0.00037480664,0.011127233
27599,0.0019145875,0.025940208
27415,0.002025578,0.015649246
99159,0.00893218,0.0069795996
149976,0.0030582168,0.00904317
50683,0.0007137547,0.007835934
54167,0.011589977,0.013957493
33853,0.010551789,0.0010228208
2808,0.012916742,0.026593344
85901,0.008585548,0.010048063
26456,0.02559144,0.008911262
88650,0.0066321143,0.009437614
8733,0.003920101,0.004906637
91645,0.00419459,0.027823634
61859,0.0043324744,0.00042347173
18609,0.0022496933,0.0046957545
64972,0.005390727,0.01637794
76809,0.0030078446,0.014488539
90152,0.0053505995,0.013218978
50330,0.00083328306,0.0031427408
51967,0.04684743,0.041699167
44257,0.0010638018,0.009473473
97041,0.012042479,0.008341368
73121,0.009774001,0.0072442703
73861,0.0007530284,0.005482081
45860,0.014260582,0.02454258
42971,0.0023239718,0.0009698868
131280,0.032886513,0.019850237
27570,0.0018590922,0.02215479
137061,0.0044345004,0.00657918
71558,0.001966134,0.04095735
86401,0.0071759676,0.009061954
78290,0.010052331,0.0005617831
21273,0.0018117077,0.005353161
91201,0.03238108,0.08568485
72072,0.016165351,0.0053505995
145535,0.05310091,0.019209906
30035,0.0062513305,0.0015410614
146264,0.020741578,0.038494103
106695,0.0040221275,0.013106281
54841,0.008218425,0.0039051604
102656,0.013016633,0.00994134
101027,0.00031248116,0.01634635
47234,0.005777486,0.009684355
68431,0.0026134013,0.0010398963
19137,0.0062556,0.009895236
20743,0.004130557,0.008342223
47609,0.0036089013,0.0091763595
141860,0.002633038,0.0035405993
136284,0.011360312,0.0023350709
50657,0.007833374,0.029567892
23102,0.0024985685,0.00047277712
148799,0.04112837,0.043836065
111032,0.002403373,0.0014941039
132827,0.011021365,0.010317855
52558,0.010354781,0.03381371
32830,0.0056048105,0.0036325934
42283,0.025007885,0.0043047266
110162,0.023400232,0.0042910664
442,0.009155869,0.017720928
29905,0.0078692315,0.028363857
131455,0.0070193,0.0038308825
94619,0.016939724,0.022906749
36189,0.005446649,0.011318478
26056,0.003429609,0.017503213
11679,0.006607354,0.0076592034
10395,0.0032298258,5.5495293e-05
34839,0.0072553684,0.008853633
839,0.0013148112,0.00026979248
53135,0.008245745,0.0037365404
39474,0.0011910143,0.0058953073
2001,0.0069189817,0.01224653
14594,0.006563812,0.00093829725
70189,0.0010270897,5.720283e-05
46154,0.0044293776,0.00083456375
27307,0.0009160991,0.00855225
147193,0.009479449,0.007948207
100941,0.00049903063,0.006754203
60950,0.002229203,0.004032373
86090,0.0018057313,0.0065501514
94941,0.00046466631,0.019985987
108217,0.0047700335,0.0027098777
77953,0.022275811,0.021016493
32670,0.0035192545,0.039075524
137826,1.5367925e-05,0.016617423
88275,0.002963448,0.01225336
62365,0.012524859,0.024600634
125612,0.05958266,0.0192558
113651,0.008738373,0.09749857
19573,0.001256328,0.0009929388
43915,0.008641471,0.0056152693
143093,0.016926918,0.0022471324
140428,0.0027540603,0.039606355
33959,0.005058182,0.0027306883
10871,0.0066372366,0.011202364
65570,0.005488056,0.009271982
79218,0.0050825146,0.02789279
86484,0.005710892,0.020558871
134168,0.003338255,0.005915798
14784,0.0026979249,0.0036754955
134797,0.028749978,0.041881025
40514,0.025867851,0.005399478
76716,0.013510969,0.0042722835
130283,0.007229755,0.002971986
141484,0.0012789529,0.0040835994
73293,0.0017579199,0.0028080617
18145,0.004862241,0.0020191746
134669,0.009967809,0.00018441511
73174,0.0070069204,0.0038385664
89452,0.002936981,0.007113642
141736,0.016885081,0.0065177083
129632,0.0015419152,0.0194225
133379,0.0036464673,0.012798067
74596,0.002851604,0.012551326
121460,0.026531447,0.01500806
12397,0.000433717,0.0058483495
75525,0.032348637,0.04350235
53441,0.003217873,0.006155708
28315,0.010030987,0.015051176
39078,0.010476656,0.007986199
123121,0.00023649528,0.0050073825
116984,0.0021301652,0.011683038
138802,0.053975597,0.010387009
5190,0.0022898207,0.012581209
126311,0.0049433494,0.0023427552
40290,0.018906817,0.04983821
123921,0.00455659,0.00959727
94458,0.0022923823,0.009436761
143839,0.043445192,0.13698715
54155,0.010687111,0.023814736
30886,0.003228972,0.01591178
110196,0.008051085,0.002327387
122058,0.0019523669,0.016345283
56475,0.0007163161,0.04068745
40589,0.008711053,0.017247722
298,0.0023769059,0.0015726511
117741,0.007464543,0.007013751
4114,0.011420503,0.0095387865
135352,0.0089484025,0.0021745616
37048,0.018781312,0.03230595
64017,0.018506398,0.017392224
116297,0.0031393257,0.010796821
19796,0.01136266,0.003346686
87933,0.0040537175,0.026440522
132536,0.004366198,0.0019192832
21940,0.018648123,0.013485355
76080,0.009986591,0.013441812
66947,0.001933904,0.0029340466
203,0.0073868507,0.017162558
7744,0.01052959,0.008320878
18394,0.011718043,0.0038411277
79523,0.01365867,0.004405045
34835,0.008128779,0.08728569
818,0.010686258,0.008754169
113841,0.0018894011,0.017331608
82193,0.012924426,0.008924496
136887,0.034547105,0.045043413
53790,0.0094231,0.0069360575
18265,0.00037224533,0.0143382745
103634,0.005793708,0.029473977
7274,0.0070927246,0.02934207
85666,0.009406878,0.011969052
74315,0.0012482171,0.001424948
95113,0.005525623,0.002289821
88197,0.00251351,0.013056334
117434,0.0039098565,0.022597257
71741,0.002651821,0.0018731795
92050,0.00018953776,0.0017323068
83680,0.0028430664,0.028271865
21831,0.0009823199,0.01705837
21379,0.006480995,0.0030249201
20023,0.020098688,0.014771138
68017,0.0023043351,0.005675887
104945,0.016096355,0.04001494
103923,0.0010544105,0.018450048
65735,0.003300689,0.008673486
95239,0.0012891982,0.003999076
130292,0.067372516,0.2492049
67355,0.0070504635,0.0038411277
143216,0.0390815,0.017730104
56594,0.00270817,0.02876193
8846,0.035229273,0.011378243
52839,0.04644787,0.13117509
98783,0.0048673637,0.024778219
3290,0.0076105385,0.002043934
100638,0.00986322,0.0034411347
27375,0.018193064,0.022956269
3929,0.0026945092,0.0014240942
65397,0.008861316,0.015564295
77030,0.0060916753,0.08319608
26676,0.00016050944,0.013810644
32153,0.0074602743,0.013207879
143208,9.6476426e-05,0.006179614
67472,0.0029879943,0.03325748
42284,0.0032298258,0.0004960425
16834,0.0030018683,0.0063546374
135984,0.024561148,0.011535549
96887,0.04888966,0.0069189817
124219,0.00038078305,0.01314043
82317,0.015191195,0.009538679
39036,0.016115298,0.008413406
65286,0.013836257,0.024808103
83628,0.013309478,0.006842142
48897,0.0054189013,0.0016429807
50624,0.00083413685,0.009096106
147396,0.01771239,0.00065313687
87922,0.006261575,0.0118503785
36638,0.00063264626,0.018139275
1444,0.007018873,0.0036234155
87907,0.011649741,0.0077531184
95542,0.008166772,0.0011321037
46324,0.012322089,0.0065497244
99972,0.00520247,0.033625454
66736,0.015461627,0.033177014
101680,0.0042825285,0.0044985334
111616,0.013587807,0.00070863205
14139,0.0009519576,0.010638873
126833,0.007182798,0.012762209
15747,0.00034236323,0.008962916
70049,0.009909752,0.01335302
138071,0.018129883,0.0061113117
107723,0.000245033,0.005711319
40922,0.0077787316,0.004978354
42176,0.0049138945,0.011388487
112579,0.018735211,0.0062906044
9768,0.019117702,0.02940226
31067,0.005178137,0.0002595472
4190,0.031179821,0.17536023
2607,0.00030650475,0.011531067
80285,0.0026313306,0.016876543
105551,0.012986752,0.173814
62857,0.011056368,0.0041732457
143160,0.007332208,0.0148573695
97029,0.011392755,0.0013412784
30992,0.004191175,0.010161613
7112,0.0068481183,0.0147950435
95324,0.00088280195,0.0021694389
36025,0.0024938728,0.0051542316
13490,0.0053762128,0.012559865
141541,0.0015385001,0.0017920709
52287,0.0010134294,0.009066223
76027,0.013157506,0.012621763
79832,0.00030650472,0.036301184
125689,0.0044302316,0.019714488
129890,0.0057236985,0.0019658138
80990,0.03374541,0.02058619
29378,0.0057851705,0.010010497
11962,0.00092805194,0.0034449766
70391,0.010110387,0.00039444343
118871,0.012141516,0.0033211792
12159,0.0115191145,0.011931486
84358,0.001119724,0.0022505473
64838,0.0022907814,0.004959144
2912,0.0040912833,0.013802959
75813,0.011558388,0.010113803
123692,0.004651359,0.014926525
18918,0.0064596515,0.0012516321
33637,0.008517673,0.024665095
48341,0.0012345567,0.01564028
135426,0.009699724,0.010341761
102207,0.004956156,0.012661035
14316,0.0020682667,0.01704175
140189,0.007431246,0.0037258682
126802,0.0005216557,0.0022505473
140019,0.011250176,0.00980986
122356,0.0031854296,0.01843212
110542,0.008386618,0.013767102
145486,0.002410203,0.0054197554
107645,0.0034680285,0.012717813
43400,0.41939887,5.990121
114217,0.010882199,0.00211309
98126,0.005310472,0.01664261
14272,0.0023734907,0.01278953
7138,0.036408972,0.0136576025
66401,0.020295482,0.005802673
140334,0.0024639908,0.017986022
132454,0.016636422,0.022390002
94897,0.003824906,0.003130788
87976,0.008150977,0.022312522
92303,0.002458868,0.0020362502
48994,0.003409972,0.0069847223
96166,0.018541401,0.057229336
13859,0.008709345,0.021760128
33712,0.001407019,0.004470359
105009,0.005352307,0.0035124249
38133,0.010118924,0.03027567
101923,0.01633525,0.024765413
67301,0.003971328,0.018743321
149627,0.008758705,0.039278243
103900,0.0043013114,0.0012490709
131333,0.009449567,0.06581918
19875,0.0066449204,0.0010911227
25131,0.009055124,0.016076557
27744,0.0072246334,0.0092813745
96070,0.00079060777,0.0042338036
102994,0.0045062173,0.028218504
16925,0.01666182,0.019529646
46504,0.0007782147,8.708491e-05
131378,0.009098666,0.007831667
304,0.012442043,0.0071623074
133746,0.0064938026,0.018923895
71369,0.005902137,0.006315364
52940,0.010458301,0.010892017
58831,0.023616234,0.0020251512
40680,0.0030249201,0.001734868
36872,0.010619237,0.036623485
90512,0.016098756,0.004978354
28597,0.0030641938,0.009975492
98319,0.0016354033,0.00078205654
56937,0.01734612,0.03787426
89119,0.009832912,0.008769964
106817,0.013810643,0.013995484
49125,0.011630105,0.021293543
104662,0.001308835,0.0056272224
45549,0.005540137,0.00891852
10569,0.0060259346,0.008554812
80864,0.007339892,0.023365226
69395,0.010614969,0.03569287
139771,0.021235058,0.036499683
106294,0.006826774,0.00837552
27067,0.00024844814,0.0014889813
137775,0.011743657,0.014976897
22265,0.0011137476,0.016247313
129276,0.004235998,0.013243311
42653,0.0061420477,0.016208041
75819,0.00887375,0.011862066
86121,0.080772325,0.017773647
71365,0.013836683,0.0018266487
129707,0.0011049964,0.018659223
148458,0.017218482,0.120204635
59828,0.002233045,0.0066666915
127067,0.037281316,0.014652037
17342,0.0037070853,0.007919605
148119,0.005755288,0.0040041986
141869,0.011373119,0.010118924
35676,0.005315808,0.002048843
5341,0.016652856,0.030456671
147139,0.033094835,0.017741416
64488,0.005733944,0.00829185
77216,0.012157737,0.040551275
129880,0.01515064,0.013772223
31738,0.006078442,0.001050355
135273,0.007362944,0.019288452
123957,0.0033254484,0.0042526466
73387,0.009700576,0.004021274
83676,0.0008264529,0.00054214627
138255,0.011832449,0.015502822
99212,0.019635089,0.005310472
70669,0.0009297595,0.006035326
32974,0.014036465,0.004663312
52489,0.011083689,0.009576779
110074,0.005638748,0.0012051015
123085,0.0027218305,0.0011636935
91458,0.0065454557,0.00036840333
56204,0.00015026417,0.0085129775
38703,0.009066222,0.00042517929
139270,0.016231092,0.00080254715
87417,0.0125333965,0.008537737
52479,0.009621176,0.038955994
38619,0.012155176,0.0038334436
58069,0.0032375096,0.0118777
79204,0.010023784,0.100208685
28239,0.016658831,0.01362879
92805,0.00025698586,0.013578416
130634,0.017800327,0.004232156
13396,0.03543247,0.036311217
45393,0.002587788,0.0062829205
8136,0.006595402,0.0034637598
120084,0.003017236,0.002593764
9237,0.036422845,0.0014659292
98683,0.0104407985,0.0078017847
52983,0.0018313443,0.019239789
72344,0.010675265,0.031092092
51169,0.0032759295,0.0066415053
52613,0.021797696,0.015720535
78345,0.0017109622,0.010060015
50590,0.0028866087,0.0021028444
139089,0.00049828365,0.030239278
75494,0.0023154342,0.0002813184
2781,0.0018121346,0.014753636
42328,0.018321984,0.008135609
40016,0.0032793446,0.006865194
95550,0.0038308825,0.0016025332
10521,0.15407531,2.0643604
76196,0.00094256614,0.006988991
48836,0.008009892,0.21588016
99015,0.0011910143,0.0014556841
59235,0.0008725567,0.004842604
29265,0.014689603,0.00026509672
76207,0.00010501416,0.004793085
20429,0.0025613208,0.0049885996
78544,0.00036712267,0.0005472689
24899,0.0035286464,0.0021002833
130939,0.0014018964,0.025819827
94768,0.004125861,0.015137407
44307,0.0064075715,0.0143801095
102857,0.005067147,0.015262912
62208,0.0014044576,0.00063350005
46414,0.007318548,0.0045437836
3429,0.0027371983,0.011525517
136727,0.010806854,0.0065834485
77492,0.0005250708,0.09173557
17221,0.032414377,0.011566927
123925,0.0010817312,0.033118743
86358,0.0015453303,0.0074739344
65334,0.002328881,0.016602483
53162,0.0075840713,0.009213926
38082,0.0097774165,0.01686075
125229,0.008094628,0.009539213
82225,0.005223814,0.0069650854
61400,0.0029958913,0.006928373
147934,0.052426852,0.03619916
113167,0.021137783,0.1695583
149400,0.0041032364,0.0030291888
14038,0.0009365896,0.0068489723
67290,0.0070624156,0.0045514675
120469,0.0020460687,0.004946764
19830,0.004948472,0.010176128
110041,0.003855642,0.0077710478
34412,0.0078069065,0.005193505
105883,0.011681331,0.0026791412
91853,0.0019303822,0.0032895901
100095,0.0081808595,8.196227e-05
55625,0.01602533,0.024250591
8912,0.0016622973,0.008318317
40717,0.010860001,0.03312216
61659,0.0033971653,0.006839581
112629,0.002664841,0.0023433953
81606,0.0046709958,0.015688093
62503,0.00032528775,0.0010595331
54343,0.0005984953,0.020334326
101355,0.027252458,0.0009656179
64394,0.012281107,0.002384163
64620,0.0029664366,0.04086418
120310,0.009390657,0.11286234
140584,0.0021369956,0.011486671
105284,0.0018714716,0.00153167
114472,0.012540229,0.00057800475
63890,0.00716124,0.009010513
27056,0.011031609,0.0028106228
124547,0.0052908356,0.0061420477
87212,0.044282213,0.7910527
14183,0.0056067314,0.011822203
144238,0.001523986,0.0037497738
76157,0.0027363445,0.0029745474
80745,0.01903403,0.009881577
17833,0.007224633,0.008916812
43573,0.0018364672,0.054457128
129248,0.011246333,0.016660968
116610,0.014847124,0.0007675424
17120,0.007046194,0.0074995477
9159,0.004831505,0.013811495
42153,0.0040716464,0.046512756
14668,0.006352716,0.009576032
92847,0.0056050243,0.0005669057
29663,0.016267803,0.0061966893
62292,0.0014983728,0.004280821
134777,0.0006591133,0.02367429
78913,0.0024810662,0.010737057
106665,0.00451134,0.018911943
102505,0.018124763,5.2720516e-05
79856,0.028760223,0.026667621
438,0.0070675383,0.008181713
124317,0.029455194,0.044567857
122689,0.001154302,0.011379096
118729,0.007578095,0.0018723257
131013,0.009682647,0.00091268396
98153,0.0015948489,0.0056605195
108827,0.07001378,0.045147568
24917,0.013150675,0.043681636
75981,0.00029113682,0.024913115
6021,0.01351054,0.011535762
100877,0.013818327,0.009087567
62402,0.0026475522,0.020941362
9764,0.113705866,0.0028757232
132162,0.00306334,0.026622372
8301,0.0030402879,0.00243667
13471,0.013042887,0.02440448
39936,0.0038769862,0.0030334578
27767,0.015722241,0.012827095
133713,0.009660875,0.028910914
46163,0.018309178,0.0270245
41592,0.013119941,0.013617691
67160,0.01185294,0.011896055
37566,0.019413104,0.017237691
5160,0.006264991,0.002093453
68983,0.0011553692,0.029730324
7904,0.007882466,0.0056827175
122687,0.0016204624,0.010034189
116684,0.04524063,0.07481627
129680,0.010079652,0.0023828822
47322,0.002866972,0.002659505
89976,0.006386227,0.005551236
29779,0.017136944,0.021539003
58476,0.010222232,0.027208064
11299,0.0036774967,0.17299397
106437,0.015765784,0.120269746
52972,0.01800694,0.024097765
42842,0.0058517638,0.0039726086
142517,0.00711407,0.0049087717
92455,0.0073834346,0.008955232
17589,0.008610307,0.019853653
4473,0.016196087,0.01273318
80831,0.010214921,0.004166309
144062,0.011289449,0.009536653
70314,0.015659062,0.013410224
124444,0.0065680807,0.035748363
98389,0.0003987123,0.0006770426
126102,0.014334861,0.0229187
119718,0.0034526607,0.0006702123
50601,0.0037958776,0.009358213
61361,0.019341813,0.0022723184
98247,0.00511944,0.008701234
58722,0.0015043489,0.024566483
70954,0.0025177784,0.007287813
53793,0.0041800756,0.0020943068
143911,0.002912222,0.009734727
116955,0.0054675667,0.007170845
42681,0.012788677,0.007984491
122722,0.01166383,0.0043320474
57438,0.0033830781,0.02303695
109165,0.009665571,0.0022343257
862,0.0020533255,0.016365133
93887,0.013970352,0.0047681658
51712,0.020934531,0.1988028
4466,0.045849368,0.0037318447
47316,0.0026979249,0.016225968
37858,0.07360924,0.23015185
37810,0.02428389,0.045076706
38286,0.017224886,0.0059883683
53281,0.020252366,0.0068848305
56555,0.004729479,0.010590209
93630,0.027526522,0.0020960143
35874,0.0043013114,0.0030300426
77003,0.0041331183,0.013371803
110852,0.010249552,0.0267419
19819,0.010276874,0.03420901
72707,0.013161348,0.012614079
45026,0.009799614,0.0046351366
43486,0.0061907126,0.1559357
15827,0.0012268728,0.009041464
107602,0.028957872,0.0048722727
86085,0.004708135,0.011709932
144140,0.005783463,0.0078094676
52856,0.0008983833,0.028760169
83104,0.026309893,0.006994967
86083,0.007401364,0.006013128
27448,0.0101710055,0.039840505
15576,0.007498694,0.021453626
57559,0.0052063116,0.0237332
143132,0.0034142404,0.014929513
25244,0.006729444,0.039195906
75036,0.015419366,0.033717662
69491,0.005303642,0.016731402
57016,0.0045367396,0.013623454
114029,0.0038684485,0.013995058
30352,0.016738232,0.008057916
85691,0.031611826,0.051450983
30980,0.010015726,0.020334648
17115,0.005136302,0.0065206965
82959,0.0022206653,0.019586423
61239,0.006051548,0.012564987
58760,0.0022936629,0.014726315
90965,0.0027457362,0.014894935
4359,0.004398642,0.017650062
118373,0.008520661,0.0042005666
53068,0.0017835331,0.002790986
6457,0.00630341,0.0055384296
147923,0.0036567121,0.014954273
46768,0.008740935,0.0005447076
109022,0.0061411937,0.02975487
94385,0.012570537,0.021260671
101773,0.017541634,0.00955202
6241,0.003300689,0.021654902
29822,0.024456348,0.044192195
140701,0.03573769,0.020075098
105682,0.005098736,0.0052387547
130620,0.003556821,0.012517176
79045,0.012973946,0.0013062736
138297,0.020702306,0.017705562
120818,0.01290052,0.00814244
74326,0.00293442,0.016370256
127835,0.09926418,0.042178992
67657,0.009782112,0.006642359
27013,0.014107756,0.018190505
5286,0.0036720806,0.002017467
133093,0.0031956749,0.0071512084
26644,0.038030077,0.0074030715
132164,0.0021591936,0.011573756
38969,0.0046174745,0.0518012
43606,0.0048793163,0.003999076
59232,0.003246047,0.0057791937
72363,0.00038163678,0.0042492314
148389,0.029786035,0.015738463
31207,0.007838923,0.06373126
18528,0.0041297027,0.017449426
95634,0.0036037785,0.0054778117
102115,0.009579981,0.0294426
30359,0.011017522,0.013083228
23673,0.019450674,0.010915497
66054,0.0064630667,0.005986661
52614,0.015794812,0.010655948
142099,0.0015508799,0.015661623
24397,0.038050994,0.015525874
147610,0.025114607,0.02612377
131182,0.011442274,0.0033561843
147854,0.003021505,0.002648406
69092,0.015207416,0.0038249055
119036,0.09230466,0.44831094
146212,0.0045343917,0.0052566845
51324,0.01666969,0.011140585
66434,0.015301332,0.022453396
64199,0.00518326,0.009124706
73706,0.011615591,0.0023325097
112697,0.039493017,0.0068327505
127651,0.0061505856,0.010465983
101905,0.019118126,0.0088450955
60188,0.005217411,0.024322303
98829,0.0113706365,0.012576273
48711,0.0035165865,0.005749952
46913,0.021206032,0.013914804
48879,0.00046872173,0.0029062454
134490,0.017958276,0.013419615
128647,0.020583043,0.005678529
105083,0.0031871372,0.016313909
6791,0.019236373,0.017549317
50757,0.011760733,0.007049609
34396,0.012767332,0.005567458
50527,0.017310422,0.11168529
13739,0.0035448682,0.0031564012
114414,0.027645195,0.02821637
43447,0.0069539864,0.040779658
78739,0.0052351267,0.014736987
936,0.0013532313,0.0028114766
63449,0.010597039,0.00048067456
10294,0.026506258,0.09635708
84689,0.0072750053,0.011122109
66854,0.025961552,0.0047435663
98030,0.00446609,0.0014676369
139796,0.0024383776,0.014449266
73730,0.007744581,0.0035662125
60346,0.044153348,0.11929984
48576,0.0036106089,0.015402931
148114,0.009642521,0.03317765
104712,0.003935897,0.007444907
63175,0.0018134152,0.021192372
95886,0.012819412,0.027964504
60420,0.004541649,0.012167982
10516,0.0017621886,0.007969977
130568,0.001088348,0.02905883
117761,0.0014864199,0.011600223
59622,0.027833877,0.0034150947
111734,0.0060856985,0.007946071
59084,0.00348297,0.008346492
121988,0.00946835,0.0021796841
148717,0.09293812,0.0074026454
51725,0.05971334,0.068035424
4309,0.0076045617,0.0037053777
139986,0.013458035,0.011278351
65073,0.008503586,0.015884459
130021,0.0069958204,0.011085398
104401,0.009310402,0.0066756564
92011,0.001199552,0.025608515
120994,0.014406577,0.0028430664
93486,0.009378703,0.036953896
44770,0.022243794,0.4795222
21368,0.02639271,0.022109749
42775,0.004607816,0.007728359
2123,0.0030565092,0.0047657643
28216,0.023304181,0.024462324
106196,0.008806676,0.0002040519
34101,0.001342986,0.0014027501
27434,0.015892569,0.0019414813
15903,0.013498162,0.008162077
35704,0.008213302,0.0017280377
44663,0.010551788,0.006854095
120125,0.0074248435,0.019764008
116564,0.009140074,0.0033339858
69072,0.0035158398,0.0029856467
144194,0.0071537695,0.0012584623
75362,0.016492348,0.025011301
106577,0.025993142,0.05908118
21992,0.029145274,0.0010851463
35818,0.0115067335,0.003363441
83359,0.042170886,0.005154445
134627,0.006905322,0.008501451
122908,0.023713138,0.015701324
22512,0.00852493,0.0146294115
30634,0.013039685,0.00859494
100084,0.00037053772,0.00040127357
11099,0.0004653066,0.0073669995
27693,0.0024379506,0.0015698229
22683,0.005866278,0.00048665094
119085,0.012805751,0.053424064
105530,0.0016281464,0.0048135757
66259,0.0023401936,0.0077010384
71819,0.010289679,0.007326232
26358,0.0011931485,0.00020020992
131955,0.018767655,0.023794675
39479,0.0074278307,0.008888638
30415,0.0053230645,0.11644778
113414,0.000414934,0.0017946322
97538,0.013928144,0.008068268
45228,0.003213604,0.005556359
122239,0.00926131,0.019761661
9294,0.0010398963,0.0063785436
15626,0.09039513,0.05303474
93678,0.0059593404,0.0043670516
100955,0.009252345,0.00988926
51405,0.072611175,0.012519737
53287,0.0061544273,0.0028033657
30755,0.008101459,0.00812195
123011,0.008411378,0.016600776
36859,0.00012550472,0.0048741936
724,0.022241658,0.019006709
106491,0.0033843582,0.006016542
29786,0.00058398116,0.0004926273
65810,0.004480604,0.0043713213
86963,0.0022889671,0.0008119387
30291,0.013723558,0.00827392
3161,0.008758864,0.015940808
77994,0.0028422126,0.000433717
149594,0.0013028586,0.0024238634
118752,0.0029600332,0.0020140521
110480,0.020879036,0.049511798
145254,0.0024221558,0.0064476985
27948,0.0022001746,0.012404477
89413,0.003764288,0.021030156
74089,0.00776251,0.004449868
37095,0.0034462574,0.007073088
105553,0.010952529,0.035228204
135601,0.00020319813,0.0030787077
133896,0.0025340002,0.01047751
31648,0.001885986,0.004209104
43456,0.00828502,0.0065305154
81694,0.007182371,0.01045019
51658,0.0069458755,0.023011336
62845,0.005737359,0.0068105524
130997,0.00018612266,0.0015939954
64451,0.0019679482,0.013991643
77338,0.0033980187,0.002646698
51727,0.024808101,0.02474407
47383,0.014246065,0.010544958
84822,0.010443359,0.008982553
64796,0.0192082,0.0026159624
142168,0.005996052,0.022630127
4360,0.0062854816,0.01233959
63697,0.0060592317,0.011947708
104895,0.00080510846,0.0066944384
61495,0.001844151,0.013472549
97895,0.015122039,0.033152465
59504,0.007466571,0.009107097
42289,0.007253661,0.0046701417
148125,0.011461058,0.019548
88099,0.0051849675,0.012481316
120,0.002887462,0.0023350706
123102,0.0075388215,0.01909977
98484,0.010515077,0.00069838687
109946,0.016874839,0.004088722
93318,0.008798137,0.00209388
84252,0.004884439,0.021851484
40850,0.0022121274,0.00059934903
23202,0.014349374,0.014882981
36659,0.0024093492,0.00073339156
101262,0.01018808,0.0018501274
142237,0.012465095,0.011335552
93432,0.013517799,0.004363637
137258,0.0022983586,4.5250003e-05
120669,4.482311e-05,0.00031888447
5254,0.019971471,0.0016742501
64101,0.0014351935,0.026974984
64837,0.011879406,0.02810367
139158,0.0037241606,0.006914713
17872,0.010873661,0.010241014
6875,0.0011577171,0.027836442
873,0.0032669648,0.023703532
91824,0.0073953876,0.01571285
147882,0.003827894,0.009311683
135223,0.0024136184,0.0010040378
56034,0.008049378,0.019681191
143611,0.0041365335,0.0012934671
107304,0.008302095,0.00027704955
124073,0.0040447526,0.004526708
142455,0.0043166797,0.003594387
577,0.00067875005,0.013069568
2190,0.0033817973,0.01988695
52963,0.0004277406,0.0011227124
83708,0.030463504,0.0028259903
113771,0.0005523916,0.010155638
117767,0.010902689,0.016073996
54691,0.009652765,0.0002817453
94287,0.0026253536,0.046929393
118696,0.0051328866,0.0074321
149043,0.0039785854,0.039639868
126636,0.010901995,0.17469488
35708,0.022251049,0.015233882
118518,0.0075166235,0.004781986
11011,0.052875083,0.043032765
89120,0.007498694,0.0010629483
32789,0.023477068,0.002778179
31111,0.006571496,0.06855766
135222,0.007986199,0.007969123
59506,0.003785632,0.005311326
30545,0.009220756,0.004957863
42811,0.012526566,0.046197712
61942,0.0022753067,0.013455473
39416,0.003946996,0.025919719
25137,0.0037472125,0.017626159
102490,0.00093915104,0.008422478
53510,0.0077531193,0.009420326
134644,0.00847285,0.01933712
148617,0.012414082,0.0010495012
8595,0.0054385383,0.0016358302
26057,0.012530836,0.0150434915
612,0.0024306937,0.007645543
59001,0.013120795,0.031742457
145923,0.0013698798,0.011770978
51991,0.0026740192,0.036992744
52859,0.025106497,0.027402082
89285,0.006707246,0.009127694
100793,0.0047999155,0.009045732
121433,0.022970354,0.035344105
80253,0.006743104,0.0030949295
109384,0.007564435,0.0045429296
43984,0.022704404,0.0018454315
118161,0.013458887,0.004711977
86376,0.00044823118,0.014509456
97891,0.015149787,0.010566303
142156,0.040335696,0.039655235
140869,0.0051269107,0.012818558
38403,0.011319331,0.0026543823
64304,0.004309849,0.017656468
125667,0.0017382832,0.0039128447
58255,0.010911226,0.00044054716
48143,0.002202736,0.012022841
24863,0.035374414,0.007027411
8534,0.0043550995,0.004109212
29202,0.013441812,0.028370049
112656,0.009970369,0.017415276
123296,0.005742481,0.0065347836
92221,0.0016281462,0.0019337974
91176,0.00088621705,0.008959501
41782,0.022248488,0.011771831
95804,0.0030266277,0.007982784
67689,0.0039094295,0.0053121797
95919,0.02019004,0.001730599
148344,0.0060037365,0.03651676
99997,0.002587788,0.02964089
149298,0.006549298,0.0073868497
27531,0.00576468,0.007661765
3602,0.00893645,0.014269973
34857,0.027206354,0.0044123023
98765,0.00621774,0.0034727242
44998,0.010143684,0.018873518
113228,0.011157113,0.007108093
13626,0.008276909,0.009412427
132708,0.0043807128,0.009437614
15496,0.0064178165,0.00013148114
36571,0.0010885614,0.0041493406
81958,0.0053471844,0.0028729478
122568,0.0030915143,0.0015487454
33897,0.0018208858,0.027892364
82884,0.0016398857,0.019080346
124695,0.011700969,0.0060600853
8617,0.056670114,0.018462002
28557,0.017838748,0.020073926
25177,0.0007743727,0.004544637
89240,0.007947779,0.010568864
7226,0.010503977,0.009587877
113301,0.0035926795,0.012331906
47610,3.927359e-05,0.0011449103
124239,0.03662007,0.023903104
19656,0.019809151,0.033517987
124527,0.0035593824,0.01534402
61008,0.006181321,0.02915552
84081,0.022343045,0.004018072
53655,0.007185359,0.0066679725
39635,0.001519557,0.01842497
5533,0.00029028303,0.0027559814
36869,0.0018851323,0.003157255
111617,0.008557374,0.00862226
65050,0.0075678495,0.006013128
106634,0.015825976,0.0070257033
47855,0.009789369,0.00478284
20875,0.0062641366,0.0055401362
93079,0.016017647,0.0020618637
76191,0.021644404,0.1697882
88674,0.00071119337,0.0020003917
3993,0.012177053,0.021839745
130322,0.011098201,0.0015999717
39639,0.002569005,0.0066244304
83796,0.0041245804,0.0012917595
90928,0.0068062837,0.0058645713
141642,0.009901213,0.007639567
20787,0.02018065,0.0054351236
20998,0.0013498161,0.0054829344
73984,0.017063523,0.0040374957
85453,0.0015393537,0.019844262
62949,0.0015752122,0.00883485
148852,0.0070187664,0.031037558
41693,0.0032750752,0.006445991
38579,0.009786353,0.16694349
139927,0.0028396512,0.0037455051
28197,0.014627171,0.01192647
11018,0.017770018,0.015769625
144075,0.03692316,0.057097007
12959,0.0045839106,0.00033638682
42751,0.0011079848,0.038737535
69381,0.011007277,0.033038486
47887,0.030051133,0.052115224
122529,0.011924443,0.020088227
86704,0.0058748163,0.01136458
72484,0.008042549,0.015600366
144164,0.019220153,0.0048528495
74117,0.01108796,0.008388327
82514,0.0446225,0.0014189716
19147,0.007727505,0.004354246
66537,0.0009553727,0.0142981475
10374,0.0010287972,0.01455172
65681,0.01052959,0.014424506
87252,0.009281374,0.02766483
83901,0.01748934,0.013459955
66018,0.029584542,0.0043973606
16928,0.010267481,0.0036678116
33393,0.0076233456,0.0023794672
42597,0.014572209,0.025427943
143531,0.0050329957,0.031850033
34622,0.0067610336,0.0094657885
103800,0.008619699,0.015888087
31306,0.026675306,0.0028507502
115368,0.0044421838,0.014555133
28782,0.012809166,0.021012226
415,0.0008366982,0.0008657265
145605,0.0030069908,0.013697944
142262,0.0025322926,0.00844553
92175,0.064891964,0.017124994
127525,0.0010466197,0.012194983
125384,0.009328757,0.010279861
63655,0.000822184,0.031597953
32593,0.004904076,0.005979831
60147,0.014108609,0.0054496373
104644,0.003272514,0.03833594
69106,0.014152579,0.021215849
53707,0.0067251753,0.004740151
24234,0.020299325,0.011934048
78176,0.022370577,0.00030906606
2156,0.056986015,0.01940542
122583,0.008908595,0.023844192
34078,0.020661749,0.008042548
3390,0.025229653,0.04564873
137858,0.0143399825,0.014701982
40544,0.009817116,0.02343822
347,0.0003107736,0.0098931035
109150,0.010214548,0.01907928
83582,0.026866555,0.048323613
141712,0.0023786137,0.016304517
86683,0.015420006,0.02268562
142459,0.012562426,0.012199572
23294,0.0016546133,0.0026799955
103057,0.007808614,0.0005660519
134293,0.0018630942,0.014796058
122422,0.008371891,0.0063469536
103098,0.0001553868,0.012726351
119792,0.022876868,0.02883322
53839,0.009181482,0.009563119
139,0.0141308075,0.013404247
132316,0.0027623847,0.0017467142
38176,0.005899149,0.0033732597
38708,0.00036594874,0.008443181
108624,0.010597466,0.015409334
81266,0.0047196606,0.023301193
101751,0.0021506557,0.004790524
131018,0.002274453,0.0014565376
87638,0.0045284154,0.00037822174
94662,0.039044786,0.0075046704
26654,0.010985985,0.006297221
109858,0.0031307875,0.0073582483
139232,0.0024580143,0.00089390104
40374,0.0017553584,0.0015120329
48596,0.0007803492,0.011745364
5474,0.015056325,0.18245882
80670,0.005155939,0.016419776
146781,0.00867434,0.016229386
62100,0.0005438538,0.01260853
14516,0.005275788,0.0032711271
49408,0.024173748,0.013932732
1679,0.01797023,0.044946503
138386,0.0029643017,0.009209656
73099,0.061517,0.1746264
144735,0.024919093,0.01682105
106255,0.008443909,0.0042531667
131076,0.004402057,0.0014983728
32698,0.0075157695,0.032521952
112870,0.0060148356,0.015463975
93330,0.0014159837,0.010507818
129742,0.017025955,0.009995982
76949,0.017831065,0.0059277504
66374,0.007834228,0.018148668
88109,0.004492557,0.005402679
81413,0.13929372,0.32081723
137030,0.009354799,0.016193954
48356,0.0041143354,0.0060558156
119017,0.0040426184,0.024239492
10090,0.026931226,0.009987978
85808,0.010637592,0.037025183
11072,0.009609223,0.014695152
112431,0.0142879,0.0022172502
105991,0.00036669572,0.0071490738
52692,0.00088408263,0.012652925
106108,7.000944e-05,0.00021984671
71406,0.005213142,0.017555723
66609,0.022154573,0.05145184
112191,0.012577794,0.008538591
4517,0.00469234,0.0056596654
3732,0.0012661463,0.023505243
73831,0.0018099999,0.00776934
103618,0.00069539866,0.00037053777
140194,0.012202559,0.035083704
131313,0.106610104,0.015349996
4087,0.0014676367,0.012614505
69561,0.004092564,0.043923255
72296,0.0014228137,0.014675088
114741,0.008399425,0.011964784
130902,0.012105657,0.0006480142
36200,0.012961991,0.0011884529
49358,0.01202028,0.031045774
123583,0.0019292083,0.018067453
57996,0.004706854,0.014144468
103007,0.0097327,0.02238296
91941,0.020824391,0.0005199481
85543,0.002866972,0.0046940474
146529,0.00996642,0.017852943
107720,0.012921011,0.020781707
67411,0.004682095,0.0010057453
96803,0.008959501,0.0025476606
2030,0.005879939,0.0026270614
122792,0.0075166235,0.0062077884
79293,0.012123373,0.0008706357
14970,0.0030539483,0.035248056
87100,0.017556148,0.0029736932
131543,0.0011039294,0.00875374
48148,0.011830741,0.0022462783
141329,0.023386996,0.011400012
24381,0.0018125613,0.0039965147
145811,0.010643569,0.010206437
24438,0.0028328206,0.01607229
15203,0.013511076,0.027941136
110613,0.00415617,0.01926882
136459,0.007039364,0.013078104
100136,0.0064741657,0.0008631652
43005,0.010586794,0.005598194
76418,0.004928835,0.011303962
84139,0.0072506727,0.3163223
83105,0.016367694,0.008455775
110330,0.0030778537,0.010079652
43668,0.013168604,0.0028772168
116139,0.008231232,0.006186444
147905,0.0036806182,0.0009400048
58666,0.0075661424,0.0050381185
146803,0.008121095,0.016000573
117336,0.004875901,0.018721549
90492,0.00690276,0.007257076
30864,0.002818734,0.00074107555
113220,0.008426746,0.0042902124
31688,0.03267969,0.033504434
81275,0.00480333,0.002194198
10375,0.0068472647,0.0030419955
50557,0.0033331322,0.0004934811
95795,0.0014087266,0.008535283
1470,0.0025314388,0.004133119
107836,0.013922487,0.0033083728
96647,0.010795968,0.025059966
65368,0.014671245,0.006778962
2714,0.010134399,0.005004821
132362,0.02414472,0.00089902355
31634,0.012185912,0.022619879
89493,0.003746359,0.011555825
91434,0.005727114,0.003353623
4054,0.0054970216,0.04446049
30155,0.0012610236,0.0018168304
38967,0.032662824,0.0045702504
88716,0.001380552,0.0041442174
88262,0.008697392,0.008037426
96645,0.0068028686,0.02235094
13281,0.01933712,0.011039293
89551,0.013907119,0.005960194
66633,0.009184044,0.0017545049
74906,0.000550684,0.013144699
125646,0.01242753,0.010627774
38621,0.006063714,0.004962346
120138,0.0011227124,0.00015965567
1953,0.0058752433,0.000207467
22321,0.015255228,0.009859378
146749,0.0038368588,0.006874586
140210,0.008940718,0.004654774
2871,0.012946197,0.0029412503
131862,0.007668595,0.001090269
137487,0.008241478,0.01814109
22069,0.0012951746,0.028936954
67616,0.0064297696,0.053742625
110023,0.016611876,0.007254515
97909,0.02501386,0.0032187267
9198,0.0022035898,0.03195078
73777,0.0031041075,2.1711426
110164,0.038473185,0.15762897
92354,0.009647642,0.010492877
82212,0.0011235662,0.0039393115
70451,0.000946835,0.004438769
90803,0.0037250144,0.0076856706
75848,0.00029113682,0.0031495711
88741,0.0023410472,0.017046446
40317,0.0020422265,0.009526406
67680,0.0020170403,0.010200033
95556,0.0037333388,0.0077567473
80495,0.0014812973,0.009766744
108784,0.009027802,0.0096741095
116130,0.0019636794,0.0050765383
134104,0.016051799,0.004585618
92611,0.0077206753,0.0028259908
14014,0.0010228208,0.0034979107
112196,0.014248628,0.02043977
5028,0.02095673,0.004594583
113667,0.0008947548,0.016888497
13895,0.0066927318,0.022522552
86945,0.006339056,0.014983301
104436,0.0022052974,0.0036695192
144852,0.0026347456,0.009213071
22722,0.0031000522,0.008422477
147123,0.0024447807,0.004139521
80488,0.006393911,0.00019978304
134509,0.000912684,0.011969053
4753,0.007110227,0.009567387
127728,0.0060370336,0.009546043
115735,0.008821189,0.0069352034
87503,0.0020686935,0.0033049579
113703,0.0027346371,0.0073117176
117487,0.008881808,0.0081176795
149840,0.01099575,0.03837372
88397,0.006259015,0.004971524
18118,0.01299529,0.030122848
116215,0.008361005,0.011227123
38037,7.683962e-05,0.013046515
15295,0.01176244,0.00016307077
113242,0.0049809157,0.005536722
67504,0.00085035857,0.007207558
52346,0.040958095,0.15349558
130432,0.009642093,0.022155
118740,0.010710163,0.010425002
100441,0.013837109,0.00019444693
93285,0.014583054,0.17212698
28190,9.476886e-05,0.0004473774
137060,0.021960765,0.016883373
38000,0.02944922,0.0044485875
20740,0.007765925,0.021048084
48292,0.029631075,0.024158383
4547,0.015377316,0.007514062
13579,0.0011043563,0.0047960733
11382,0.013364547,0.0015278279
38085,0.0031538398,0.020443609
141446,0.012036287,0.028203987
108875,0.0037770947,0.00049091986
50946,0.0020710414,0.002285552
144654,0.07875901,0.010177836
101820,0.0013575001,0.06928849
41268,0.01047879,0.15324797
137340,0.004605255,0.00130542
28174,0.007159746,0.012381425
100019,0.0052481466,0.0008016935
106731,0.002603156,0.015944224
62550,0.008106154,0.022657018
112682,0.017652623,0.008466446
99009,0.017896805,0.01910575
121607,0.0074850335,0.00079913216
88101,0.0047503966,0.0021890756
105692,0.005329255,0.020686937
36486,0.020439344,0.014195695
22005,0.0188478,0.009219688
108547,0.0043380237,0.020634005
54228,0.0005558067,0.01795059
56542,0.007344161,0.015371341
65243,0.0015700897,0.0006539906
6978,0.008333044,0.0018394553
57653,0.0035747504,0.0044319397
75397,0.0067798165,0.018707888
129697,0.0007222925,0.012490708
48990,0.006529661,0.0032981273
52535,0.005872255,0.009268567
80867,0.0011043563,0.037160724
48892,0.0028960002,0.011928071
38655,0.0016157667,0.0134576075
70951,0.007894418,0.0023410472
106506,0.003303677,0.015143383
9956,0.0046069627,0.008182568
20266,0.00048067453,0.014789065
136186,0.0063085337,7.812029e-05
94166,0.015036661,0.052051194
145313,0.004764911,0.0045181704
124978,0.016440265,0.22814652
145046,0.004678679,0.0015214246
63448,0.0048528495,0.0096946
6464,0.0040707923,0.0052481466
105564,0.005040786,0.15238357
46084,0.0028439201,0.0068481183
12017,0.0053207176,0.0047469814
107375,0.0020110637,0.021148829
77062,0.0019961228,0.012218355
119213,0.0032366558,0.01586781
25587,0.006107043,0.019804133
21019,0.004895538,0.0340374
55673,0.024656132,0.013953864
145527,0.014053968,0.0031990898
125633,0.011944293,0.058239356
33120,0.001319934,0.005348892
44990,0.018783234,0.031016532
22017,0.009319794,0.010970138
103780,0.0103135845,0.028690213
36223,0.013685137,0.00010159905
126313,0.0025280237,0.027366862
109828,0.000569467,0.01471052
44877,0.0055392836,0.018059876
92401,0.0025374156,0.0006736274
96848,0.013962614,0.006098505
78475,0.007326232,0.0016921794
91944,0.002901123,0.01983231
79599,0.014339127,0.0009724482
142380,0.005684425,0.0078094676
137962,0.032618858,0.002074243
113425,0.0096331285,0.0067968923
45878,0.014777115,0.042980686
92044,0.0054829344,0.000856335
62446,0.00748418,0.010180396
16059,0.012547057,0.0028695334
75135,0.0014778821,0.0030539483
116651,0.0071802363,0.0022680494
34000,0.025287924,0.009128549
122714,0.007533699,0.02903343
103054,0.0053589237,0.012680459
118862,0.010064284,0.0007291226
30037,0.010489462,0.00775568
44509,0.004400349,0.011597661
84428,0.01436282,0.028549554
88563,0.0045668352,0.035524677
55484,0.011134275,0.015075829
77669,0.0032639762,0.010965868
95686,0.027013615,0.024480466
11707,0.0050987364,0.007401364
2416,0.0011944294,0.010000251
110824,0.023130437,0.02817624
57944,0.010734922,0.011245479
41818,0.007605416,0.0015393537
118944,0.00029199058,0.025464654
129909,0.002900269,0.051146187
15474,0.006709807,0.021130046
34022,0.0065808864,0.06833109
90378,0.0013259104,0.009255761
13002,0.013109054,0.029146982
74660,0.023282407,0.0035687734
148483,0.0020507646,0.0030496796
125752,0.0015086179,0.00025655897
87474,0.0007590048,0.002263354
144799,0.0047017317,0.002633038
101250,0.0038360045,0.027432604
121793,0.010887321,0.020316398
83558,0.009161845,0.0044959723
97488,0.034269627,0.007721529
136462,0.0014992265,0.015715411
26974,0.015033247,0.0069164205
119484,0.006080069,0.22581577
134054,0.0030274815,0.0043132645
88333,0.0091451965,0.005714734
128529,0.0054974486,0.00074705196
23625,0.016989242,0.08082088
26859,0.09990623,0.053448826
34673,0.0030116863,0.0017805448
41586,0.002695363,0.0027747643
23720,0.009883497,8.7831955e-05
26356,0.030851819,0.49198472
21108,0.009909752,0.0025839459
36293,0.005716868,0.0015991181
131189,0.0012772453,0.003639637
68993,0.006831043,0.017437473
67116,0.012218008,0.16968979
62224,0.018927308,0.02477694
42936,0.0033903352,0.0051311795
122704,0.04624296,0.033183627
116717,0.0046829483,0.0069949673
47717,0.008923642,0.04296788
31320,0.031873085,0.020746276
116654,0.0022795757,0.0032955664
18977,0.009864502,0.013157506
49218,0.00965618,0.00085804245
76282,0.009307841,0.0026620664
33384,0.0029310049,0.007727505
26327,0.008240197,0.036710143
86237,0.034213413,0.17174277
57633,0.002146387,0.0072331703
30163,0.0075221728,0.03768515
69878,0.007457606,0.014772739
49789,0.0016985827,0.053898867
113851,0.006076307,0.016663956
24585,0.0055567864,0.014143614
145889,0.0009329612,0.005742375
85618,0.0047751563,0.03597205
107450,8.708491e-05,0.05569169
96438,0.0060448246,0.0077505573
99879,0.0075706244,0.030856878
69220,0.0050270194,0.002108821
43696,0.035926804,0.026259948
40858,0.0037924626,0.008666656
121536,0.0072109723,0.02051789
44221,0.004485727,0.00094854255
9619,0.0004081038,0.008605186
115851,0.024902873,0.015503676
25583,0.008978177,0.008336993
40495,0.017190732,0.00816976
51275,0.0055973404,0.008063893
80468,0.012125293,0.005736505
71642,0.0021105283,0.005184113
29600,0.0042710025,0.0025934442
10802,0.0040528635,0.009701431
106066,0.004805038,0.0031495707
113831,0.027284047,0.028843893
1116,0.01235752,0.0063324394
141325,0.0061754785,0.16368912
16767,0.005556359,0.013686846
139605,0.006131802,0.00406567
52660,0.0100463545,0.011122964
38578,0.021260887,0.0079381745
55860,0.0038650334,0.007537114
69890,0.000850572,0.0035162668
135856,0.0053424886,0.007986412
123002,0.0007154623,0.009815835
108634,0.011087531,0.006688463
78723,0.0095136,0.017223176
110136,0.016890204,0.005488056
13747,0.0059926375,0.022455102
4666,0.00056519813,0.01006343
62500,0.014373279,0.0047785714
5837,0.0052814437,0.012786114
114128,0.008361646,0.013576281
138334,0.013878091,0.22325212
149695,0.008573595,0.0024870427
103287,0.0053702365,0.005027873
21969,0.001380552,0.004148486
117682,0.0053849644,0.027657576
47122,0.00789826,0.004665873
78046,0.0099661,0.062106956
125984,0.0036806178,0.01797535
37985,0.013243738,0.0106474105
27506,0.032805458,0.060595717
5571,0.009852548,0.029222114
8188,0.016213523,0.15716788
20003,0.0016806534,0.016358303
5871,0.027545305,0.0041322643
111779,0.03488178,0.01898622
65504,0.009173798,0.003949557
95938,0.0031828678,0.008353322
149362,0.0026270614,0.014806996
136394,0.007495279,0.026828986
70562,0.03256208,0.022816248
70127,0.0012430944,0.00063008495
39866,0.0022477992,0.30430958
52655,0.023004081,0.008909128
76499,0.0025143635,0.002896854
40186,0.0037446513,0.016822757
71048,0.0031026131,0.0023709293
38548,0.0050816606,0.028055005
377,0.004804184,0.008400279
95813,0.0043075015,0.0064972173
23206,0.012302023,0.036951333
72234,0.007879904,0.004755519
106628,0.003489373,0.009155869
105746,0.0023410472,0.010057454
38585,0.008717882,0.012257627
41689,0.014616605,0.024449518
108338,0.09985073,0.5051153
18249,0.0041224463,0.005695524
79443,0.007986199,0.002308177
31646,0.0015180096,0.0074935714
6063,0.017996695,0.00404518
141188,0.00037224533,0.013932733
77936,0.0063012764,0.0023542808
118811,0.0020396654,0.18501319
25714,0.0042902124,0.0034996183
46407,0.00804511,0.0047324672
7345,0.004130557,0.016647732
26753,0.009896304,0.004627026
93304,0.015034954,0.0024016653
28973,0.010178689,0.08599391
67134,0.00616766,0.006258161
106379,0.00033158434,0.011916119
122038,0.0016054144,0.013261986
10062,0.016409956,0.025621004
96686,0.009489934,0.110073194
125414,0.0017579199,0.0506843
108464,0.01085381,0.018341618
144112,0.008152685,0.0065414
133657,0.0041962974,0.00874435
99682,0.011562656,0.01921076
98028,0.004503229,0.034237556
32160,0.007072661,0.0056929626
67103,0.012376302,0.03407753
101763,0.0021054058,0.018491883
80061,0.004858826,0.00055836793
983,0.0012379718,0.003579873
4861,0.0072451234,0.0240269
63976,0.015514775,0.011925511
100514,0.01917917,0.020943923
145364,0.0047314,0.016918808
1769,0.0133436285,0.018462002
121094,0.011888799,0.021900149
99052,0.0056869863,0.001410434
118179,0.008525784,0.006870317
31620,0.005333524,0.009844865
109714,0.02287025,0.019624414
109247,0.0038266135,0.025301583
3501,0.0123694725,0.011845256
82339,0.0009869622,0.019883534
39295,0.013808081,0.0052443044
43862,0.0065040477,0.0023359244
41918,0.00523534,0.0055964864
4982,0.016050944,0.01772434
124040,0.014403162,0.0140479915
59102,0.0052515618,0.008328563
143147,0.010205155,0.00562466
47378,0.018706236,0.042139508
116179,0.009265153,0.009164407
75841,0.0067653027,0.012989313
132815,0.0010484341,0.00034065568
13232,0.009285643,0.027521398
67468,0.013557072,0.012207255
69145,0.0009784246,0.016209746
84717,0.011680263,0.014286301
109806,0.0023897123,0.012073212
94924,0.0058860225,0.0005185607
13430,0.014100072,0.0013573933
40754,0.006978746,0.011884528
121521,0.0011858915,0.01956209
43578,0.0012533397,0.034640167
70787,0.03661292,0.114636496
2753,0.015689371,0.01516857
20039,0.013398271,0.0023777597
99704,0.009493109,0.01885474
59997,0.012865516,0.10712749
81171,0.05603832,0.0034944955
63177,0.009372767,0.15252861
86242,0.002966863,0.001444585
40349,0.006287189,0.013640743
15520,0.058009684,0.0009227159
105096,0.019840848,0.0050688544
21327,0.010087335,0.012313124
22430,0.019685779,0.038750235
21041,0.004168123,0.005240463
77807,0.0046180617,0.0020106367
72759,0.012217501,0.10510574
32002,0.010787857,0.003927359
86548,0.0041732457,0.0069437413
26653,0.007464116,0.0028014448
72138,0.010803651,0.0017092547
99111,0.03749689,0.0078103207
73170,0.011333846,0.0014949577
43834,0.011495207,0.004450295
30328,0.00935992,0.025688345
65771,0.00025698586,0.010331514
115418,0.008996213,0.008932607
99125,0.0035738961,0.0011466179
105465,0.008909983,0.013668916
8585,0.0012772453,0.016815072
66825,0.012795507,0.053179886
36601,0.0060524014,0.009138794
76479,0.008757157,0.029654982
109369,0.0068020145,0.003093222
67012,0.0173982,0.120545514
146013,0.008341368,0.0044524297
17379,0.009978906,0.0014531227
120385,0.014614898,0.018350156
61735,0.0011022218,0.01126725
110848,0.0018142688,0.02674873
84529,0.0097970525,0.020834213
3332,0.076697044,0.059183117
66881,0.010789136,0.010291386
63215,3.24434e-05,0.017116453
125831,0.0067729866,0.024980566
21488,0.005014213,0.0016085096
11415,0.014462072,0.02744029
9620,0.041189898,0.021276897
116173,0.0032238492,0.019646186
24446,0.0074064867,0.053472728
20252,0.00096946,0.024328709
108269,0.0091262,0.0053429157
117222,0.0069366973,0.0027901318
58093,0.019658994,0.01012917
9952,0.0015888728,0.0030607786
112141,0.003414241,0.029310057
3297,0.009248076,0.01942079
17032,0.006428062,0.0056195385
101190,0.003979439,0.007426124
40215,0.00079657085,0.0062453547
1300,0.0072587836,0.025760062
130095,0.00029967455,0.0009331746
18121,0.01002501,0.014266558
72883,0.0037830712,0.013668063
49266,0.008234647,0.009121718
98630,0.0020729625,0.0054060947
146106,0.0046598967,0.0030377267
812,0.0132296495,0.0016849221
68332,0.0057288213,0.00212675
23092,0.00042688678,0.019355902
121482,0.0042756987,0.003402288
120877,0.011180167,0.015257789
45981,0.0140488455,0.024563923
65236,0.007804772,0.025199132
26482,0.005152951,0.053199947
13695,0.008835703,0.01174195
113074,0.0036131705,0.003331425
1773,0.008809237,0.0029139295
45766,0.0048989533,0.009729604
86474,0.004395227,0.002334217
149335,0.005031288,0.014375841
43708,0.008042548,0.011222854
113204,0.010938334,0.006291058
21407,0.007906798,0.011468741
29580,0.011129794,0.017435765
23623,0.0017775567,0.00088536326
116353,0.0145884305,0.035388075
125454,0.029289562,0.009110618
955,0.003123104,0.009749242
100819,0.00097415573,0.008286727
112249,0.03825547,0.02730027
114829,0.0055170855,0.015158751
121707,0.0020012455,0.0008290142
60996,0.011787199,0.012314831
92217,0.024088372,0.026989495
141790,0.004828944,0.009499086
50640,0.011140038,0.01770385
62481,0.0011982713,0.005451772
109225,0.0032716605,0.038675956
50594,0.009768024,0.044003513
101703,0.00261084,0.010259797
18943,0.038244583,0.03580023
75872,0.010224367,0.006418671
76105,0.008022057,0.00083328306
133274,0.007793674,0.06077507
83746,0.0038795476,2.6466983e-05
50816,0.0006770425,0.012786115
75204,0.0006113019,0.01331716
128652,0.0019218443,0.0049057836
88897,0.07282525,0.23382598
144875,0.012549752,0.013112523
139805,0.0051064203,0.008734958
91548,0.013016633,0.006645774
2978,0.005056048,0.0029292975
136599,0.0039166864,0.0046829483
107325,0.009464508,0.0006405437
27392,0.00094085844,0.0021395567
45209,0.029057335,0.010360543
3265,0.00031162737,0.026083643
42259,0.0052980925,0.0022889671
45963,0.0130763985,0.013750879
18295,0.009071345,0.0036242693
112649,0.0037233066,0.0049356655
74427,0.021805381,0.006534784
34737,0.004745594,0.005237688
52257,0.016219137,0.008261114
4878,0.0047730217,0.017210798
85052,0.015133992,0.02986586
56879,0.0002142972,0.0038035617
31946,0.002659505,0.003911137
45136,0.029212723,0.012319526
101313,0.022604512,0.0069206893
136889,0.012098827,0.010357982
121623,0.0036840334,0.04854218
63026,0.012315152,0.004414223
145712,0.008019069,0.008041694
65803,0.00039273588,0.010503978
39679,0.012836487,0.013667209
2599,0.0094962055,0.025580047
129199,0.0014898349,0.011462764
98851,0.0029403965,0.0035448682
36763,0.0042082504,0.020471789
147106,0.0007777878,0.0013942124
76946,0.038316946,0.026288122
66436,0.00741385,0.009369206
58036,0.0020729625,0.0008093774
76899,0.016033655,0.01687761
87335,0.011122963,0.044484187
135067,0.0021139437,0.014096657
89794,0.0069932602,0.008336246
59322,0.0019397738,0.00044310853
65902,0.002768788,0.033238698
89832,0.022436319,0.014269973
24349,0.012798068,0.009862366
37611,0.007855252,0.025833488
69938,0.0015137405,0.011360313
134196,0.0014701983,0.02283418
77074,0.0025621746,2.5548759
120388,0.016400138,0.008275628
40871,0.00059081137,0.008103166
29757,0.0047956463,0.019419936
107044,0.0006253892,0.0020575945
20867,0.0022343257,0.011176752
141270,5.208019e-05,0.0018535426
141652,0.0072169486,0.0077923923
26114,0.056860507,0.06647231
70786,0.077193074,0.030953357
2129,0.0027470167,0.010844633
88445,0.0020362502,0.0077181137
44689,0.0012610237,0.0014454388
66593,0.0037352596,0.016393308
101386,0.006718345,0.010602161
95913,0.0054803733,0.007457712
29218,0.008158021,0.011941091
47459,0.015831525,0.03203957
134965,0.018101709,0.036678977
131960,0.008536029,0.0047102687
93078,0.00031248113,0.005956779
80851,0.019101476,0.0057049147
14756,0.0018356134,0.015769199
19098,0.007657496,0.0028507502
143371,0.0020541793,0.01709682
14722,0.00790509,0.014474879
72421,0.010509099,0.028352972
105970,0.0020998563,0.009855109
107440,0.028296197,0.011512711
9035,0.0029053919,0.010429698
96473,0.00026125473,0.014057383
14680,0.027240505,0.012607676
71465,0.006599457,0.026194207
137528,0.006377689,0.011850378
37476,0.0012396794,0.010806212
15055,0.014310952,0.039660785
73701,0.058632948,0.048200667
70664,0.009146477,0.024520379
130020,0.007430393,0.0049587176
75611,0.013191657,0.017584322
113969,0.0028559796,0.082387134
41202,0.016950183,0.014687255
83220,0.0015184365,0.013017487
73876,0.008401133,0.03173477
38378,0.007811175,0.0032588542
11057,0.009423528,0.008353323
90845,0.012086873,0.04022385
109098,0.0023786135,0.01035969
54125,0.009435053,0.002316288
82250,0.007882892,0.0042560617
135180,0.00092207553,0.010967576
36950,0.007770194,0.0029805237
85851,0.0017843869,0.004225326
41863,0.0011952833,0.0021361418
95304,0.0010625214,0.0114648985
30742,0.005689548,0.010148807
19797,0.006054963,0.0013933586
132223,0.002157486,0.01628744
77262,0.0024110568,0.05438285
94952,0.014707745,0.04069257
2410,0.021819467,0.014980738
64682,0.004481458,0.00022283492
64942,0.00054214627,0.0040374957
15487,0.007310864,0.0028580073
129763,0.0077761696,0.007868378
27740,0.020245535,0.03589308
91901,0.008776794,0.016244752
98745,0.0044908496,0.016690422
300,0.0022129812,0.010691809
144160,0.0038893658,0.012135967
7552,0.0016068018,0.018623365
131465,0.0035405993,0.0052583925
24328,0.018164037,0.013534876
47123,0.002967717,0.011459777
129015,0.00041920287,0.0031666465
60479,0.014752355,0.018181326
32469,0.0009955,0.011975455
125212,0.00368414,0.01073695
48854,0.002858434,0.02382114
142961,0.04714284,0.18812267
24689,0.012120171,0.007634444
74245,0.010300779,0.008909129
18290,0.003982854,0.0004533538
67445,0.021206032,0.004996283
64449,0.01359037,0.009961831
92581,0.006128814,0.00044652363
119902,0.003096637,0.007291227
9132,0.009966101,0.002108821
58703,0.0037412362,0.005510255
137616,0.030004174,0.029860737
108434,0.019325169,0.0042526466
73863,0.014845415,0.013645011
37951,0.0029860733,0.012440337
88894,0.0008682877,0.001636684
60072,0.011076006,0.01156778
26247,0.00023051888,0.011035024
94636,0.00062752364,0.007999006
70227,0.0045847646,0.03472042
120903,0.014789067,0.011136624
142938,0.0450417,0.057152502
26255,0.004345708,0.009947317
9603,0.0028379436,0.011223707
54551,0.002968571,0.00015624058
47077,0.0020131983,0.007896553
112830,0.042987518,0.01619267
69739,0.00064033025,0.010540689
97643,0.004213373,0.022420097
128496,0.005801392,0.009604953
117541,0.01364928,0.0064519676
94092,0.015654793,0.026569441
39551,0.0003449245,0.018081646
24209,0.015618935,0.010766939
145327,0.0078118145,0.012812368
90276,0.0043397313,0.01423326
23309,0.0049382267,0.005819321
53255,0.00026381607,0.0062001045
145022,0.0048297974,0.021860022
130776,0.009680086,0.0022351795
128116,0.0033361206,0.020599853
86562,0.002101137,0.004361076
129330,0.0026697502,0.02003807
17010,0.0058782315,0.0061049084
64229,0.004975793,0.0024691133
32225,0.0006710661,0.026121208
41633,0.010451042,0.015646257
87527,0.0031280129,0.0018723257
144804,0.0025980333,0.00414934
28294,0.002444354,0.0028234294
8124,0.0063426844,0.011700967
85201,0.0069574015,0.0042863707
67865,0.015694922,0.012299464
38427,0.00829868,0.0015888729
99550,0.017242813,0.026055042
125273,0.0051243496,0.0023666606
4527,0.0043807128,0.00735526
79471,0.0296712,0.0141316615
692,0.005775352,0.003534196
89870,0.01058167,0.049985908
96919,0.042507697,0.34613082
136230,0.01233959,0.0038829623
90190,0.008379789,9.9037745e-05
139862,0.013135307,0.008277335
104739,0.008432723,0.009209657
7082,0.002288967,0.007858987
5495,0.0077095767,0.0034748584
66060,0.0033433777,0.00077693403
93677,0.028236005,0.0035687739
105609,0.0051158117,0.0042295945
54398,0.010165029,0.00391626
61028,0.0032972738,0.002455453
6220,0.0048972457,0.034305487
35579,0.0037241606,0.005289982
87758,0.0084301615,0.052965585
7927,0.0011056369,0.004466944
4692,0.009902921,0.001082585
137189,0.008442115,0.02085513
120998,0.00523534,0.0075567504
21962,0.021464726,0.010849755
63705,0.0051973476,0.059459407
25740,0.009692466,0.0053655407
44138,0.0024170333,0.009085647
66595,0.0120578455,0.010476655
90658,0.006581741,0.035843134
9727,0.008517246,0.007099128
122442,0.025569668,0.0039546797
38413,0.0053429157,0.11815407
143897,0.013497308,0.008048524
134953,0.010450189,0.011928924
135897,0.00086999533,0.014936772
77549,0.0009502501,0.008798991
60552,0.0051627695,0.0050983094
45557,0.0010313585,0.00864019
134496,0.00531901,0.0094666425
56428,0.021156086,0.012715678
136474,0.012254212,0.0021583398
146863,0.0029809508,0.042893175
73629,0.02541343,0.015700897
59775,0.0030445568,0.01328301
55349,0.021346051,0.006881416
124162,0.008922788,0.017394358
99362,0.0033482867,0.0026819166
50593,0.00464709,0.011594673
133945,0.016611021,0.00122175
120507,0.012852709,0.031042363
91627,0.0036972668,0.0041559567
127081,0.0034005805,0.0026767938
22547,0.037763268,0.040095784
108027,0.005793707,7.171698e-05
81964,0.004364491,0.005866706
120888,0.008540224,0.017723093
4597,0.00401359,0.003760019
68455,0.0028755092,0.0079102125
134025,0.019947702,0.14934596
10204,0.002207005,0.0030180898
133478,0.03846678,0.2073083
63289,0.004519878,0.0003210189
74874,0.0070543047,0.003492788
93704,0.009359066,0.007788978
22025,0.0035636513,0.011031609
3317,0.0033220332,0.007240854
57914,0.010372923,0.004331621
138599,0.011637789,0.00972619
43417,0.001173085,0.034843363
67266,0.0044887154,0.004802477
124960,0.0035670663,0.0034680285
107271,0.018461574,0.0035948139
31485,0.0035312078,0.016500883
68390,0.011729144,0.016377086
110631,0.008846589,0.012639051
65634,0.04314205,0.10105969
72875,0.0045326846,0.018240878
113225,0.008127072,0.0069019063
102544,0.007501468,0.009639531
138634,0.0011969907,0.011805982
14786,0.010838656,0.0036106089
102195,0.0043952265,0.009645935
78920,0.011891359,0.0059388494
136133,0.0033595993,0.008078407
31612,0.0021788303,0.0076352977
63222,0.007339892,0.014693443
120026,0.0021954789,0.017046018
86316,0.0012505649,0.0036754953
127338,0.009386388,0.009820105
16862,0.0010766085,0.014417675
40470,0.0055564255,0.01649949
17894,0.00023564154,0.020628028
143526,0.004010175,0.011934902
75084,0.025961552,0.0076216375
52005,0.11990205,0.12002741
13320,0.0036601278,0.0211341
17240,0.006364029,0.0074282577
35215,0.005354601,0.018657142
16357,0.029394576,0.0087097725
17508,0.0011568633,0.012400209
72430,0.007949834,0.012221583
90425,0.0026919479,0.003194821
48807,0.00047811324,0.001407019
143322,0.005411218,0.081089824
106207,0.0037941702,0.009019266
79349,0.050164774,0.007528363
143701,0.024749193,0.015652232
76793,0.010389144,0.0013604884
54659,0.01040195,0.03144171
33473,0.016338028,0.016783698
42513,0.00412442,0.01585367
18479,0.008360152,0.0092591755
38879,0.001323349,0.002697071
112719,0.002998453,0.011253591
8867,0.0024170866,0.0025767956
110340,0.004481458,0.004349123
111589,0.004679533,0.07591081
79343,0.013163482,0.015495992
14081,0.008759717,0.018976826
8461,0.00878277,0.013957493
142335,0.008555666,0.012408746
83003,0.0046729166,0.010941535
101483,0.010988066,0.00274659
112939,0.00035132785,0.0050035403
47103,0.0061514396,0.01906306
44461,0.021906553,0.021454694
85686,0.010779745,0.017107064
16314,0.048363313,0.04592664
41145,0.0008614575,0.012533397
74180,0.020324402,0.03946111
117199,0.014716069,0.028832156
129519,0.009709968,0.0046505053
38715,0.023856146,0.015722243
13732,0.002168585,0.002017467
94792,0.0042611845,0.009872185
24278,0.0038227711,0.0047879624
78234,0.004595864,0.0010996605
24237,0.0044379155,0.025224743
134693,0.00084352825,0.016776653
54911,0.014063359,0.0064015947
16507,0.004168123,0.0077010393
47770,0.0021083404,0.020078223
38289,0.0034447634,0.021603039
55782,0.012794652,0.0021519365
36986,0.014987997,0.00044993873
13778,0.019302756,0.023158718
136520,0.0028635568,0.0018023162
81395,0.0060421564,0.0018202454
69930,0.0034116795,0.004942496
108742,0.0021591936,0.024904152
1324,0.0066141845,0.0017152312
40029,0.015852869,0.009320647
93629,0.019632526,0.017585391
56936,0.012515468,0.0016755308
108933,0.010864269,0.012604686
1918,0.01188453,8.537737e-05
63109,0.011101112,0.10355499
66694,0.0046983166,0.005782609
39469,0.032844678,0.013846074
133631,0.0029899154,0.009621175
112915,0.0045651277,0.031821854
8106,0.016236,0.022270476
69179,0.0044037644,0.010099289
76711,0.007251954,0.00037736795
103510,0.010641007,0.15799674
94874,0.0030249201,0.019074159
135828,0.0056605195,0.016641757
43323,0.00088536326,0.012964552
121288,0.005035557,0.02425742
96523,0.039501555,0.00926686
43963,0.0025066794,0.0018894011
44603,0.007885454,0.029625095
135133,0.063350916,0.2425028
90526,0.0038957691,0.013333382
52104,0.006998704,0.016175171
131690,0.019002866,0.004650932
140206,0.00324434,0.0062573073
143123,0.00632817,0.008456629
88833,0.013925689,0.0032599212
114105,0.020283956,0.01747931
107810,0.010492024,0.028442193
92182,0.006846411,0.0007521746
34232,0.052134864,0.07050641
49694,0.0016887643,0.003572189
96980,0.029824879,0.022654884
37574,0.0023350709,0.0073185484
15400,0.0024735956,0.008577436
7046,0.0069411797,0.0055572125
65580,0.010479644,0.001584177
86744,0.00927241,0.036176104
107904,0.010446775,0.0037879802
19062,0.00037139154,0.009161845
39628,0.005182833,0.018824216
47823,0.000546842,0.0024102032
5251,0.016243897,0.022009429
31255,0.0072212177,0.0055964864
144951,0.0030266277,0.011005144
25417,0.0067960382,0.0062376703
11688,0.035132565,0.12507759
132183,0.013769662,0.02235094
55486,0.009088314,0.023204714
66651,0.00063563447,0.050517812
145673,0.010908665,0.007015459
76114,0.0017177924,0.01787546
99246,0.0013301792,0.0032238492
52612,0.026799958,0.018099148
78285,0.0005737359,0.07187756
6626,0.015062702,0.01001263
70753,0.014170935,0.00045164625
80419,0.02020797,0.09209245
33881,0.0058953073,0.0072673215
69747,0.036617454,0.0016934067
56730,0.008165064,0.011667244
57430,0.026250131,0.030542903
91199,0.0030735852,0.005118373
62182,0.013625801,0.002432828
4788,0.00831234,0.0017182193
71139,0.005379201,0.0072109723
87336,0.00043969342,0.00073766045
140435,0.004232156,0.003300689
29978,0.001711816,0.006574057
61025,0.017848592,0.17712599
74154,0.013143845,0.023326805
121535,0.0057211374,0.015349996
31893,0.0057424814,0.0019214177
119151,0.0064494065,0.0017459671
145347,0.0035064484,0.0013720143
144321,0.008183848,0.0046291607
18616,0.0067815245,0.031048339
121008,0.003707939,0.011508015
45254,0.014104339,0.014577331
111684,0.00034065568,0.008999628
74745,0.007585779,0.0045847646
67050,0.0007969976,0.00084224774
87779,0.014103487,0.029491907
70974,0.0052899816,0.0009912312
122360,0.019478848,0.008215865
45307,0.0031222503,0.0037762413
112509,0.001301151,0.0008751179
77076,0.0012080898,0.0004285944
672,0.003375821,0.036947064
25606,0.008087798,0.016249875
149776,0.003666104,0.010422869
41313,0.0051960666,0.005622953
78701,0.011461912,0.009509332
129723,0.027174763,0.004240267
55732,0.008148416,0.012363495
3395,0.012961139,0.0036012172
40845,0.008356737,0.00437559
80235,0.041887857,0.003700255
54500,0.009469204,0.0075132083
80762,0.0031175546,0.011005144
125097,0.0020618634,0.003013821
142522,0.007777878,0.016450511
46776,0.010388717,0.0046069627
97952,0.0021924907,0.006253892
136210,0.01813458,0.013619824
132843,0.012929549,0.0040374957
93963,0.0014616605,0.029659249
80698,0.010177835,0.035017535
104264,0.008460044,0.015248399
148632,0.008623114,0.0059286044
109429,0.0004951887,0.012136391
20343,0.011099057,0.006513439
147628,0.014077018,0.0076634726
88138,0.0014445848,0.0062513305
36528,0.0025246087,0.0019073304
6427,0.0030343116,0.00019295285
79782,0.00032187268,0.011082835
130780,0.0064647743,0.0012759648
62354,0.0007197312,0.0022616463
14799,0.0034885192,0.051663574
141416,0.019453235,0.002066986
68685,0.0005293396,0.014818951
60956,0.026830537,0.026386831
44204,0.0052063116,0.0022881133
80148,0.012402771,0.016045822
28423,0.0071253814,0.0034171224
143681,0.03210787,0.027225137
80147,0.004024689,0.0013762831
70265,0.011443128,0.01751602
31068,0.015270595,0.0323973
61272,0.007042779,0.004055425
2343,0.01646161,0.013522709
89923,0.00033425234,0.016161082
13746,0.0031000522,0.00063606136
49767,0.0014847124,0.0057843165
138020,0.0055917907,0.003821064
11689,0.028861823,0.076860204
119431,0.0029267361,0.0028720945
64770,2.0490566e-05,0.0027901323
50454,0.009622456,0.0037741065
91087,0.004397788,0.0683899
39850,0.0064707506,0.025999973
3663,0.0033083728,0.0022411556
108150,0.026583951,0.11053407
73395,0.0002497288,0.012001922
72395,0.03660641,0.019535193
147386,0.0136970915,0.48509216
59333,0.0017574931,0.0005297666
117324,0.00010501416,0.009946463
118543,0.0058035264,0.010862135
114815,0.0071486467,0.018570429
17147,0.0011645473,0.0021173586
86564,6.4033025e-05,0.013452057
123504,0.0055734343,0.024864452
8287,0.0010352539,0.0076505067
14758,0.0002761958,0.02611246
124682,0.014537204,0.020331768
7630,0.005232352,0.008145428
63988,0.035771843,0.2972238
103538,0.0023214105,0.018442364
139459,0.0025100945,0.005593071
23207,0.0076207835,0.009948171
64859,0.034044445,0.051427938
94888,0.036777165,0.015140822
111061,0.004652213,0.0002552783
148869,0.0058457875,0.0026868253
101494,0.015776882,0.008211595
117001,0.0031508517,0.015980508
140870,0.00836442,0.003545722
28769,0.0058790855,0.007746289
115680,0.03505206,0.009740117
31490,0.010981664,0.00385863
111268,0.01994586,0.012223477
81005,0.021766108,0.0021745616
79647,0.0020285663,0.020952461
134832,0.008827166,0.0001391651
146053,0.005661373,0.0076660337
120630,0.00091759325,0.0072086253
140280,0.0047025853,0.02873717
23722,0.015062274,0.022628417
23867,0.0051158117,0.0032375096
143675,0.00491859,0.011707584
44749,0.0026688965,0.00084438216
11354,0.002717988,0.013067859
78064,0.0045817764,0.016587542
128633,0.00044310853,0.00492542
10981,0.000590171,0.008588003
76037,0.0072895186,0.0078487415
122510,0.005865852,0.02907057
2155,0.004591595,0.004265453
142868,0.00082133024,0.0020541793
103761,0.004994149,0.038979474
68167,0.0039888304,0.19908966
64739,0.003130788,0.001595703
22280,0.010279435,0.016638342
37379,0.0038300287,0.024137037
2517,0.0059499484,0.01145935
40499,0.0010919765,0.016535034
76459,0.0078037055,0.030266706
113993,0.008046817,0.005744189
107676,0.010369935,0.00067533494
88919,0.013043954,0.012225185
47632,0.0005182406,0.012952174
19905,0.0048519955,0.012420272
137468,0.007962294,0.003316057
29170,0.010121486,0.021091625
27196,0.019825697,0.0068854913
90372,0.014255566,0.070559666
108415,0.015831525,0.108727485
120977,0.016387334,0.0040793307
37201,0.004303019,0.0016204624
131763,0.0035038867,0.0003568774
14344,0.0001741698,0.026970714
136513,0.029876962,0.016443683
114593,0.006329878,0.009853402
13098,0.0009459812,0.0023103114
19496,0.015285537,0.020913614
63508,0.008461751,0.021347757
28055,0.0036806182,0.012262752
25393,0.0049851844,0.0038214908
37332,0.008377228,0.012921865
81624,0.004607816,0.0053821895
30849,0.0021587666,0.010467692
20877,0.0067302976,0.0033852125
94538,0.045104027,0.009770586
95259,0.009844864,0.04324792
123685,0.004118604,0.0045702504
127480,0.00023137263,0.043190714
48507,0.0076621915,0.016940577
93818,0.0038824289,0.01310532
37560,0.0007291227,0.0024793588
97218,0.0023756253,0.009310402
137583,0.00236602,0.030241948
117978,0.020168697,0.030913437
118314,0.00027320758,0.0048229676
129794,0.0069019063,0.0035935333
74134,0.03391339,0.008255565
30691,0.00014684907,0.007687378
25372,0.0028080617,0.00537109
33780,0.014042657,0.007601147
31605,0.007328793,0.013973714
44550,0.0024281323,0.001319934
32904,0.0018334789,0.015025989
77668,0.008249589,0.016579432
133123,0.0005856888,0.011859771
121021,0.0015034954,0.008872416
82849,0.062081344,0.012460826
122465,0.22659318,0.06598751
39430,0.013148969,0.013834549
80588,0.07214736,0.0038214908
112668,0.0042248988,0.023343027
5997,0.00091866043,0.013484503
133301,0.025223037,0.5904433
64513,0.0054470757,0.019690583
45418,0.005255617,0.008683092
144424,0.010886468,0.0065407604
4107,0.0009237831,0.0105432505
81295,0.018958898,0.010014765
32948,0.0006087406,0.008274774
121291,0.005556359,0.0014309246
48235,0.0034789143,0.012515894
24678,0.0014403162,0.005752727
12927,0.0014462926,0.0792606
24994,0.02343865,0.013345337
13580,0.022848694,0.00963569
24232,0.047729384,0.009618615
101813,0.010507393,0.039421305
140950,0.0036268302,0.018023161
98899,0.012277692,0.009966527
43566,0.0036276847,0.0021054058
56168,0.002421302,0.01892987
87954,0.021906978,0.025952589
125712,0.0032539715,0.00070519035
32793,0.017092656,0.033401605
68204,0.06942809,0.03142058
62274,0.015977094,0.004885293
77909,0.0071810903,0.009198558
33339,0.021695245,0.019740101
21319,0.001368599,0.0008973161
117409,0.00442767,0.019110017
147373,0.010457019,0.04174613
59260,0.0056980853,0.01233959
69931,0.0028336747,0.010999166
49658,0.0063637085,0.0065926267
143710,0.008360152,0.016973875
132417,0.004552321,0.0097987605
117198,0.0076028546,0.004609524
126036,0.027057799,0.0698744
109597,0.003952972,0.00023222643
114929,0.0063870805,0.0016238774
106227,0.011629252,0.0025186324
48694,0.015296211,0.014219602
76704,0.0073996563,0.012656339
128078,0.010485194,0.003933335
22079,0.007601147,0.007999859
35933,0.05671024,0.020023981
2701,0.008298253,0.0058790855
46565,0.0032494625,0.011465327
55957,0.0027124388,0.013075544
62279,0.02109931,0.004673557
18103,0.016079975,0.00079358264
131745,0.0051243496,0.022524258
136720,0.07929945,0.007785562
71780,0.0013694529,0.016993513
79262,0.008675622,0.0040942715
1863,0.004499387,0.017123284
132831,0.00624258,0.011170561
59907,0.013101584,0.038463153
87683,0.004894685,0.0180539
29083,0.014316929,0.009273689
138441,0.006131802,0.0035107173
143753,0.0016307076,0.00820818
5100,0.006216326,0.018861141
90401,0.035234395,0.0030428492
52364,0.0077484227,1.6005447
20968,0.0016605896,0.006422085
38495,0.017616764,0.00581932
143537,0.0019372124,0.0044473065
54308,0.00089688925,0.0028951464
31800,0.021665148,0.000228171
135933,0.013446509,0.008648727
10108,0.006394765,0.006570642
6553,0.0023924871,0.011574184
58199,0.027195254,0.0020268587
124046,0.0036413446,0.010661926
108887,0.0073159863,0.011406844
111575,0.01068583,0.011320184
128463,0.020396227,0.0034035686
138792,0.0028268446,0.007637006
104822,0.00013489624,0.00090073113
147561,0.009929388,0.025594428
103681,0.00242984,0.0056067314
107045,0.0018228068,0.019288454
106132,0.014309246,0.014127392
128356,0.00090073113,0.0044951183
112503,0.0037506276,0.014538058
44151,0.0038838163,0.00939834
125892,0.0042184955,0.0046923403
134515,0.0016657125,0.009335161
55434,0.0008785331,0.016848369
50070,0.009509331,0.00557941
140636,0.0022701842,0.020717673
131213,0.003674215,0.039363675
46322,0.022776121,0.004016151
107476,0.0055324533,0.0164932
43611,0.0043320474,0.013118233
57489,0.008972308,0.012985898
116748,0.00017758492,0.00034577833
63956,0.038492396,0.008526636
24589,0.004829797,0.0243778
75306,0.004334609,0.0037019625
35184,0.0058620097,0.0018757407
86569,0.016628949,0.0037011087
28483,0.008658973,0.0053651137
74212,0.005285286,0.02454642
34015,0.009274543,0.020671569
72194,0.015732488,0.007058147
75708,0.025712678,0.0067230407
50021,0.01418801,0.019001586
98580,0.010036109,0.0129474765
48501,0.0036720806,0.013071275
58849,0.0031030404,0.0027564082
92870,0.011422639,0.0011867452
92150,0.005074617,0.03161866
89693,0.011019229,0.0082004955
123,0.05188385,0.0070436327
123418,0.010248698,0.006751642
109041,0.010913787,0.0031213965
29323,0.002161755,0.022379115
123546,0.016660966,0.0057377857
50842,0.0030471177,0.0011713774
42736,0.0077565336,0.001452269
7726,0.012933603,0.024101606
6251,0.00331595,0.005439285
139321,0.0040033446,0.031640857
44985,0.0029109414,0.0403707
146616,0.0018175772,0.0036121558
12629,0.026194634,0.014614898
138390,0.013971152,0.012765624
39442,0.009969515,0.0021583398
130246,0.0032656842,0.010243576
66284,0.0071785287,0.005515378
31830,0.0010287972,0.0063281697
89197,0.0057706553,0.0146703925
34529,0.006016116,0.009336869
114169,0.008089505,0.007075222
70048,0.013222179,0.08230518
39566,0.0016204624,0.026506258
100273,0.01719436,0.017849421
239,0.0050181616,0.0044982126
16386,0.02223739,0.008598355
66661,0.0005481227,0.0054718354
47499,0.003888939,0.026472643
99462,0.023195539,0.007966135
83742,0.0014420237,0.006989845
14654,0.0019517266,0.010404086
47329,0.002452038,0.01628061
10797,0.0014480001,0.017976204
51541,0.00042902125,0.0037617267
60177,0.005249854,0.0015009341
103862,0.005844081,0.016898742
115789,0.00145483,0.015738463
37192,0.008600916,0.004063109
18309,0.0036140238,0.008851925
3321,0.014490247,0.00881436
84345,0.004348269,0.0143391285
136705,0.0038727168,0.003726722
80463,0.009064515,0.0014198256
6703,0.072307445,0.014037746
129124,0.001396347,0.0015602711
83527,0.00080254715,0.01180342
43873,0.027059505,0.0026723116
39443,0.027210625,0.021568885
84732,0.023535978,0.0051653306
2924,0.017793285,0.00048323584
41773,0.00771043,0.00011696699
87708,0.00056861324,0.005159355
123270,0.0012891982,0.008819482
50595,0.001489835,0.014450117
57024,0.0066756564,4.0981136e-05
134823,0.008524184,0.019186135
133402,0.0038308825,0.0017271842
108202,0.0065347836,0.013547679
8752,0.0018501275,0.027567498
52998,0.0089279115,0.008219279
97082,0.0047418587,0.0058099297
107143,0.05822398,0.027163878
61428,0.003330571,0.016073141
117955,0.010701626,0.009187459
71517,0.03201225,0.033897378
123332,0.008996213,0.00088365574
12808,0.0008640189,0.00087341043
114165,0.0054334155,0.018479077
22529,0.019621853,0.04391456
82322,0.0013229223,0.008960783
66478,0.0096152,0.0075132083
96994,0.0077853487,0.0048660827
12838,0.0006454529,0.018526033
34059,0.00044737733,0.0034859579
9674,0.0022573774,0.010209424
71061,0.0018040237,0.030678652
149781,0.0034927877,0.0038590569
121228,0.01081902,0.035275377
82246,0.0041527553,0.0006685048
54927,0.00139592,0.011030542
28013,0.020615218,0.011398304
148275,0.008216718,0.030263718
81101,0.014333152,0.0018415898
85355,0.00089560845,0.00033894813
124493,0.0020652786,0.009386388
97754,0.09542986,0.05456897
18471,0.006503193,0.013992497
94884,0.00057971233,0.02807635
66106,0.0019594105,0.004544637
40698,0.030806292,0.0075883404
23163,0.001097953,0.0721081
63141,0.0016511983,0.007822274
78001,0.0038052688,0.0012063821
36999,0.0028285522,0.0037480663
6358,0.006560397,0.0012413869
126725,0.023262346,0.15477753
28535,0.0053360853,0.016972167
8039,0.0036167987,0.05535258
36606,0.0023717831,0.0009937925
110457,0.0020908916,0.021558642
46985,0.0012687077,0.0011346652
57650,0.003093222,0.023944084
110696,0.0030291888,0.015402077
113165,0.0072893067,0.031205008
17948,0.004167269,0.02347195
71182,0.010623505,0.01248644
12238,0.0056852787,0.0014275096
17461,0.027887665,0.016693836
143308,0.005666923,0.017851127
143193,0.0017331606,0.005909821
95551,0.0027662267,0.007241709
148610,0.009600685,0.00046616036
140818,0.0059747086,0.0052882745
91102,0.00093445525,0.004806319
56752,0.0070479014,0.007816298
145896,0.0021540711,0.02692461
64759,0.012926133,0.0035969485
86934,0.011874285,0.015210832
94211,0.0006548444,0.013250568
133332,0.025799336,0.029795
118878,0.00997976,0.014915425
57497,0.0010467265,0.0011824765
126517,0.0022052974,0.029233214
68210,0.005373651,0.020312985
57626,0.012269154,0.020481603
49821,0.00606222,0.0021822455
146173,0.014001888,0.05647375
122735,0.00031675003,0.0038317363
106020,0.008479681,0.0009212217
72577,0.0003380943,0.0144911
149379,0.0020260047,0.010686684
147282,0.009254907,0.0024392314
2921,0.012932965,0.007774463
112173,0.024819203,0.038624734
49151,0.0062666987,0.0008742642
73499,0.0023675144,0.0114141
109941,0.0062128045,0.019080667
134826,0.0053642592,0.002432401
6480,0.04025288,0.0062436466
42790,0.009683502,0.0169346
122842,0.0036208536,0.0035329154
23887,0.027591405,0.35805297
11328,0.0071734064,0.0012644387
61017,0.0028114761,0.001233703
30971,0.013359424,0.02864966
84126,0.0027320758,0.008728982
118589,0.0069693546,0.014959822
29319,0.0001263585,0.025179494
130588,0.016951678,0.0082218405
64421,0.00020319813,0.0056938166
11242,0.024082823,0.010339199
70058,0.0014102206,0.0006798173
148199,0.0015752122,0.0005028727
115018,0.002237314,0.0016149129
119703,0.007650666,0.011489231
447,0.0017878021,0.008510415
89993,0.007006067,0.03251
82455,0.02253109,0.00018868397
83862,0.0024571605,0.011899897
124456,0.014385233,0.005816759
7447,0.02785437,0.08962588
98090,0.004846873,0.003541453
69826,0.030180905,0.0013728681
9689,0.040748067,0.007932411
59350,0.0133146,0.03859912
133688,0.0021754154,0.0066406517
116996,0.0056037433,0.03289804
111189,0.00036925712,0.0075819376
109286,0.012065957,0.013358143
83093,0.0040908563,0.017046873
114954,0.009308695,0.006054963
139376,0.014166666,0.047176138
109412,0.009298449,0.004402057
142267,0.02431633,0.019094648
60976,0.0048297974,0.0023282408
72350,0.016478688,0.02114883
121473,0.007022288,0.0060916753
118665,0.02584544,0.008366128
138428,0.003824906,0.0023478775
16077,0.0011517407,0.0058295666
40592,0.00022454247,0.004340585
120297,0.029047947,0.0034789143
108745,0.006925812,0.011335552
41471,0.012722081,0.0013822593
110787,0.0012746841,0.002388005
20751,0.007832307,0.011352842
39020,0.0030880994,0.002009783
67495,0.00015367926,0.0064067175
140961,0.001301151,0.0042304485
57620,0.0060080057,0.029333109
104914,0.012001496,0.0026612126
129848,0.012526567,0.003983708
55746,0.00069582555,0.023186786
73158,0.01522065,0.011470875
69861,0.00068643404,0.0010527029
131675,0.0013976275,0.005551236
103635,0.00089048594,0.0039896844
140875,0.0023508659,0.0009583609
108849,0.0032016512,0.05073638
50180,0.011285181,0.015087035
61256,0.002145533,0.006099359
13937,0.0091353785,0.00091225706
79563,0.027055236,0.0029284437
92748,0.0059610475,0.004507925
37514,0.001252486,0.016695546
113915,0.0023290946,0.015672723
98561,0.026317576,0.020054292
140213,0.0009841875,0.004944577
93712,0.002530585,0.028674845
7652,0.016639197,0.0027260992
117794,0.017307274,0.0192654
91267,0.0019184294,0.00387784
1766,0.0046334295,0.009477741
129788,0.041012313,0.016543785
117783,0.12705773,0.009910605
59501,0.0076925005,0.034432698
7675,0.013218124,0.021388741
123972,0.0032340947,0.025057405
125827,0.0021626088,0.0076707304
72619,0.010349443,0.030729879
56157,0.010527029,0.003497057
70249,0.009475181,0.010427992
97087,0.016195232,0.0027619577
5559,0.0040178588,0.010521906
75630,0.018602446,0.00087639864
4931,0.018515788,0.036149636
56074,0.019055374,0.081758335
148679,0.00057544344,0.0013779907
141678,0.009649136,0.008448517
105358,0.086757615,0.0055542244
121044,0.008466873,0.03698698
84093,0.0069539864,0.011816228
67787,0.010485621,0.031768493
40851,0.015236443,0.015566002
115786,0.0025630286,0.02890878
58950,0.006661996,0.004404619
12194,0.030234266,0.0037245876
42326,0.013813203,0.0013775636
141701,0.0042970423,0.011280057
108705,0.0060302033,0.008450652
44947,0.019342244,0.02743602
130260,0.0020413727,0.009292472
80058,0.0015521605,0.029182201
91324,0.00030266275,0.0001553868
5596,0.025538933,0.0003133349
91642,0.0078585595,0.012913753
55186,0.018756125,0.022851681
51435,0.006658581,0.0010339199
42295,0.010093739,0.018149951
90513,0.0092378305,0.017589446
132874,0.015063982,0.012103522
32884,0.0038283207,0.0037305637
121347,0.0103281,0.0074081942
91651,0.007871793,0.001123993
140526,0.00901585,0.021047229
80787,0.22806667,0.27637783
27004,0.0017399905,0.026510527
129693,0.010678147,0.021971012
10212,0.019501043,0.009768452
23100,0.025268713,0.019248754
69296,0.004676972,5.0372644e-05
142641,0.002270184,0.012406186
141768,0.016869714,0.0075909016
114349,0.0012441615,0.022568228
62389,0.021477532,0.0065646656
142715,0.012841608,0.00817659
38587,0.0055922177,0.011972895
92156,0.0067729866,0.0032981273
89242,0.005091906,0.07995003
75835,0.00528059,0.002653528
76323,0.0013899435,0.010229062
50833,0.0011593179,0.03871224
113826,0.0011585709,0.009942195
140047,0.0048519955,0.012621337
126841,0.002493019,0.00920368
134760,0.0023845898,0.005555932
39327,0.002383096,0.044221863
8171,0.008081822,0.015773466
82908,0.003945288,0.008053647
68032,0.009129401,0.0068131136
20742,0.0037292833,0.0010953916
44182,0.0034825427,0.01346828
103436,0.0073492834,0.0030650473
7725,0.0064178165,0.0017340143
95677,0.0040810383,0.03307862
141083,0.0026757265,0.004320095
138442,0.0077943667,0.04296676
149357,0.005387739,0.011475999
91879,0.015887447,0.023253808
84894,0.008023765,0.008874977
123501,0.0040981136,0.009731313
8242,0.0026142548,0.009730459
124592,0.0126187755,0.09077336
36633,0.006016543,0.019577028
37084,0.0010919764,0.004787963
69742,0.01518906,0.0013329539
105060,0.004931397,0.008743496
132602,0.0052071656,0.0019252596
79669,0.009887553,0.01829381
1737,0.0064769406,0.030319003
91205,0.01049117,0.00464709
68136,0.050658688,0.05287252
139182,0.0061245454,0.025444591
178,0.0057885847,0.0002783302
83183,0.007825689,0.0052976655
25892,0.007945217,0.0039546792
81400,0.0034244861,2.9882078e-05
100178,0.00870529,0.0064466316
9155,0.013272766,0.025057403
149393,0.011516125,0.049284745
77339,0.007842765,0.019342242
133160,0.014771353,0.021560987
83545,0.00078547176,0.008979138
17073,0.011997228,0.009896944
19234,0.024251442,0.07192282
101910,0.012784834,0.02193259
35436,0.103384525,4.7811325e-05
136390,0.01164035,0.0029788164
26069,0.018697646,0.014315223
111623,0.007928142,0.003782217
89811,0.032562934,0.0061241183
91985,0.00093146693,0.007207557
39841,0.018119212,0.015090451
106264,0.004657762,0.0031192622
32489,0.0018497006,0.02895958
39995,0.008028034,0.0039563873
2470,0.020143935,0.0053121797
55779,0.009112754,0.0022383812
11253,0.0017592006,0.0028311135
116956,0.004840896,0.0044968254
121666,0.0068780007,0.004638552
51747,0.008010959,0.0036498823
12205,0.041973237,0.0013737219
88488,0.002274453,0.003285321
126140,0.0007082053,0.020036362
4135,0.0075046704,0.034208156
121171,0.0074000834,0.0061263596
128010,0.00054300006,0.004242401
6627,0.014558122,0.037589103
3399,0.00077693403,0.00068814156
144742,0.00528059,0.0014932501
37809,0.011918893,0.15484798
148479,0.010619237,0.018294664
29574,0.0120996805,0.0004635991
9934,0.0022872596,0.012921864
47179,0.013641597,0.010451042
93621,0.012156456,0.0018189646
105057,0.023394251,0.016147424
25920,0.0049390807,0.0012917595
3448,0.010716568,0.021696951
101094,0.0024187407,0.00897188
28124,0.010932144,0.00070820516
113394,0.019684605,0.040297277
122817,0.01881253,0.15999764
19761,0.010095874,0.01101795
54944,0.0057091843,0.002071255
74120,0.00047811324,0.0010305048
125637,0.015587346,0.017817404
30636,0.00836186,0.027188428
139787,0.013046515,0.0075499206
47991,0.0058005373,0.0042202026
86006,0.0013983746,0.0065306746
89863,0.03374541,0.2836257
128712,0.0042925603,0.015555543
134772,0.0031922597,0.0070905904
81768,0.008526637,0.0040152976
56747,0.0017305992,0.008809238
15629,0.0060874065,0.0009750095
28866,0.015274865,0.024888145
129917,0.023541959,0.032631237
96584,0.014648194,0.010982946
130037,0.08671707,0.005507267
18238,0.0018168304,0.014955553
117206,0.003925438,0.010582737
84297,0.012275559,0.0032545847
6195,0.012521445,0.0021788303
102835,0.019411398,0.0044148634
102299,0.0003726722,0.008583413
88537,0.0064750197,0.0026082785
18771,0.026005097,0.00872386
111679,0.004916028,0.016665664
2507,0.0031205427,0.0031188352
54536,0.0105039785,0.011683039
114188,0.0010023302,0.0020166133
131967,0.024297545,0.060898863
40140,0.010264066,0.0001750236
77273,0.00083499064,0.012640759
30207,0.0065236837,0.0019747782
132292,0.057382155,0.0806655
70996,0.002757262,0.0141717885
96399,0.0026005944,0.011256792
65402,0.0044114483,0.038141493
95640,0.0027739105,0.0029933304
99192,0.017265012,0.006003737
4132,0.010636312,0.00216517
56328,0.008666016,0.008886823
98311,0.0042466703,0.007034241
111045,0.021815624,0.007641701
130113,0.008059624,0.012343858
56570,0.004165562,0.0042663068
129270,0.012942355,0.0029672903
54630,0.01827764,0.013362997
131622,0.0025109483,0.011244198
53062,0.0014360473,0.003123104
55081,0.016673345,0.026161337
17369,0.011946,0.0177491
1042,0.004972378,0.025843732
6894,0.0005472689,0.00089304725
55396,0.0037933164,0.008738373
129812,0.0020729622,0.009667279
76263,0.004817845,0.010029279
98265,0.004821348,0.033755977
46366,0.014155568,0.008482241
121564,0.006345245,0.0038010003
19207,0.0042449627,0.01158144
120835,0.018859861,0.0027056087
9837,0.0064075715,0.0084088165
24956,0.004997137,0.017235557
3878,0.00025442452,0.009025242
96883,0.0020311275,0.005132887
117897,6.33927e-05,0.0063811042
755,0.008667511,0.0021882218
76468,0.0069128987,0.036342215
33587,0.015787128,0.0100250095
23901,0.006483557,0.018249415
88706,0.004519878,0.0036601278
137810,0.0028575803,0.0012917595
15047,0.015329506,0.0032784909
3097,0.0065151467,0.043139916
141408,0.007378312,0.0149196945
98267,0.0054223165,0.006613331
55710,0.005786024,0.004952741
15404,0.01874204,0.0030915143
54136,0.00027320758,0.0028849011
89750,0.015841557,0.039482456
17832,0.013247579,0.008116399
9424,0.00029967452,0.00011611322
89589,0.008086091,0.003235802
138140,0.0028857545,0.0013455473
4113,0.043434016,0.21857513
133298,0.010092458,0.020641686
17318,0.014030917,0.0077240905
108494,0.0024394982,0.027521506
73508,0.00660522,0.0027564082
113419,0.046721075,0.026595905
149909,0.01200235,0.027459927
71983,0.0048036505,0.011388061
97854,0.0069001988,0.009335161
103108,3.24434e-05,0.0043790047
104010,0.005117359,0.004907758
7633,0.006066062,0.0014249482
88260,0.010422868,0.047319572
118029,0.0009908042,0.005175149
13329,0.0018731795,0.008226109
15254,0.013958346,0.051991
130152,0.011993386,0.015726084
13554,0.005631491,0.007874355
24300,0.0030104055,0.017649636
41330,0.029411655,0.017266719
100510,0.0045676893,0.017886562
29361,0.008656838,0.010087335
99524,0.001282368,0.02458612
96257,0.012200426,0.014268265
5013,0.0042833826,0.0073800194
142412,0.00038334436,0.004004198
5848,0.0023325097,0.0074517354
74263,0.0052071656,0.0033100802
93694,0.024977362,0.028930977
71333,0.023707587,0.0023897125
38436,0.013191657,0.018199041
110678,0.00893218,0.005861156
53322,0.009604953,0.0028200145
38154,0.0030462644,0.0017613351
37046,0.008318317,0.0074594202
146673,0.008255992,0.015300478
94846,0.0007111935,0.0020917454
125488,0.022676121,0.016456595
9427,0.0037403824,0.00010586792
29504,0.011168213,0.015859699
139647,0.0118905045,0.011927217
82005,0.0013455473,0.0069872835
107216,0.012134259,0.009021826
137221,0.07924208,0.13751751
44146,0.002938689,0.0015863115
7218,0.0102538215,0.004251793
61456,0.02147337,0.10223139
8272,0.009791077,0.0016904719
13881,0.003802708,0.009598124
102808,0.030513877,0.015756393
79780,0.005772364,0.01576237
8931,0.006831043,0.005619538
16157,0.0005592217,0.007920458
132361,0.002873802,0.0010689247
18329,0.00045591508,0.0013609153
18364,0.02668619,0.025230827
85806,0.0023111652,0.0041109207
75645,0.010339626,0.034574
63810,0.00941627,0.047885627
77383,0.005202043,0.007636152
21615,0.0053028683,0.005797897
147514,0.017759774,0.012185485
147564,0.004613793,0.01209968
94812,0.0023521464,9.135378e-05
64699,0.01326679,0.0010689247
763,0.005288274,0.0018680566
97755,9.989152e-05,0.0142768035
24458,0.0080152275,0.1303401
71371,0.0014313515,0.010877931
46358,0.013685992,0.008019923
28479,0.043668192,0.054265674
20752,0.019963788,0.01927821
101850,0.007339892,0.025733596
30932,0.0006061793,0.022989567
28806,0.0032326004,0.017393718
65515,0.0028814862,0.008805822
23530,0.007008628,0.02192576
76933,0.033174235,0.0037480663
63213,0.002800164,0.0152353775
85703,0.010254035,0.037353247
18017,0.011935755,0.025672123
106164,0.0028567268,0.0059695854
122553,0.008994932,0.020755239
103511,0.00130542,0.047967587
125226,0.004278687,0.017273761
119607,0.013432634,0.028604303
58322,0.00070692465,1.6824316
39958,0.015089596,0.018864984
66272,0.010973127,0.0056267953
64868,0.0016068018,0.0035465753
105703,0.0029463728,0.014257167
1891,0.015430251,0.007716406
58872,0.04370597,0.048383377
47190,0.0011773539,0.0038769862
65150,0.008109143,0.03967231
57724,0.00923655,0.016242618
148627,0.0004285944,0.03220179
100496,0.0028913044,0.008870708
18836,0.004372175,0.015112648
60539,0.000335533,0.017102795
52303,0.008935595,0.029451782
116639,0.0041553164,0.017913882
54695,0.0011564364,0.00022411559
100400,0.012021986,0.003316057
119455,0.0054218895,0.002388005
110225,0.008489071,0.009727897
16856,0.010369081,0.0056041703
46968,0.0028311135,0.0129901655
77596,0.0052669295,0.0050739767
137714,0.0005024458,0.0014582454
110088,0.0040221275,0.0023068965
91216,0.0016998634,0.0018953775
43344,0.0030684625,0.0019888657
105566,0.006323902,0.019591546
6372,0.003757031,0.016016368
71626,0.0008102312,0.013539997
3752,0.011278776,0.0015483185
98078,0.006679925,0.055676322
129193,0.004275698,0.011318477
47758,0.010513369,0.01984042
84076,0.0011286888,0.00029711323
93951,0.027749782,0.08579115
16382,0.03023843,0.0021928109
118897,0.019243633,0.012455704
128369,0.011245052,0.009340283
126784,0.0056929626,0.0019295284
45776,0.010629483,0.029860737
68239,0.0065877177,0.012447166
92909,0.014634961,0.006762314
86280,0.0072109723,0.017185612
38753,0.006114727,0.019128801
18929,0.0029568316,0.009468136
136446,0.021078821,0.0018061583
19215,0.0057386397,0.04448077
82120,0.00721268,0.02460405
92206,0.011428187,0.015889155
128332,0.008726422,0.0017425522
44156,0.0029860733,0.0056148423
139479,0.0051585007,0.0030915143
3192,0.005008663,0.009511039
10527,0.017790938,0.0093428455
63856,0.012543642,0.009411147
138937,0.0073283664,0.024106726
113050,0.009125987,0.0011799152
119031,0.010311024,0.00080937735
10071,0.006304265,0.0062308405
28728,0.0015837501,0.0017664577
1001,0.0001391651,0.029649004
40929,0.002150229,0.008738161
138266,0.012676111,0.1162255
22742,0.0024528918,0.0027235376
111424,0.0010655095,0.01902293
62079,0.0060745995,0.0043935194
73669,0.012508211,0.0011931487
7727,0.004599279,0.00089304725
10346,0.013224101,0.068173036
97808,0.0120356465,0.015525874
10249,0.003166433,0.006080149
26932,0.014252469,0.005948668
95786,0.003966632,0.00901585
35425,0.009236978,0.0016392454
40122,0.0027973894,0.010796821
124699,0.0046291607,0.0070709535
98434,0.0033006892,0.009370167
22663,0.004221057,0.013219832
31265,0.0015897265,0.014801874
16825,0.0015282546,0.0019713633
67872,0.012275558,0.019129653
127899,0.00038078305,0.002342755
132163,0.008342222,0.025151318
81478,4.695755e-05,0.011086252
9535,0.015530998,0.016752746
100811,0.008075845,0.02393256
43901,0.00013062736,0.006066062
35402,0.01266488,0.016326716
90867,0.006608208,0.04015384
69047,0.004156597,0.002526743
18568,0.0065578353,0.0021472408
45678,0.017708547,0.012296902
118901,0.00037736795,0.033798344
119068,0.0069586826,0.00727159
74910,0.0105342865,0.010133012
129758,0.00030565093,0.00026381607
105546,0.002795468,0.022736207
3418,0.010030987,0.011999789
24010,0.0049501797,0.008003274
25761,0.02834102,0.0019150141
24380,0.0024870427,0.004365345
46544,0.0031162738,0.010121486
76427,0.001885132,0.0061390596
50956,4.9518872e-05,0.037637766
36576,0.0005173868,0.012225185
93804,0.0054718354,0.006358906
77461,5.549529e-05,0.018534571
32082,0.018579824,0.02899245
135486,0.007379166,0.03992759
99214,0.0026552356,0.005564897
117490,0.0053471844,0.0075951703
93683,0.016445389,0.008526637
77196,0.010300139,0.030499043
234,0.0043440005,0.014015548
120641,0.0008136462,0.00095366506
118659,0.0075012553,0.004416571
97315,0.0012038208,0.008726422
44026,0.0015974103,0.0032289715
77418,0.0031004786,0.010554776
54893,0.00095110387,0.012751964
31093,0.014085558,0.03668581
25566,0.007585779,0.004598425
2192,0.0011261274,0.013818328
87983,0.027269535,0.0028507502
76126,0.0003338255,7.000944e-05
35558,0.0034381466,0.006638944
140746,0.0122858025,0.006492095
118005,0.012268728,0.0030419955
100929,0.012133831,0.013695383
148893,0.008455775,0.005177283
74543,0.024880674,0.0015231322
130645,0.0032187267,0.014193132
15798,0.0006181321,0.006223156
125945,0.0034048494,0.0058065145
10221,0.0120177185,0.022146035
59581,0.0070735146,0.007246831
52171,0.0010578255,0.010827986
27998,0.0067004156,0.024881527
132540,0.010412517,0.0011060637
86836,0.006679071,0.022868332
24926,0.0031176612,0.01353925
10182,0.008723006,0.016575163
148129,0.006341831,0.023397667
34279,0.00016376446,0.10852257
115284,0.0059584863,0.01413337
79106,0.021006247,0.005744189
127207,0.009539854,0.0155674955
6065,0.006750788,0.009941341
106011,0.0066355295,0.0055059865
29105,0.014903473,0.12013484
136422,0.010871101,0.000909269
25904,0.0021221875,0.0010794901
96245,0.0032639767,0.01343669
94435,0.009073907,0.0066867555
107560,0.00012550472,0.026074253
140620,0.011861477,0.009484145
130779,0.0036682384,0.0063213403
126323,0.006823359,0.0037147691
26718,0.00025741273,0.023277713
20234,0.010439944,0.022334293
22678,0.0016336959,0.005500864
128041,0.0046906327,0.031947363
93719,0.0036729344,0.01797535
86339,0.0045292694,0.0008691416
14276,0.026442226,0.01846627
137926,0.016621266,0.048551995
93895,0.003141887,0.023541959
75446,0.0060780146,0.0023162877
70994,0.0073006186,0.023848463
98510,0.00082773354,0.004395227
76240,0.001711816,0.010485194
2027,0.013962828,0.018549088
62196,0.00491176,0.015716692
73567,0.0038838158,0.011887943
103012,0.0033203254,0.0171156
130425,0.0052558305,0.057063702
32568,0.013144699,0.0068523875
87132,0.004236425,0.020669863
59202,0.006817383,5.9764156e-05
18136,0.0031393257,0.001505203
148214,0.031823564,0.00073851424
144113,0.00870545,0.016090166
143856,0.0072621987,0.0030710238
125759,0.00472393,0.010057454
66104,0.0661594,0.15828276
126155,0.0051012975,0.047782317
67519,0.0011858916,0.015296209
57786,0.050500307,0.08978961
61547,0.0023299484,0.007780439
104719,0.008080968,0.018932432
26977,0.014693445,0.0071460856
137834,0.0043243635,0.002470821
116539,0.012179082,0.01007709
42976,0.0033322787,0.011481548
23006,0.0018450046,0.007188774
115063,0.011262981,0.035692014
115244,0.010248486,0.003997368
147409,0.013591222,0.014450119
121058,0.009780297,0.0061336164
51501,5.0265924e-05,0.08239268
143175,0.0013685991,0.0029028305
103201,0.0029958917,0.0006966793
65486,0.0027278068,0.0077181146
125773,0.014981166,0.0011073444
59618,0.016369082,0.16990654
21344,0.009633983,0.0055059865
48771,0.04374866,0.042081665
126058,0.008162077,0.009142208
53395,0.004344854,0.015779445
8005,0.0057877316,0.017259035
62850,0.0015265472,0.0050415336
31452,0.0035090097,0.024178876
32812,0.029340789,0.0029480804
930,0.033385545,0.018404799
21446,0.0038360045,0.0034714437
32282,0.007893992,0.011587843
55668,0.009429077,0.019010127
99271,0.005550383,0.013653548
55483,0.0028020851,0.005985807
106541,0.014080862,0.003764288
106225,0.0069960346,0.018044507
101599,0.0012029671,0.0072024353
32213,0.0017724341,0.010264921
149231,0.009356292,0.0035241637
81747,0.017335875,0.03205579
60615,0.00026210852,0.015928855
41527,0.0048033306,0.0019252596
66052,0.017620182,0.01781228
108794,0.015859699,0.01451415
11609,0.0017519437,0.0005481227
16265,0.0002569859,0.03612744
58824,0.00048878544,0.0032699532
35068,0.0069650854,0.01740674
148433,0.025879163,0.014980312
17023,0.014261435,0.013826011
13429,0.0009788513,0.058306165
105979,0.0010941109,0.004948899
63178,0.0062069343,0.014404016
87600,0.016488077,0.0024947266
46969,0.010536421,0.034729812
45691,0.00994134,0.016193526
23254,0.0048648017,0.035669815
51911,0.006132229,0.001233703
82224,0.0037839247,0.006706392
61710,0.0003799293,0.020318532
128426,0.0034039957,0.013485355
121057,0.011212182,0.018147387
39084,0.000912684,0.0053138877
138636,0.002365807,0.014722473
628,0.004435354,4.9518872e-05
29896,0.005584107,0.034680292
118558,0.033331327,0.0030513871
56518,0.0101078255,0.0020336888
24033,0.015726937,0.014631548
80589,0.018612584,0.020225098
32301,0.00020661323,0.013037977
46784,0.0057467506,0.0036934249
24119,0.0020294199,0.013347044
138538,0.022193419,0.0038022809
98513,0.0029083267,0.004419506
88328,0.0016127784,0.011593393
37835,0.021224815,0.011983567
22748,0.0028413588,0.0038752786
107761,0.0107720615,0.023140684
116959,0.006066062,0.008854487
93716,0.0032597077,0.007486741
58519,0.007526015,0.022664275
90246,0.0022078587,0.012010035
95685,0.008988102,0.009289057
119254,0.0010343466,0.018857298
83335,0.006473738,0.010051478
133252,0.004029812,0.014915425
118192,0.000648868,0.02281881
107883,0.021861728,0.02113346
147124,0.012523151,0.026834963
55596,0.012027962,0.0013387171
92718,0.0017929247,0.1587327
97828,0.001240533,0.0012704151
71177,0.006439161,0.018057317
114540,0.003085538,0.008742643
83863,0.0053881654,0.006145463
31393,0.010037818,0.01825795
85097,0.032571472,0.0012704151
53767,0.007771902,0.025405744
70022,0.12561783,0.026514798
5913,0.02853312,0.029555943
131992,0.04013164,0.011143454
66019,0.0040588398,0.0082628215
95348,0.0031111513,0.010317
53745,0.023865964,0.029362136
68571,0.030599894,0.04063665
26658,0.0005220826,0.0072549423
64905,0.00037395285,0.012696467
145463,0.0005412925,0.013401685
123551,0.0012362642,0.018966584
53914,0.010530444,0.0014095803
16493,0.0041664154,0.011556681
17618,0.0023308021,0.0037301371
46288,0.001056118,0.021577423
54629,0.013549921,0.024616111
92811,0.07396996,0.09616946
17638,0.0057433345,0.015016169
24850,0.011115278,0.017822953
32786,0.0010719128,0.008442541
3728,0.0010868538,0.0014565379
34762,0.00034684554,0.021034183
50868,0.009408586,0.04381995
94264,0.007243416,0.01418374
2509,0.007321963,0.021725554
20325,0.0015167289,0.002861422
34640,0.004708561,0.00011013679
7108,0.0011897336,0.0040780497
41833,0.024726994,0.0986008
80262,0.009186605,0.012105657
113188,0.02772118,0.039691944
121559,0.0010168443,0.0032358018
139965,0.0016610166,0.008696112
69964,0.007446613,0.0027371983
15164,0.005443661,0.017154876
107786,0.004797354,0.008064746
81376,0.005495741,0.012438629
97920,0.004662458,0.0010339199
67441,0.0047136843,0.0027107315
90247,0.014474023,0.024055928
89374,0.010461288,0.01234642
100293,0.0033075192,0.006322194
96267,0.009841448,0.0074969856
84635,0.001101368,0.0025997406
123052,0.0041630003,0.009881577
60364,0.00718093,0.079483226
88795,0.0025442454,0.011619004
18602,0.0018467124,0.0049134674
137177,0.0013303926,0.003494282
1733,0.0015436226,0.005387312
80133,0.0051678917,0.008874123
122269,0.004098113,0.0031905521
66202,0.0060191043,0.0057049156
117543,0.018403944,0.020714259
13590,0.0019457502,0.016542718
144278,0.007133279,0.0127818445
132774,0.005149963,0.0031956749
118666,0.006341404,0.0011632665
48821,0.0034552221,5.805661e-05
100774,0.0017946322,0.0064852647
51925,0.0052872067,0.006903827
73913,0.0026945097,0.0050261654
5565,0.005304496,0.00065954006
98071,0.015906617,0.14781553
7639,0.0018953775,0.013392295
88168,0.02086623,0.022470469
10139,0.0051567922,0.01583323
84245,0.0067580454,0.004982196
31820,0.019100623,0.0121406615
32414,0.0024938725,0.059842743
76003,0.01465161,0.0053471844
60145,0.0018902549,0.015529289
56255,0.010351365,0.0021826723
78078,0.0005011651,0.006867756
105704,0.0017066936,0.00032614154
42029,0.00562893,0.0026449903
133556,0.0031649384,0.01497391
100899,0.0085949395,0.030984303
120711,0.004715392,0.0037702646
115151,0.0021066866,0.022664703
100555,0.0063580526,0.040438578
58890,0.0020985757,0.0023512926
78104,0.0155830765,0.014746378
134301,0.005812491,0.0035141325
94655,0.00089902355,6.317924e-05
112827,0.018984513,0.014576478
106579,0.09503968,0.004280821
24198,0.033694103,0.36682266
123741,0.0029941841,0.005231925
61769,0.0028951464,0.0021574858
109604,0.003132495,0.0014949577
121001,0.009129401,0.0035090097
42030,0.012483877,0.008023765
88992,0.0059764157,0.0041510477
107227,0.016473563,0.0053053494
64000,0.011736066,0.19528495
75529,0.006242793,0.01229178
47109,0.020068802,0.00919685
61884,0.0030889527,0.018654956
42574,0.011277336,0.06176547
86005,0.0061847363,0.01301151
69187,0.0016008256,0.029049652
136655,0.022416042,0.040716052
131119,0.0031451955,0.014486832
137239,0.0045898873,0.004348269
14281,0.011497769,0.011864891
37749,0.0039324816,9.9037745e-05
71779,0.0052379016,4.2688684e-05
11807,0.020488862,9.6476426e-05
90166,0.0031367645,0.060207732
22670,0.0022906747,0.014666124
66326,0.023860734,0.03833466
38642,0.0061727827,0.0045625665
37743,0.003960229,0.021740066
82187,0.001368599,0.00051994814
101326,0.0041154027,0.0046588294
60801,0.009396634,0.00078888686
87950,0.0037540428,0.007655788
93214,0.019813526,0.02413533
100511,0.007700185,0.0014710521
116128,0.062694356,0.00052933965
77360,0.006283347,0.000659967
107896,0.005125203,0.004538661
101401,0.01665371,0.0073305005
63873,0.008940718,0.043653462
137213,0.002863717,0.033324927
8135,0.001335302,0.0037130616
135302,0.0056349062,0.005664788
21656,0.008853633,0.0017212076
1108,0.023876637,0.021251284
9510,0.023532137,0.0207213
61039,0.0018492737,0.0036054861
110955,0.023086043,0.0067268824
131891,0.008411218,0.005058769
143091,0.010609845,0.012163713
148499,0.0002531439,0.0018578115
136550,0.0020614367,0.011437579
140750,0.009845718,0.009491402
39077,0.0055333073,0.00790381
95150,0.0017628291,0.014532241
132506,0.00033467927,0.00014087265
15158,0.0083046565,0.035689455
1083,0.0059123826,0.00464709
88601,0.005036411,0.018731795
44911,0.0064938026,0.015139114
57637,0.0005438538,0.008864732
10480,0.01280746,0.02192491
101119,0.01920137,0.021502718
23375,0.0047247834,0.04160013
5231,0.016347203,0.0027583293
26462,0.0030129673,0.008306364
141667,0.03139945,0.08990721
24661,0.004964267,0.00328959
76689,0.0019372124,0.016929477
144858,0.004408887,0.0019478843
3229,0.067544654,0.08051523
35036,0.0035064484,0.001324203
118344,0.0045600045,0.08019421
137166,0.0047263843,0.010473775
84152,0.0044626747,0.017932663
15602,0.0027167078,0.004533538
144404,0.015040076,0.031869665
44649,0.0010868538,0.02027115
32665,0.00062666985,0.0025049718
63492,0.001319934,0.0054803733
18642,0.0015606983,0.011853366
48358,0.005824444,0.0034594908
110374,0.0058398116,0.0058671325
2128,0.018310845,0.18043633
92471,0.004565554,0.009660022
86919,0.002628022,0.009329504
8821,0.0073637976,0.0011081982
87401,0.000110990564,0.0010885614
88899,0.015067398,0.0028379436
28824,0.0029365541,0.0057578497
32549,0.00184842,0.006477581
13086,0.0038778395,0.0062137647
8097,0.00019807549,0.048949428
118763,0.025380133,0.01339144
120052,0.001410434,0.0028772173
91045,0.013490264,0.015320809
35365,0.0014172641,0.029599482
149886,0.0027188421,0.012939153
44600,0.010315293,0.0014505615
123449,0.011579305,0.023593612
127826,0.0059875147,0.003545722
50655,0.03230723,0.005708117
39000,0.0009735154,0.018499352
57505,0.001760481,0.004679533
95994,0.014564524,0.0066551655
126900,0.009554794,0.0055828257
135735,0.004903649,0.00016136322
704,0.008191958,0.027982434
146918,0.0077847084,0.013911389
53143,0.00095494586,0.017359782
1092,0.051328156,0.047878798
98780,0.0026040096,0.00024332548
97947,0.013567317,0.015637718
83553,0.00074449065,0.00631451
84279,0.009797907,0.00067533494
133329,0.002202736,0.020448735
110567,0.01458112,0.04990144
33778,0.009622884,0.026320139
60304,0.005941411,0.026186949
11426,0.017236836,0.0006702122
73416,0.0114994785,0.015513067
149170,0.0070871753,0.018955484
14674,0.0033971653,0.014896642
5650,0.00083840574,0.0072229253
39919,0.0053877393,0.0052724793
32872,0.009335587,0.04033271
68539,0.011382829,0.0151320705
94038,0.0045173164,0.0018351865
32264,0.017934795,0.009659489
77184,0.006865194,0.00234617
98401,0.010693941,0.0044761216
94962,0.00938468,0.001686203
111915,0.011359458,0.0023154342
119306,0.009541774,0.006302557
64864,0.0108130425,0.00028900238
21724,0.03312322,0.011130647
109518,0.018135007,0.0088237515
96746,0.026245005,0.0043252176
123704,0.0020242974,0.014924818
87080,0.0065586893,0.0009459812
77037,0.00311542,0.03599767
36625,0.004429592,0.00014941039
95487,0.006679071,0.002254816
69779,0.0008973161,0.003077854
117463,0.004504937,0.011682613
128618,0.014689816,0.012253146
27300,0.010859787,0.06074881
85106,0.012404905,0.032263257
13382,0.005274614,0.00899536
111223,0.01914075,0.018088048
44714,0.0018287832,0.0021702924
33108,0.00862226,0.018556342
10663,0.004484873,0.0052840053
71986,0.00496384,0.010591062
6811,0.005424023,0.004793085
125445,0.007865816,0.047036972
19401,0.007473081,0.007876062
31920,0.08205288,0.33374852
136197,0.00083840574,0.0060472786
146561,0.022254037,0.013342775
123798,0.0001741698,0.0028311135
119180,0.0041083586,0.0025169246
147175,0.001606375,0.00138354
30140,0.032970186,0.025335738
48773,0.00842125,0.011679557
48089,0.01834589,0.020957584
6646,0.0092532,0.005492326
14542,0.008282458,0.0014378616
30949,0.01166084,0.0012076629
124649,0.00850444,0.03937776
38401,0.00478284,0.01341129
131158,0.00014450119,0.027328016
55910,0.022370579,0.05076541
96471,0.015241569,0.011432884
87300,0.010415184,0.009987445
129781,0.004594156,0.003802708
39962,0.00533822,0.0275278
131783,0.021068785,0.0020070085
127827,0.0022727454,0.004455845
65674,0.012228599,0.004793939
141757,0.005873963,0.017197562
143910,0.074441455,0.06256458
17683,0.007727505,0.0030300426
18040,0.14149307,0.17365776
48465,0.013068714,0.002048203
49469,0.00054641516,0.008403695
62062,0.006256453,0.011831595
47541,0.00445926,0.0063213403
141889,0.012863808,0.027004866
37626,0.004040057,0.00032101886
126670,0.024636492,0.026156215
70804,0.010814751,0.0049271276
116993,0.0026868253,0.0026347456
98347,0.0075832177,0.024125086
66558,0.0041092127,0.006860072
95916,0.0004802477,0.039260793
38775,0.0070969937,0.03929964
122396,0.014023232,0.025202546
45523,0.0053275474,0.018960604
21003,0.0038675943,0.012087727
30987,0.012159443,0.031081634
56666,0.050836693,0.023248898
112246,0.0078103216,0.009157577
145285,0.019240644,0.012030524
57982,0.041291393,0.38775697
102460,0.012358573,0.1876131
66088,0.0016036003,0.022310814
64997,0.017777277,0.0036515899
87231,0.019608514,0.007828785
149884,0.00083499064,0.016549548
80764,0.0010134293,0.011137905
89293,0.013894313,0.0035738966
48888,0.01054752,0.0052942503
107385,0.0014774553,0.00043585149
126885,0.0062163253,0.0091755055
25836,0.0031137124,0.011331284
34386,0.00014343398,0.00807926
92265,0.012830512,0.020296764
89821,0.003273368,0.007944364
59336,0.008595794,0.016958507
37664,0.01401811,0.010521906
127913,0.0002757689,0.0074773496
29034,0.0043883966,0.013646932
2374,0.0024084954,0.005570873
6017,0.018892301,0.020025263
62129,0.0040366417,0.009877307
104231,0.028553609,0.0034091182
112214,0.0042885053,0.021405812
137961,0.00122175,0.012440335
97798,0.007555043,0.004802477
11105,0.003519255,0.0031478636
65560,0.010972698,0.006698708
63308,0.0056425906,0.030759761
110829,0.010215401,0.011700967
75633,0.008318317,0.009794492
96778,0.004503656,0.0040904297
2372,0.008870709,0.015828112
117435,0.0035692009,0.008678183
126569,0.007347576,0.0030693163
61169,0.0028439201,0.035771202
91155,0.003408264,0.009005604
87268,0.0029813773,0.04713515
24359,0.02961229,0.0069556944
122392,0.010001932,0.014912598
60942,0.0024426465,0.030656453
50059,0.0020106367,0.02912137
37854,0.03198322,0.13133134
29222,0.00056690566,0.014731009
88160,0.019910004,0.0064511136
37152,0.01020857,0.0005216557
128898,0.0027252454,0.011231392
61029,0.0007701038,0.0047392976
27949,0.00018356134,0.019076293
67687,0.0046496512,0.024000432
46118,0.007578523,0.02590008
105411,0.002764519,0.0011867454
98358,0.016097048,0.008442115
2298,0.0027448824,0.0006386227
46159,0.0039546797,0.0027813807
82698,0.0055631893,0.0016955945
6720,0.00945469,0.0006155708
101563,0.0032127502,0.18267581
18171,0.005621245,0.010233331
140735,0.0044652363,0.0042142267
125974,0.0029421041,0.0028533116
149480,0.0016759577,0.008477973
56630,0.0027474437,0.00024759435
105604,0.007520892,0.017708974
58847,0.008622261,0.0032340947
116598,0.013586956,0.008164638
69037,0.0004371321,0.012431799
3798,0.001750236,0.019080132
88965,0.00139592,0.007683963
3444,0.0005267783,0.0014736133
140467,0.0127417175,0.0032562928
120912,0.00513801,0.014323761
55132,0.0070786374,0.012017932
108957,0.007938814,0.013504138
85129,0.0031290804,0.0019670946
31952,0.0037566042,0.008308073
101315,0.0044874344,0.0014300708
14136,0.015704313,0.006537345
43802,0.0027790333,0.01797535
81292,0.0040742075,0.0027653729
147368,0.016942712,0.021501863
45761,0.03316442,0.01603387
28357,0.005879726,0.0012031806
24216,0.002479679,0.05665389
16555,0.0019337974,0.009153307
107070,0.006329878,0.0105432505
92641,0.007345869,0.0010125756
80693,0.016529059,0.0021276039
99979,0.0043340214,0.0037450248
27940,0.001237118,0.16351871
141953,0.026096024,0.036604702
62937,0.012190607,0.00955074
115699,0.0074893027,0.0021130897
144556,0.008490779,0.010188081
54574,0.023203006,0.0063093873
16153,0.05995544,0.0076376465
14895,0.031164873,0.017783679
106114,0.0044321525,0.03369226
30922,0.0035354767,0.002606571
27355,0.0015948492,0.0031854291
19759,0.010469826,0.011223707
49222,0.0010441651,0.0002493019
778,0.00270134,0.010103557
99231,0.00429192,0.01204077
131845,0.0025365613,0.008320023
119485,0.011523384,0.029347623
12777,0.021537725,0.07761367
138502,0.021860875,0.011613882
78395,0.016504299,0.02491909
54851,0.018976187,0.026594626
78204,0.0016230238,0.008419062
71964,0.027252885,0.039476372
80599,0.007520892,0.0056272224
59659,0.010657656,0.016233655
113956,0.011433736,0.018526034
63741,0.011116132,0.0018117075
78736,0.0023188493,0.058707222
113111,0.007857278,0.01572651
106933,0.0048007695,0.009048293
101581,0.0024067878,0.005122642
123889,0.0080365725,0.009412001
25839,0.00046616042,0.020927701
19351,0.007259638,0.005196067
128082,0.0015666747,0.027191842
90354,0.0035568206,0.005744189
701,0.007569558,0.001199552
2351,0.0041809296,0.0050372644
41858,0.012883765,0.0018479931
74407,0.01460145,0.004631081
15589,0.004706854,0.0054974486
130512,0.015948493,0.0034381466
50374,0.005254123,0.0065006325
54349,0.004283809,0.0050628777
111207,0.01921375,0.00013873822
110783,0.0008913396,0.00084352825
19200,0.011152633,0.0251383
15282,0.005509401,0.00787905
29966,0.0023961156,0.00083947286
63472,0.0055742883,0.010244429
64150,0.0062363897,0.0042137997
149997,0.0038658872,0.017874608
13892,0.0012763916,0.013226661
61789,0.047282007,0.0038283211
74088,0.00657918,0.011683252
11044,0.004154463,0.014965797
92309,0.024271933,0.008507854
115869,0.0070444862,0.015864821
116661,0.0026876794,0.025232429
46874,0.012928269,0.0179999
130571,0.02923556,0.013877024
109613,0.003500472,0.016476978
89809,0.0025596132,0.009027802
17033,0.0014633678,0.0070410715
144945,0.006280359,0.0012832216
113941,0.014290463,0.009046585
131252,0.0014512016,0.023518264
91295,0.023562822,0.032711383
7707,0.008858755,0.15303282
136701,0.010801091,0.009996837
8875,0.01873777,0.011485391
46340,0.024215585,0.009966954
107529,0.015903244,0.0239475
84646,0.0025852267,0.0060080043
64775,0.03173221,0.032771256
65085,0.00059764157,0.002569005
17094,0.001281034,0.009969622
100890,0.01300468,0.0023222642
102161,0.006001175,0.015018732
1421,0.0022385945,0.016118392
111115,0.00803828,0.020440197
100618,0.0040639625,0.006782378
149160,0.008633359,0.004986892
85202,0.010172714,0.080102004
22125,0.006597963,0.0009698869
143008,0.007448748,0.015806766
83611,0.0018159766,0.01902208
803,0.00069497176,0.009209656
42066,0.0056583853,0.006781524
29596,0.010229915,0.006698708
22773,0.0077078687,0.009205389
142801,0.002014906,0.009298448
38075,0.0019320896,0.007393679
6271,0.0029788164,0.033220343
67799,0.0020388113,0.0057762056
24929,0.0049996986,0.0049664015
136616,0.0038308825,0.0103554195
19691,0.028631303,0.011721457
62713,0.0010386157,0.014020244
5072,0.009172944,0.044372343
109351,0.018057317,0.06866567
82605,0.005664788,0.0050270194
135047,0.0007188773,0.001357073
106450,0.0068788547,0.008447237
29003,0.008268372,0.0058018193
99359,0.004424255,0.0064263544
111387,0.0011363727,0.023002373
91106,0.009195996,0.001505203
95622,0.008261754,0.02310077
5526,0.003937604,0.0021583398
79098,0.028174961,0.008987248
64344,0.0060583777,0.0014189718
51220,0.010715712,0.011002581
124408,0.011920814,0.015819572
129832,0.0068995585,0.012595083
64836,0.00058654253,0.010585085
123130,0.0069830148,0.0026134013
138161,0.007998152,0.013563049
101319,0.023712551,0.12366644
39952,0.0021147972,0.0038991843
133890,0.014544248,0.025399769
34834,0.012511198,0.04408547
39085,0.005841519,0.005827005
130316,0.030975873,0.061759792
22517,0.0008810944,0.015662478
85241,0.0026650548,0.03629457
51440,0.001668117,0.018149117
25067,0.005219332,0.058489513
145715,0.005669484,0.005042387
29875,0.010076664,0.06319681
82534,0.008596647,0.020506792
55624,0.002478505,0.004231302
118572,0.0030607781,0.010206009
121504,0.019352488,0.012472779
144029,0.0071913362,0.008533682
32381,0.0018808633,0.029870985
94927,0.0049038623,0.020792326
103498,0.006347807,0.004759788
92927,0.013914804,0.0002685118
121734,0.0037655684,0.015257362
32755,0.0042996043,0.0016392454
68436,0.0034919342,0.003639637
139053,0.0011722313,0.0055853873
135995,0.0030974909,0.013771369
104327,0.004657762,0.08687416
92152,0.005784317,0.019597523
47923,0.0034155215,0.00938468
32808,0.0042295945,0.028816571
127185,0.0029181985,0.005800538
33958,0.025301373,0.012920583
103454,0.007938389,0.0009246368
53090,0.0015982643,0.007788337
24576,0.0013677455,0.00085718866
89162,0.007949486,0.015119478
602,0.002304335,0.020985546
93126,0.0071452316,0.007758241
109218,0.004974939,0.00047811324
79939,0.002825137,0.015173267
86350,0.0017818257,0.00059764157
80546,0.0312319,0.02096356
128081,0.0028183064,0.010822434
7416,0.00817547,0.18192701
15241,0.0034270475,0.001410434
100953,0.0042722835,0.01529194
56010,0.01423753,0.01768336
56209,0.008181712,0.0143101
37317,0.0020815001,0.00047555193
94100,0.004034934,0.009646789
6068,0.0008110849,0.0011406416
84931,0.0034944955,0.029910259
72407,0.0056357333,0.0017681919
127112,0.0057271137,0.012281107
18640,0.0022565238,0.0092600295
38689,0.0091008,0.00946963
90618,0.02400129,0.009271982
35128,0.007333062,0.0011201509
102759,0.0065262457,0.00017587737
125304,0.0009865353,0.008248734
78865,2.9028304e-05,0.0133239925
39614,0.002429413,0.007647251
126303,0.005055194,0.024752606
34868,0.013187389,0.016389038
100236,0.026649266,0.027383514
143820,0.0040392033,0.005593925
85599,0.009429077,0.026845634
49130,0.012379719,0.044253666
57296,0.0008691416,0.016373673
119825,0.008926204,0.0026910945
149734,0.0045045097,0.010451896
126389,0.01670835,0.011955393
98456,0.031600572,0.085890874
111316,0.0028490426,0.017371735
145021,0.0027056087,0.002859288
128663,0.013514597,0.001056118
56715,0.000912684,0.004851142
70986,0.008145001,0.030589009
39446,0.0032264101,0.0035610895
81996,0.008786185,0.003719892
79872,0.00665602,0.007645544
142313,0.0069206893,9.733019e-05
100384,0.039823428,0.013846502
140065,0.008163784,0.032038715
15911,0.012705113,0.0010758614
25507,0.0069512115,0.009079029
79289,0.0013071274,0.005482081
65825,0.0060498402,0.0036524436
135705,0.008944986,0.021942837
7290,0.00771043,5.805661e-05
72189,0.0074175857,0.020888427
59177,0.0011363728,0.0029728399
60581,0.0037292833,0.017584322
132272,0.008675195,0.009392365
55037,0.0057920003,0.035683475
26246,0.0069266655,0.00069241045
122005,0.019827187,0.039557904
49420,0.0027051817,0.007911921
56531,0.013265935,0.034915935
111990,0.0060891137,0.049304593
135320,0.0038197835,0.0051736548
4013,0.0036780569,0.0017613351
139222,0.0055666035,0.010208999
121705,0.030234689,0.0019158679
14901,0.0029523494,0.010956051
134100,0.0064212317,0.0009690331
1752,0.006839581,0.010550934
132635,0.015433666,0.019813525
136911,0.004641114,0.0028985618
103574,0.020570822,0.024367556
97820,0.00062965805,0.008920014
47623,0.003673788,0.005506839
932,0.0029574719,0.0043183872
49064,0.0094452975,0.010130878
69744,0.0111451605,0.01296626
25830,0.013856745,0.0061540003
38429,0.019220155,0.01249754
21901,0.0030394343,0.06518481
124807,0.013897302,0.0018689105
72535,0.023103116,0.008199642
140375,0.002689387,0.0035713352
41682,0.00523534,0.010699491
145489,0.017679093,0.011500332
148557,0.007711284,0.009161846
110447,0.00093146705,0.0012055284
90643,0.0074705193,0.0049237125
70920,0.04840133,0.0805949
142861,0.016324474,0.03560995
80827,0.00626499,0.016182855
61869,0.012976507,0.0053992644
55026,0.0039282124,0.03261331
53356,0.001512887,0.00155152
125128,0.008185235,0.0007728786
2773,0.0037566044,0.006904468
132891,0.026509462,0.015921384
58587,0.0003809965,0.012995715
98425,0.011473865,0.005786878
122561,0.001116736,0.005288274
65850,0.0044985334,0.0055777035
25210,0.003866741,0.012661464
63594,0.007992175,0.011365434
95119,0.015431107,0.005164477
128755,0.0061113117,0.018502556
120895,0.0021694389,0.020839762
141713,0.01622853,0.016301101
50115,0.0031935403,0.008118108
107870,0.003983708,0.006532222
11329,0.004621477,0.0048007695
15552,0.0019060497,0.009182762
75942,0.0072118263,0.007907651
15238,0.00992512,0.016133763
140860,0.016723718,0.021518514
148646,0.009932804,0.0025566253
85925,0.0032328134,0.009034207
7854,0.008386832,0.018057954
51567,0.007146939,0.0055614817
110728,0.042102158,0.0060114195
102728,0.031915773,0.056992847
136834,0.0033450848,0.0020388116
53516,0.004433647,0.01753139
86429,0.011451665,0.021521928
54257,0.0040622544,0.0020499106
111414,0.007461555,0.021085436
110715,0.00033553306,0.014363033
131393,0.030127117,0.009673256
19357,0.110805586,0.06180686
24831,0.007824836,0.039779887
118899,0.00031077358,0.00445926
104515,0.00658601,0.013504564
89366,6.744812e-05,0.017387956
132949,0.0051986277,0.015620643
6995,0.00473204,0.0002685118
144344,0.008938157,0.0070146043
148072,0.009283934,0.0057023545
17593,0.0032989813,0.008217571
320,0.024979498,0.038074687
26037,0.005232779,0.0036421984
56461,0.01213127,0.008356737
22901,0.011659986,0.010998313
78795,0.0019679482,0.008954378
59759,0.02046154,0.015783716
110773,0.002679995,5.4641514e-05
149329,0.00044438918,0.0057920003
101746,0.00650234,0.0059098215
20116,0.0024716747,0.004907491
53159,0.0011974175,0.008393557
34034,0.0033630144,0.00030906606
136756,0.024615148,0.024832007
91577,0.0109795295,0.006552713
45277,0.004767472,0.002885755
137493,0.0023709293,0.023862123
62689,0.01519461,0.027217453
84947,0.0063435384,0.023763085
106503,0.009193434,0.011056369
7752,0.011938317,0.009236123
71199,0.0030078446,0.011913557
17797,0.04331153,0.01909721
111738,0.0023179955,0.019616306
52051,0.017885705,0.0024306937
45746,0.020024408,0.003911137
28268,0.007318547,0.0055700187
27820,0.0030583774,0.007275859
81256,0.0014121417,0.00042987504
17471,0.0095912935,0.21748321
124859,0.00537664,0.0018390284
114275,0.010632044,0.013105427
28353,0.008614576,0.00043200946
25104,0.001244802,0.005430855
45383,0.0040012104,0.0022420096
40552,0.0007047902,0.02022846
111009,0.0012334895,0.13949215
52159,0.013939561,0.011310793
86206,0.0022488397,0.005443661
94145,0.0016008256,0.016778361
89786,0.010106118,0.009178067
149405,0.0014872737,0.02169439
72153,0.006657727,0.010680709
137857,0.002199321,0.0006582595
29691,0.0013737219,0.0034774202
30200,0.0051542316,0.003447538
88565,0.0055205002,0.0034304624
122129,0.0011116132,0.013257396
59203,0.0037087929,0.013184827
111123,0.002827698,0.003689156
133221,0.009343699,0.00013148114
102316,6.8301895e-05,0.004425109
114673,0.0039598024,0.0013139575
96439,0.001270842,0.016520947
113440,0.012412161,0.00856335
41255,0.0018509813,0.019875852
133414,0.009503141,0.028905578
133825,0.0070257033,0.004212519
137545,0.0059234817,0.00017587737
107888,0.0132086,0.0060220924
75379,0.0053420616,0.0015641133
81976,0.0056246608,0.04614563
55459,0.006494656,0.0051849675
107148,0.012936379,0.0025032645
128659,0.015340178,8.5804255e-05
119533,0.006358905,0.009108057
73717,0.0047939387,0.013584392
84855,0.003587557,0.011324454
22694,0.004303019,0.023088176
116275,0.0046223304,0.019558035
32324,0.0051098354,0.013963469
120018,0.00016477832,0.016097903
84045,0.0022949437,0.02614853
137207,0.00033553306,0.008448091
14271,0.0040818914,0.0015060565
76779,0.026366241,0.0060413014
133947,0.024599781,0.0040588398
67060,0.016521374,0.0012038208
20728,0.003980293,0.031188352
65293,0.0038765597,0.0075951703
109679,0.003948703,0.008088652
24137,0.0021395567,0.010383595
73971,0.0032460475,0.016167058
145557,0.0045659817,0.010038671
116166,0.0046803867,0.0016981555
46757,0.0034611984,0.025018131
132159,0.0013967737,0.022276662
8979,0.025401691,0.005009517
40370,0.00074022176,0.007392827
125971,0.0017416982,0.014314369
101837,0.0023491583,0.0046838024
39935,0.007149501,0.0061804675
94764,0.0010125755,0.006134364
41500,0.010003666,0.029999051
102639,0.052047778,0.0062184604
111403,0.0062184604,0.0079938825
79427,0.005587094,0.0019115992
99093,0.0071533425,0.0015564292
130263,0.0010638019,0.008294411
71011,0.00749784,0.005303642
51385,0.014017256,0.006516
9160,0.009680941,0.012772453
7346,0.023560742,0.011998295
53949,6.574056e-05,0.0068660476
51783,0.0052481466,0.051491115
56610,0.004787109,0.011418368
129471,0.009411147,0.009690331
144230,0.0059883683,0.009816689
81247,0.005876524,0.012123585
131874,0.056398932,0.07247201
54450,0.02976896,0.011430749
2730,0.0033220332,0.009374435
51832,0.00016563207,0.007701892
89248,0.007105958,0.0015974105
73074,0.00033553306,0.013234346
30303,0.030123703,0.026110109
61331,0.005540137,0.013943405
116248,0.003410612,0.02881593
78357,0.003292578,0.002233045
118935,0.0038103913,0.0005421462
89326,0.024335539,0.012975652
108262,0.007653654,0.022648482
12530,0.008597394,0.009343272
42060,0.026793554,0.0005176002
142820,0.005262661,0.021098884
103065,0.006598816,0.0024392311
97249,0.017562978,0.025970943
77092,0.014617459,0.024246324
65778,0.009283081,0.026840514
138550,0.004069939,0.0034005805
132341,0.00781459,0.0015683823
65165,0.005949522,0.00025997407
16692,0.00037480664,0.0083464915
146141,0.003503887,0.005586241
69020,0.002865264,0.008797284
104204,0.00072143873,0.012467656
67261,0.00046530666,0.00438925
10296,0.0023572692,0.0031145662
114519,0.0022138348,0.004936519
136538,0.0074850335,0.000867434
73809,0.0006121557,0.0021707194
46598,0.0029882079,0.0016016794
131625,0.023512075,0.00243667
85425,0.016786898,0.003677203
38517,0.007012043,0.012030524
53076,0.00419459,0.01091635
143689,0.026055468,0.00027491513
48326,0.027062068,0.0012388255
76670,0.003689583,0.002167731
148978,0.0011901606,0.0108975675
146779,0.012141941,0.022981025
109529,0.0023103112,0.020440195
56374,0.02006539,0.026497722
79088,0.009995128,0.001082585
142277,0.00036370757,0.0048221136
99894,0.0058005373,0.007069246
38830,0.009852121,0.021501435
111792,0.0022531087,0.005250708
130605,0.004625105,0.009318513
149330,0.01375344,0.014489393
93380,0.0011380804,0.006206081
28919,0.008067308,0.0017434058
46600,0.041254353,1.0110769
145374,0.012292953,0.009531744
110734,0.028762784,0.02749066
86597,0.03212855,0.1865535
84916,0.0072254864,0.02718757
65950,0.003266538,0.007995591
107570,0.0016879105,0.0008606038
26503,0.0055384296,0.0167536
54317,0.005446221,0.0034091182
120941,0.0047068545,0.017797338
119368,0.0111315,0.010982092
37621,0.009892676,0.0015555756
146045,0.004303873,0.015266967
140686,2.7320753e-05,0.015275719
80424,0.00160296,0.0034880918
146377,0.007415878,0.0027935475
92130,0.018983655,0.015083619
84526,0.013933374,0.004954662
33970,0.0015022147,0.0161598
37510,0.009441883,0.0077565336
124344,0.009213926,0.015200586
14463,0.016107295,0.03636308
145699,0.023674292,0.5544756
62679,0.020931331,0.02770688
67378,0.012594655,0.06249521
40946,0.010012205,0.036795948
80894,0.009420752,0.024107797
51044,0.018670322,0.02820527
91257,0.003736114,0.0051456937
80627,0.015715785,0.00088724424
45767,0.0031922597,0.015526728
81991,0.031388994,0.005517939
45477,0.020140523,0.010731081
145843,0.005138864,0.05466801
20832,0.021320011,0.02382413
50729,0.015368781,0.007685671
7031,0.010111667,0.0007598586
92538,0.0024541724,0.006411413
55752,0.0023077503,0.02041629
101778,0.0029292975,0.015675284
33786,0.0076218373,0.078523815
89946,0.005178991,0.007437223
98843,0.004408887,0.05712304
102945,0.008236783,0.019406063
114049,0.002051618,0.0074064867
137815,0.004469505,0.0023939812
145217,0.010677293,0.011028194
117087,0.003982641,0.018166171
11219,0.0045480523,0.013194217
24610,0.011010265,0.017117735
129283,0.00313463,0.015814452
130809,0.0018516217,0.0059242286
135967,0.023551347,0.005619538
72317,0.011531066,0.0812896
95628,0.022695867,0.0018458586
4774,0.0021139437,0.0075610196
23450,0.0046001323,0.004418278
24196,0.003820637,0.0003073585
24981,0.019762727,0.04184175
42560,0.002108821,0.014497077
127236,0.007683109,0.013945538
97983,0.020471789,0.0057877316
68166,0.013121221,0.02793932
120342,0.00046701418,0.04696952
11660,0.0007316839,0.012766479
128653,0.0041254344,0.019011833
30764,0.0016033867,0.0004106651
84789,0.0069770385,0.0012213233
63326,0.03661665,0.021556932
13812,0.005035557,0.0067772553
14522,0.007774463,0.031672448
18439,0.0060361796,0.086431056
142521,0.005303642,0.016500885
18062,0.008416501,0.00410409
22284,0.0063606137,0.011687307
8784,0.0054001184,0.008818628
113951,0.018777898,0.040267393
55157,0.002602302,0.0052925427
15979,0.008453213,0.0072639063
38692,0.0037890475,0.0153337745
60588,0.00024503304,0.00075046706
126254,0.023966284,0.08281445
114861,0.009660449,0.006362749
143049,0.060445532,0.12470361
26839,0.010760109,0.006537345
70867,0.004533538,0.025931137
44066,4.012736e-05,0.007339892
20251,0.004115189,0.010091605
13875,0.0032972738,0.017250497
130303,0.011657424,0.016717741
141945,0.00035090098,0.01811281
110386,0.0012610237,0.005866279
137791,0.0029070992,0.0025980333
57449,0.0039175404,0.00016733963
110465,0.00072826893,0.002523755
73581,0.0026274885,0.017999684
24950,0.007695061,0.019519828
123445,0.0027662267,0.0016127782
68107,0.007287812,0.0010791698
90829,0.0052925427,0.007912775
21667,0.003421071,0.0019303822
144805,0.016238349,0.015329933
97397,0.000946835,0.0039239437
27912,0.0065390524,5.7202837e-05
126878,0.019765716,0.022972487
22471,0.01638029,0.0041648145
95090,0.0039273584,0.00015111793
29644,0.007396242,0.007841911
90421,0.01004977,0.008264529
98958,0.010365666,0.0012968823
121070,0.013333383,0.0076020006
47489,0.009888407,0.004480604
34895,0.0013600615,0.008422477
120047,0.0042048353,0.006933496
40761,0.0073561138,0.008313194
99329,0.0015598445,0.00010501416
4008,0.028627034,0.0033681372
139417,0.005401398,0.0026394408
95774,0.020277126,0.014036039
106212,0.0025527831,0.024637349
136316,0.00944978,0.024546206
7194,0.012487294,0.013841379
27068,0.0061138733,0.030625718
51644,0.0003765142,0.000252717
113860,0.008297826,0.004507925
33669,0.018407894,0.00822803
183,0.008330696,0.030364467
33298,0.002172,0.012142795
146839,0.0069352025,0.03563225
140716,0.0038340841,0.00078675244
68799,0.0048938305,0.014544888
69612,0.0036140236,0.008201777
114952,0.027345093,0.1655489
64597,0.009528968,0.02125982
100756,0.004734922,0.012499939
105181,0.006026788,0.0066474816
3759,0.0037822174,0.023971405
127625,0.0041775145,0.023518052
10201,0.0010996605,0.004598425
64751,0.008766548,0.02084574
148791,0.005045803,0.11105147
63559,0.007245977,0.054154042
7243,0.0057211374,0.01269476
27654,0.0046146465,0.008336247
96526,0.025789944,0.05388654
27002,0.050610874,0.0059388494
136391,0.002530585,0.012232016
6903,0.00288917,0.008401986
50256,0.00497067,0.003938458
48806,0.0005669057,0.0018040237
117034,0.011218586,0.047003243
134297,0.016754454,0.041903224
130174,0.0024426465,0.0011235662
78149,0.020591527,0.007647037
5860,0.053845823,0.06429519
119771,0.0063324394,0.018812047
138907,0.014242652,0.031515352
122259,0.010931717,0.006823359
91014,0.010607284,0.0010527029
62509,0.010844632,0.008404548
83581,0.01892048,0.009702285
59128,0.02026133,0.0015333774
120819,0.01009075,0.016091926
41156,0.009089275,0.0068122605
50739,0.031209916,0.054803763
63955,0.019300409,0.011571193
128465,0.0098192515,0.021051496
73749,0.0013651841,0.013275326
6927,0.03716563,0.00028174528
140257,0.010406113,0.010053186
58485,0.00043200946,0.012860393
75352,0.023328515,0.0006744812
80717,0.0026210852,0.021855753
105615,0.043002456,0.5367861
6028,0.006491455,0.020422267
41177,9.007312e-05,0.0033263022
74704,0.017181715,0.04794827
97422,0.0042142267,0.0017596275
6858,0.016378794,0.019006707
52044,0.05959088,0.06442069
117613,0.0026462714,0.020672424
102210,0.028192462,0.016069729
69423,0.08104287,0.28059122
108081,0.015528435,0.012214086
23444,0.014913718,0.00934626
51,0.00051994814,0.016214872
102863,0.019169778,0.026020464
101447,0.009869411,0.009235698
6648,0.009686916,0.035842277
27111,0.0049877455,0.011458497
82366,0.014022378,0.005266929
131792,0.0095494585,0.0070854677
14129,0.004353392,0.0066637034
106326,0.05611431,0.012897104
67886,0.0011400012,0.027563447
10933,0.008430588,0.0011137477
79827,0.003489373,0.015151921
115581,0.0053121797,0.008316609
60567,0.0042603305,0.006785793
114539,0.009153307,0.013049075
36798,0.0029523494,0.003619146
38790,0.0031491444,0.0018247277
11921,0.005219118,0.016274633
129244,0.0006907029,0.013205316
144621,0.001316519,0.008067307
74652,0.034589794,0.08681183
39083,0.016017647,0.050607458
54508,0.008864732,0.018175134
27635,0.0070096953,0.023394253
38239,0.022134295,0.0012131255
146635,0.003429609,0.017570663
16561,0.025760062,0.006895076
71385,0.014700273,0.0038453965
12803,0.0030462644,0.0016674199
118692,0.0065446026,0.03518338
10910,0.009622029,0.00939834
38943,0.027036134,0.03189069
106300,0.0033100804,0.0015854577
142937,0.009676244,0.008640617
50798,0.0050987364,0.0027926932
13040,0.006729443,0.029593505
6687,0.01674421,0.0557173
92063,0.0077217426,0.022680713
95708,0.0063196328,0.006318778
147780,0.0021276039,0.01862934
25364,0.014051407,0.025818972
19866,0.026979676,0.015199732
101328,0.0025937643,0.0075601656
81001,0.008200603,0.038561553
31795,0.0009647642,0.015381586
127234,0.007075222,0.0005412924
14074,0.012402771,0.01570602
52728,0.0024870427,0.0011824765
45467,0.0024361364,0.019974997
109954,0.010427992,2.2198115e-05
41660,0.032542445,0.070079945
38953,0.032804552,0.0032221419
96771,0.013110335,0.034773566
57904,0.0076677413,0.01574871
34390,0.01625329,0.0036464673
12038,0.003032604,0.0038906462
11282,0.0035713352,0.0067157834
100773,0.00061727833,0.020104662
125676,0.0024042267,0.029468855
68162,0.007175114,0.0031026134
9128,0.00088066753,0.0029941308
97576,0.0018714719,0.012619201
145837,0.0033476464,0.022455955
76843,0.01169926,0.007857279
42245,0.0017536511,0.0071008354
130199,0.005013359,0.01888889
96186,0.012252505,0.0024289861
106057,0.01040684,0.0077534597
41624,0.0047614956,0.0017286782
115434,0.011144307,0.009806445
28445,0.0043508303,0.02939586
103657,0.024323052,0.09884578
27021,0.032709785,0.00058739627
2425,0.0013219618,0.008510843
115027,0.0056144157,0.038908184
115421,0.001734868,0.0058073686
65316,0.0010433114,0.0082030585
47334,0.010778892,0.013607444
41850,0.012495832,0.0048904154
21436,0.010166736,0.01377137
88178,0.03294404,0.04174741
146840,0.010410703,0.003544228
139821,0.033319373,0.015101122
63774,0.012879176,0.011180166
82070,0.044299375,0.08954683
94445,0.034682855,0.014068909
111797,0.0032187267,0.021167612
34127,0.0020166133,0.022477299
117278,0.0057288213,0.026275743
93085,0.046777,0.020581922
65958,0.0058346894,0.28247473
13072,0.0071810903,0.008589817
133409,0.010644422,0.035487965
47315,0.011494354,0.00038334436
61036,0.012038209,0.003547643
7308,0.008192812,0.0046001323
109122,0.0045979978,0.0003643479
145785,0.00816976,0.027968349
20028,0.004542076,0.014729303
132627,0.014485124,0.037180144
15217,0.006922397,0.02105406
138663,0.018444287,0.01949528
128985,0.03263593,0.01223415
25165,0.0010484341,0.0034159485
84105,0.004391812,0.0055358685
109937,0.010039525,0.009470912
432,0.013856747,0.035145603
32650,0.0073253773,0.011318477
109668,0.006977892,0.012501809
47076,0.011542166,0.016873984
70215,0.0107802795,0.008729729
93718,0.00068216515,0.023302048
79179,0.00038889385,0.002576689
34934,0.0025442454,0.008515539
33667,0.04179309,0.011625836
84374,0.035676647,0.031535845
69675,0.008868148,0.01102478
131504,0.04651873,0.010778893
118210,0.0030385805,0.017726049
69237,3.809965e-05,0.0025365616
13416,0.003971755,0.013002118
86531,0.017457964,0.01659053
124976,0.0072331703,0.0132714845
26439,0.043381963,0.009698016
44479,0.016349766,0.010676866
54109,0.012820266,0.047836963
16895,1.36603785e-05,0.004265453
114753,0.00044396234,0.029690836
910,9.4768875e-05,0.009028656
122713,0.020384701,0.021748176
26148,0.010336637,0.0024793588
81399,0.0006044717,0.011328721
49565,0.017028518,0.0035542597
51953,0.0119938115,0.00482126
23899,0.007769767,0.007268602
28257,0.012734888,0.035826057
15011,0.0015743587,0.011155408
81378,0.0015493857,0.012357468
23162,0.0070107626,0.007572972
73844,0.022454249,0.009537078
97990,0.009254053,0.016615288
36415,0.0071426714,0.005291689
39147,0.017659454,0.00212675
37927,0.018773627,0.08747095
10958,0.0006087406,0.009444445
75479,0.00015624058,0.000765835
143399,0.0035260853,0.002161755
121162,0.007785989,0.005465005
114723,0.005495741,0.010544104
128803,0.014180327,0.0030607786
33002,0.005946533,0.012196156
100806,0.0038065498,0.0131771425
6563,0.020261785,0.23015377
92314,0.021800257,0.027789483
138944,0.008163785,0.00531901
124597,0.004680814,0.0136569645
8820,0.0143766925,0.01646844
118501,0.0065390524,0.06829086
142089,0.00442767,0.0212897
101116,0.016599067,0.016606752
70009,0.0018048775,0.012876613
18124,0.0074525904,0.0024306937
60679,0.0026185238,0.018829977
104528,0.016264176,0.06695332
114,0.001282368,0.016692128
14112,0.03220435,0.011110156
39390,0.013048223,0.03561859
27211,0.0021318726,0.020300176
19464,0.016369402,0.013437544
41607,0.0009007312,0.00242984
124542,0.033115383,0.07221863
6991,0.013715873,0.026288548
19893,0.007035522,0.013293256
41990,0.0027704956,0.06630668
6608,0.0013002972,0.18947168
63796,0.0117060905,0.006048986
90875,0.001489835,0.011957101
22530,0.003469736,0.00091183017
39290,0.0034552221,0.0018817171
43235,0.041009,0.006944808
58135,0.0003372406,0.022690745
30920,0.0134477895,0.058234233
101921,0.008959501,0.007074795
126264,0.012865088,0.11633851
147127,0.0099643925,0.008518955
57134,0.0068254936,0.009906762
88595,0.0014377546,0.0087195905
2196,0.0026748728,0.004209958
16403,0.0034108253,0.1487639
73911,0.00666285,0.0147113735
22863,0.0025698587,0.007957171
69943,0.00011440567,0.009452982
134901,0.0064955098,0.02165341
132127,0.0033177645,0.001704986
124345,0.019829748,0.0106474105
149060,0.0017878021,0.0011141745
59980,0.031420156,0.14637148
90768,0.007724944,0.007829105
136676,0.0026509669,0.011702674
86822,0.002569432,0.005012505
16103,0.17390066,14.412684
16436,0.0001613632,0.011002687
79507,0.017828502,0.010758401
102431,0.01535832,0.037428167
128899,0.001159638,0.002860569
41503,0.011541312,0.0052174106
108779,0.00075046706,0.018934138
132360,0.025467217,0.011634374
32356,0.01821014,0.008154392
73921,0.014158129,0.0018774483
77531,0.018421018,0.008589817
40819,0.01306786,0.0028609955
79625,2.7320757e-05,0.006837019
53408,0.0026031558,0.013293256
25166,0.017041322,0.0017135238
136735,0.08793711,0.008985114
10526,0.010379326,0.0046479437
36912,0.001407019,0.008503586
137254,0.00270817,0.0050799535
38616,0.0025621748,1.4514152e-05
107412,0.016996928,0.012138953
30568,0.015798228,0.008120242
93811,0.0050714156,0.002825137
60396,0.0119562475,0.01897939
9647,0.010973553,0.007596878
78568,0.0027226843,0.0032229954
78313,0.026293833,0.019005375
9282,0.005187849,0.010571212
128148,0.014481282,0.006053682
61274,0.007318548,0.0045770807
33013,0.023784429,0.004160012
21271,0.009354798,0.02133068
67210,0.0019517266,0.003206774
128320,0.0021573794,0.0008893119
69221,0.00019252596,0.0058035264
14104,0.0140061565,0.0004507925
105624,0.013573294,0.060706127
127224,0.0016170474,0.012800629
113035,0.0014087266,0.0016998634
63413,0.0014171308,0.014881622
82236,0.0064007402,0.043433186
82730,0.028330775,0.00011269811
83647,0.013300087,0.00288917
94950,0.0146917375,0.01506569
70313,0.016957652,0.010650826
76885,0.0016896181,0.011864038
32388,0.004134612,0.16215536
86529,0.043972027,0.0052312845
23729,0.0015854577,0.011183582
30791,0.0018953778,0.015598874
14234,0.002423063,0.0032640833
87991,0.0028080617,0.033065807
92164,0.012947905,0.01992964
55996,0.0014232406,0.0111861415
51086,0.020324083,0.01210651
144825,0.004466944,0.009234843
13240,0.00035858495,0.04286714
130891,0.036495414,0.049067248
131804,0.036824122,0.0062568802
92153,0.0013301794,0.008704223
46279,0.023454016,0.0022505473
110937,0.0024238636,0.004324364
139375,0.0032423656,0.14358307
12213,0.0026048634,0.0028866087
72291,0.004639406,0.012611091
82496,0.009517015,0.01128774
137248,0.003141887,0.013103718
30711,0.0024767972,0.020646807
141622,0.00012806604,0.0065979627
63394,0.0027474437,0.05231928
68598,0.0069650854,0.01229434
131507,0.0027286606,0.0027662267
125686,0.0166631,0.029771093
88893,0.0021414778,0.0057698023
6466,0.0025758352,0.0054906183
147623,0.0014339129,0.02073475
76825,0.005378774,0.00801352
98461,0.019718759,0.017390942
87720,0.009452128,0.027281485
121023,0.0030086983,0.004929689
97417,0.0015700897,0.013375219
24529,0.01700333,0.016895756
79959,0.0088852225,0.0018418032
81842,0.053681906,0.15058757
80829,0.0007718114,0.016452217
75716,0.011911422,0.017288063
78061,0.0021182124,1.2806605e-05
27084,0.017376482,0.12088932
18119,0.027165372,0.002452038
78287,0.0027090234,0.026127186
19844,0.013942123,0.04097859
138188,0.008164852,0.028502706
20626,0.010259797,0.017905345
59404,0.014240945,0.028601848
43142,0.0048007695,0.0007427831
51573,0.007289733,0.0030016548
89698,0.03178904,0.27414986
117847,0.0047913776,0.025268286
86295,0.011896482,0.019655576
104926,0.005898722,0.010458726
140990,0.0025066794,0.008308073
59216,0.0031234242,0.004319241
122777,0.006800307,0.0004900661
22888,0.00059508026,0.009703139
57618,0.006057524,0.0073356233
65289,0.01602277,0.37964496
142643,0.0036242693,0.0010569718
65940,0.0110262735,0.02944879
6412,0.0052767484,0.0013143845
115285,0.0065894253,0.011532347
15578,0.00030991985,0.0014766016
52085,0.008080755,0.0014838586
11161,0.0036639697,0.01830875
39548,0.0083473455,0.0016426605
6493,0.010166736,0.0056904014
49941,0.010982091,0.0010714859
119592,0.0041442174,0.008370824
28607,0.004526708,0.00035175474
58837,0.0025715663,0.0038711166
87291,0.009020119,0.0049433494
15150,0.0008691416,0.015525874
53536,0.019998793,0.038073193
18675,0.006446845,0.016730975
116278,0.008210742,0.046295043
61231,0.012156028,0.038697302
52328,0.007797515,0.00040981136
30105,0.005530746,0.022672815
40515,0.0010979528,0.00981242
103903,0.005616977,0.010291386
117039,0.008857902,0.026904972
17642,0.0030180898,0.019876279
33035,0.007855678,0.017214747
6164,0.0032157386,0.011485389
139330,0.016961921,0.005832982
20495,0.002432401,0.004017005
95116,0.009463227,0.010348164
109248,0.03209848,0.0010458727
5953,0.0138217425,0.03794512
37200,0.013423029,0.010667047
141328,0.012171825,0.013689835
106092,0.007238294,0.008652143
138709,0.03871683,0.03249858
78855,0.009370166,0.01266872
135139,0.0038786938,0.006087406
33586,0.00785301,0.006182176
40065,0.0054786657,0.001542769
118311,0.00058867695,0.0029899154
5798,0.013323352,0.031081207
127755,0.025246302,0.03662348
84175,0.015662905,0.0131173795
19410,0.00789239,0.022444004
102549,0.01578969,0.010457019
128658,0.0077531184,0.011741094
3322,0.0056152693,0.017930957
64251,0.008890345,0.034031425
11046,0.005593071,0.0061830287
128169,0.02875937,0.026640302
109209,0.0067670103,0.034748595
54663,0.0008531332,0.020472854
9658,0.00599093,0.005963609
72606,0.014064213,0.001309262
142529,0.0037948105,0.04910076
40156,0.010716566,0.0060799355
47159,0.0022936629,0.030020393
56656,0.00950122,0.011590404
80479,0.032198373,0.0020247241
9227,0.0031595496,0.0017119229
65759,0.00043755895,0.011795736
43230,0.0020968681,0.015583931
32029,0.009801322,0.008598355
14779,0.029172989,0.07397631
59677,0.04424577,0.03434551
92898,0.004580496,0.00831234
17801,0.0018159766,0.004887854
145588,0.02202113,0.15289326
6942,0.0007419293,0.01656748
130038,0.0143382745,0.012031378
76144,0.016013378,0.013672331
4633,0.005224241,0.012192742
67267,0.00568101,0.0020832077
4949,0.010381034,0.012991874
129995,0.012193595,0.0008204765
4985,0.006856656,0.010329806
128514,0.0019286746,0.00983099
108194,0.0054035336,0.0016883374
29840,0.004869925,0.05766561
72708,0.010822434,0.000252717
105332,0.0007905944,0.01791559
104698,0.03772058,0.0064212317
73175,0.0026876791,0.0079938825
49900,0.0088032605,0.004665873
109939,0.036992524,0.041250937
23397,0.005334377,0.004485727
140274,0.014974336,0.01243009
137236,0.0094239535,0.026749585
126711,0.022883696,0.01647783
73736,0.0074752155,0.004895538
76826,0.00036413447,0.011318049
147695,0.003340816,0.004869071
110800,0.00043286325,0.0015385001
36420,0.0028191602,0.0007197311
28803,0.016493201,0.11645846
88640,0.024082396,0.0122243315
84642,0.0028951461,0.0041715377
142401,0.002678288,0.006454529
59053,0.0008819483,0.003221288
5999,0.0069574015,0.026340628
68980,0.0006838726,0.0076660337
44044,0.014023232,0.020858973
8540,0.0034005805,0.009967808
48493,0.0045762267,0.011337261
4729,0.009305279,0.0062026656
82421,0.0006480142,0.014708812
73303,0.0003235802,0.0069599627
125992,0.0029312184,0.01201174
80619,0.00045591508,0.015734196
22164,0.003908576,0.004625746
135452,0.007525161,0.016380502
96234,0.009638251,0.007082906
46560,0.005247293,0.00017513032
91269,0.0075072316,0.0018919623
132605,0.008000926,0.026367098
93803,0.008480534,0.0055384296
75377,0.0031581083,0.008028887
131349,0.0025472338,0.004605682
69083,0.0023530002,0.043185595
121849,0.010940256,0.02360343
84878,0.0052268025,0.00029882079
145921,0.0079537025,0.0008505987
136928,0.0004764057,0.0067200526
46496,0.009786807,0.007412464
82664,0.0189256,0.028541652
709,0.005948241,0.006209496
104448,0.0029130757,0.017081449
82284,0.004609524,0.0026603588
124648,0.0023410474,0.006107043
60455,0.009925119,0.0010868539
80462,0.007177675,0.002288113
60888,0.008046817,0.016153397
126179,0.0030693163,0.0004926274
47681,0.011838425,0.013425591
112489,0.008266238,0.0008956087
96047,0.058702957,0.022269407
78439,1.2806605e-05,0.0030377267
4265,0.0072630523,0.011343236
125976,0.010711445,0.011513991
77052,0.004472066,0.03704866
124993,0.009147332,0.00690276
122306,0.00020490568,0.016989242
88344,0.0051234956,0.0031478636
37437,0.0021813917,0.020412873
27116,0.02611566,0.026115233
47461,0.0022087125,0.0047469814
63225,0.008969746,0.00835759
146569,0.0040263967,0.009799614
32003,0.0066773645,0.008628237
117090,0.003281906,0.0016315614
77939,0.02823165,0.019399926
20052,0.025154734,0.004303446
75190,0.0032878823,0.0018817171
110294,0.0055964864,0.015355973
35336,0.011515699,0.0014386086
140923,0.00030650478,0.011945148
84926,0.0043243635,0.01136885
48982,0.0010919765,0.0023239718
33547,0.0016921794,0.0025715663
32960,0.00023969692,0.005964516
5658,0.0045736656,0.030872459
13751,0.0010928303,0.023506096
73445,0.007274365,0.04101082
132633,0.011721458,0.01574444
29929,0.0081808595,0.014388646
119390,0.014429629,0.0206419
118437,0.003938885,0.008536456
54488,0.0066935853,0.018831685
114236,0.0053557223,0.010615821
29427,0.0014266558,0.002587788
31382,0.004920298,0.010229915
123450,0.0094342,0.00415617
74901,0.015613813,0.031207139
124486,0.0054103634,0.015716692
137701,0.0142866215,0.01670579
128217,0.0050756843,0.0016085093
125930,0.00078846,0.0019291015
44012,0.011946002,0.003523524
63533,0.0034479382,0.015377478
139974,0.008017362,0.01184056
103648,0.0027551276,0.033441465
84259,0.019984283,0.00016477832
36240,0.0028951464,0.005924335
25179,0.034576137,0.009671763
23110,0.0005088491,0.018275026
113434,0.005968732,0.00627609
59300,0.01761079,0.03335011
110738,0.0059123826,0.0056605195
40747,0.00621718,0.003217873
27335,0.007893992,0.027284047
20104,0.0069949673,0.003206774
131669,0.0041467785,0.002787571
31729,0.010537273,0.014305831
109780,0.04044071,0.15539654
96385,0.008145001,0.00014300708
15123,0.0018876935,0.0012157736
82650,0.002154071,0.0010911227
64364,0.006148878,0.0030189436
86466,0.00329642,0.009253199
79854,0.0127007365,0.0024913116
81233,0.0041211653,0.0077787316
77973,0.0027884247,0.013047368
51299,0.00018185379,0.0022975048
119208,0.0029984533,0.0045096325
46192,0.0090156365,0.0046960753
145947,0.008801553,0.022856375
10013,0.010053185,0.0041117743
65232,0.00067277363,0.0026996322
49147,0.0026091323,0.00015111794
105603,0.0018911087,0.004635137
98205,0.0052233874,0.010333221
74206,0.02224849,0.0026407219
108183,0.0027056087,0.0040272498
104378,0.0030624862,0.022541333
31353,0.001720354,0.004591595
56402,0.0025715663,0.0025169246
11920,0.020070512,0.02533915
110641,0.0066851545,0.019428365
21692,0.0124531435,0.0013762831
74431,0.0010552643,0.010309317
50778,0.017559564,0.0027551276
369,0.009604954,0.010100996
4776,0.008355349,0.047110397
142503,0.0062931655,0.01436474
32890,0.011219012,0.03109508
71096,0.025085578,0.15419738
146887,0.0020584483,0.016060336
37263,0.021818826,0.0058034197
109370,0.0004892123,0.0010586793
140805,0.0037736795,0.0019551418
97776,0.006502127,0.008531547
102882,0.023255516,0.002699205
128188,0.02442006,0.0034300352
118000,1.2806604e-06,0.01107451
90577,0.008049379,0.011023071
26031,0.00034236317,0.0023470237
90182,0.037277956,0.124848165
33849,0.008213302,0.017584322
119546,0.010693088,0.007732201
125475,0.008801553,0.001734868
64010,0.010850608,0.008722152
80759,0.008182567,0.013006389
18618,0.0025826653,0.0035508447
141907,0.011553265,0.009486279
6685,0.0049352385,0.0055730077
35178,0.00019466037,0.0031273728
78074,0.008743069,0.0051205074
115780,0.0013096888,0.008772525
51452,0.002071895,0.027213398
72631,0.004805251,0.101447515
106739,0.0033563974,0.020379152
48424,0.0033783824,0.015578808
19523,0.0046291607,0.8217469
50094,0.008159888,0.103561364
30369,0.01455428,0.01246595
21948,0.002561321,0.0074773496
76073,0.00017438327,0.009076042
107727,0.0009212218,0.0063563455
137971,0.007280129,0.00230092
41323,0.0150025105,0.008261114
12791,0.005949095,0.010263212
48000,0.008114265,0.0067755478
7170,0.004386689,0.021579983
122074,0.0134050995,0.013376499
65813,0.0015668881,0.02267943
122436,0.0017587736,0.005714307
31262,0.0029574719,0.011878554
141668,0.00392992,0.03569607
50604,0.0024452077,0.0010552641
83801,0.01567443,0.01138251
134856,0.0020234436,0.0050517786
44343,0.006936911,0.008099751
66815,0.00014258019,0.0064101317
107170,0.003983708,0.0073219636
91500,0.0032767833,0.034805793
51219,0.009737289,0.009657888
49154,0.007630175,0.022376554
90131,0.0058603026,0.0130337095
19950,0.0027604636,0.020410102
64378,0.0015325237,0.010019034
86504,0.01241643,0.0059055523
73855,0.0013745755,0.016258411
29783,0.0151689965,0.0026680427
6557,0.024067027,0.042447083
113119,0.013871262,0.0036490287
81797,0.0072937883,0.09242628
112775,0.019292723,0.021475824
111566,0.018910231,0.010583377
83977,0.007533699,0.014980312
43557,0.0064903866,0.017926686
107520,0.008378935,0.026010217
1371,0.0003824906,0.011495207
21452,0.022589996,0.004179222
48749,0.0036865943,0.010778892
32037,0.0066773635,0.009411147
4626,0.008559081,0.009198558
82314,0.006057524,0.0006569788
135730,0.012608957,0.028057568
69448,0.010194697,0.015764717
136999,0.00929418,0.0002851604
142913,0.003711354,0.00067789626
19049,0.014042443,0.034865987
77380,0.00397517,0.0043593682
114684,0.014639657,0.014481708
40687,0.01756554,0.02771392
118863,0.0043713213,0.0114567885
132334,0.013785884,0.026372219
45538,0.036320392,0.09034903
113864,0.004997991,0.013737219
74952,0.0019167218,0.0038940615
95224,0.0031952742,0.014488406
85636,0.0008059623,0.004815283
125040,0.0032469013,0.00427826
132114,0.0015376464,0.0006189859
13796,0.031134568,0.025289204
123838,0.00204308,0.0221121
125417,0.013227249,0.08963821
27398,0.008706784,0.0043132645
101357,0.0062816394,0.0018052777
67013,0.001349816,0.0089475475
111392,0.0041395216,0.0069164205
124911,0.01852689,0.00067191984
51145,0.003579873,0.0049817692
132424,0.02072365,0.018061584
96859,0.0133146,0.0017305992
133095,0.0014847122,0.021578703
43079,0.021468138,0.05668889
112202,0.009450421,0.004175807
87297,0.0023359247,0.0016853492
43354,0.0056297835,0.0012516321
53482,0.014784798,0.005055194
30414,0.018047068,0.0071366946
144279,0.0028853281,0.008446382
136962,0.0036541512,0.007166576
69650,0.022752216,0.014573063
129558,0.004819979,0.032356746
14840,0.0041809296,0.019503605
60876,0.0101283165,0.003413387
111562,0.00019892927,0.024915678
122732,0.0070965667,0.0034244857
76920,0.01311439,0.015349141
46588,0.025327625,0.0027944013
114960,0.00023350709,0.029891899
5359,0.0038027074,0.014964091
132236,0.0013438396,0.017522424
34807,0.008510843,0.021762263
120494,0.012267875,0.0066397977
13868,0.04321249,0.03757459
129455,0.0072630523,0.00026381607
110180,0.014661642,0.0043186005
104787,0.007374043,0.020087589
119600,0.0061429013,0.008096335
145213,0.020106371,0.012097972
101566,0.005741628,0.005057755
86870,0.0059584863,0.009744973
25651,0.0022146888,0.00802718
147698,0.0032127502,0.02633807
25254,0.0204752,0.0019568491
12567,0.059207536,0.0066065006
128847,0.011408124,0.01900671
64548,0.037587397,0.031920895
6940,0.0013587808,7.257075e-06
68082,0.023984212,0.015782861
16330,0.012174813,0.0029779626
129507,0.016950822,0.02582068
59511,0.0039367503,0.0064383075
115436,0.005641736,0.0093821185
126669,0.0050329957,0.0014539765
44475,0.0030761466,0.011234808
30223,0.009171024,0.02662963
47453,0.00993878,0.020958437
70640,0.0004371321,0.021594498
1468,0.052282132,0.02219214
47844,0.01376027,0.014730157
73277,0.008399425,0.0058372505
103678,0.018806925,0.016225114
144472,0.0070075607,0.012475981
92938,0.025466789,0.006582168
25643,0.0088032605,0.0010842925
44592,0.00930656,0.0056323446
24571,0.082266055,0.17375307
22685,0.011747925,0.0012362642
79713,0.00063947646,0.020912334
46191,0.005016774,0.0025903492
57898,0.02398336,0.025494536
86328,0.015280841,0.010575694
126796,0.0392339,0.03233818
26029,0.002270184,0.013398697
142745,0.006104655,0.006834018
31010,0.0047836937,0.013155799
99455,0.00014812972,0.009821385
57423,0.018271612,0.0036669578
143154,0.0008717029,0.004400349
57850,0.017385393,0.060234625
77574,0.0014987997,0.0039649247
55520,0.006585583,0.00046744107
117712,0.00765835,0.0037386748
149811,0.005251561,0.00073680654
9913,0.008075845,0.08248617
65895,0.009555436,0.017410154
72192,0.0029702785,0.0014830049
140796,0.008404121,0.014154714
64853,0.0017946322,0.00039700474
111748,0.007125595,0.0027679342
135410,0.012915889,0.008863878
134452,0.00048238208,0.0034791275
14935,0.03993613,0.12546158
129395,0.014309246,0.017514313
28960,0.0074030715,0.0003560236
102414,0.0133239925,0.05123072
131561,0.0059644626,0.008877538
75656,0.013173728,0.009331746
74287,0.0015568561,0.0048255287
50425,0.009043384,0.009289058
12357,0.006503194,0.011419223
72538,0.017107062,0.0007581509
70953,0.0024597219,0.013634766
55794,0.0034381468,0.005062024
110194,0.00020319813,0.017165974
116509,0.0030701703,0.0076839635
101168,0.041656055,0.063107155
34300,0.08405584,0.056896362
22942,0.019564653,0.02708085
111961,0.0037864866,0.0035670663
142569,0.014557695,0.01623536
79611,0.010568864,0.014641364
30538,0.008647874,0.015962154
38148,0.0020891842,0.027241785
98817,0.006627845,0.0028046465
50670,0.020168057,0.021934515
8410,0.011251883,0.00431668
47587,0.02753762,0.0029506418
13230,0.0037523352,0.008749472
55730,0.008500171,0.008440406
49221,0.0069164205,0.01937981
29674,0.0040605473,0.0009630567
51829,0.09542689,0.208843
24254,4.012736e-05,0.010830971
33241,0.0006556982,0.00966045
147112,0.013980329,0.030341841
125750,0.00040639626,0.0071879206
124329,0.0105645945,0.01597752
116113,0.00039102827,0.011898189
30158,0.0016213162,0.0036379294
45496,0.0074081933,0.020327495
15208,0.009030579,0.036231652
15760,0.004613793,0.000758151
138166,0.0041943765,0.009453623
52550,0.0049518873,0.020673275
7936,0.0029446653,0.0005762972
124610,0.0037380345,0.016994791
147225,0.008009679,0.018330092
103836,0.008501024,0.008716176
145384,0.017787093,0.04417085
136884,0.020587048,0.015743587
56207,0.013586954,0.013645011
119392,0.026224088,0.031653237
83445,0.0010697783,0.017015709
133987,0.011574608,0.024665523
142632,0.017582616,0.027753625
106021,0.006138633,0.023627335
16591,0.0060643535,0.003711354
7410,0.010275166,0.005838104
29733,0.006761034,0.022444006
13439,0.0067465194,0.054338455
94903,0.0036443328,0.026154079
115211,0.00074192934,0.00081791513
148151,0.0028157455,0.0054940325
130290,0.031590484,0.0021895024
119364,0.03356697,0.00712901
15968,0.015487454,0.008461751
114421,0.004663312,0.0045267083
140116,0.010629482,0.01399335
116778,0.008133048,0.0070094815
22340,0.004812722,0.013037979
21334,0.009306133,0.006548444
86659,0.0050790994,0.0026210852
114429,0.008606038,0.005162769
76366,0.00469917,0.0050509246
45084,0.0053505995,0.013514384
26413,0.00048665097,0.0017186461
32206,0.02608535,0.0025143635
141488,0.0025893885,0.054900233
142094,0.009444445,0.00868544
21899,0.0011457644,0.003047972
66769,0.004729906,0.004843458
29669,0.010539836,0.0148688955
117666,0.0037738925,0.021857033
112454,0.0012661463,0.021808794
68717,0.0048144297,0.006247916
12909,0.0021357145,0.033481594
32746,0.008403695,0.0180206
75355,0.0122243315,0.00036584202
127572,0.002847335,0.020580215
133821,0.030994551,0.02708341
24185,0.00374209,0.015158749
132491,0.01211334,0.007672864
51213,0.0035149863,0.031411406
96972,0.0056852787,0.01382601
89752,0.003132495,0.0036345145
139005,0.0060933824,0.0009528114
97143,0.010783294,0.5387504
36901,0.00038377126,0.016346779
139387,0.0023222642,0.0047196606
51425,0.007730067,0.006737128
137151,0.01070632,0.015139968
20516,0.005197347,0.017256903
16267,0.011181873,0.014039241
82559,0.009362482,0.036334053
90906,0.0037766674,0.0049612788
51488,0.006109604,0.034528323
15709,0.009713383,0.017043032
134295,0.0040332265,0.012620482
138873,0.0010629483,0.009954147
132658,0.003790755,0.13644123
69708,0.00044353542,0.028801205
9446,0.0021583398,0.016081681
12169,0.019842556,0.03185174
52497,0.0039272523,0.024706718
79607,0.0023956886,0.015554902
73953,0.0018309174,0.0014902619
141176,0.010438664,0.004092564
118741,0.007219511,0.019062206
46226,0.015892997,0.013915658
73750,0.0036609815,0.019310655
101629,0.006129241,0.0016938869
6346,0.0015939954,0.0036695192
39094,0.0072113993,0.002715854
66121,0.01170609,0.012242261
114888,0.011384645,0.0005698939
50549,0.005020189,0.0027094507
41409,0.007280128,0.008739227
101651,0.0025641492,0.018286126
8058,0.0009278385,0.00082474534
72960,0.005304069,0.003161097
79755,0.003718611,0.011506308
73267,0.01995098,0.020225896
126213,0.03586661,0.028519033
114228,0.004283809,0.01126725
134609,0.050387185,0.06206683
27827,8.1962266e-05,0.027261848
121431,0.0066449204,0.01095477
95692,0.0069710617,0.005861156
148364,0.0044268165,0.0013796983
93899,0.0013310332,0.0062077884
83319,0.0027967491,0.02288327
32130,0.0030317502,0.0024247172
45338,0.0031171276,0.005008236
143092,0.007948632,0.0038821087
80079,0.008581706,0.004273564
11576,0.000414934,0.0032810518
14640,0.017083157,0.0054675667
7628,0.008197935,0.020515328
124244,0.006906175,0.0045894603
40325,0.012162006,0.02399019
67737,0.0024362432,0.021850629
142017,0.008407109,0.0008136463
134870,0.015185218,0.01008392
71220,0.004594156,0.038539354
135134,0.0024161795,0.0065996703
79090,0.004295335,0.03645956
63410,0.0109607475,0.014365596
41349,0.00048835855,0.0004909199
28977,0.0019594103,0.0060669146
80973,0.020516824,0.039321627
138247,0.014894081,0.011777807
84186,0.004394373,0.019574469
73295,0.010412144,0.029671416
103438,0.0001101368,0.0058030994
50808,0.02091148,0.03550653
94085,0.0156168025,0.008948616
109220,0.004308996,0.0050099436
75028,0.009738996,0.008072431
6494,0.00862226,0.0004798208
77352,0.002639014,0.008425892
149883,0.016492348,0.004311557
59450,0.009969089,0.011137476
69238,0.00063947646,0.020438062
23576,0.0019141606,0.00058568874
4404,0.03987807,0.010550934
26614,0.005641736,0.0083669815
21596,0.00023820285,0.019064764
38164,0.00018441508,0.010744739
101640,0.0016170471,0.0031734768
122964,0.0002552783,0.0018245144
29937,0.0055580665,0.002858434
61491,0.002510948,0.010736203
143415,0.009358214,0.019510863
64958,0.0056144157,0.026765807
86227,0.03498253,0.026952785
121,0.0025510758,0.0002493019
40666,0.0034650404,0.013379061
135632,0.005069281,0.003840274
127954,0.011989542,0.0070871753
104991,0.006925812,0.00012891983
19486,0.01152253,0.015250105
81109,0.0045905276,0.013869126
146149,0.010034402,0.07222421
79274,0.01890255,0.007039364
15958,0.011619858,0.0076984772
120118,0.0059610475,0.0065510054
111072,0.042485286,0.027631959
147993,0.0032720875,0.0040242616
121913,0.009313817,0.01414831
98733,0.008965904,0.0009861084
40440,0.01633525,0.040301546
143392,0.0060600853,0.028241128
41960,0.008738587,0.0029783894
87936,0.00882087,0.015213391
147640,0.0050534857,0.0142127685
132820,0.011175896,0.020298468
143223,0.0004823821,0.006536491
111010,0.0030761461,0.007049609
101556,0.008649794,0.005460843
64774,0.0032409248,0.00027576886
100553,0.00545508,0.0038405408
36082,0.0021950519,0.011884528
39259,0.0023401936,0.001972217
62122,0.0045343917,0.0028729483
28341,0.032329854,0.05442468
107768,0.008927058,0.002480853
81681,0.049238004,0.031523887
33080,0.0035235235,0.008369544
64793,9.391509e-05,0.0011765001
79138,0.0025211936,0.00676701
148269,0.00570833,0.0064297696
2709,0.0043098493,0.013084935
5775,6.915566e-05,0.0055205007
58527,0.012427528,0.059672844
110988,0.044680554,0.023921888
7644,0.008363566,0.0064383075
21478,0.027276363,0.0075055244
19258,0.00032443396,0.011875991
41823,0.04564073,0.0077371104
83881,0.0014488539,0.005036411
2370,0.006471604,0.008638483
245,0.019980013,0.011070028
49762,0.022950025,0.00071700977
62417,0.010786576,0.010439944
22613,0.0067499345,0.008921934
29280,0.0072331703,0.0028217218
74779,0.0039884034,0.009744545
46719,0.031941067,0.04145307
121074,0.0014272961,0.035480067
118610,0.0013310332,0.0037813636
124487,0.001701144,0.012837768
93541,0.0048502884,0.019814383
25616,0.007965708,0.006428062
143702,0.01717451,0.010447627
27554,1.1099056e-05,0.009968661
86106,0.010515075,0.022247635
83130,0.0049040755,0.0006616745
1945,0.0059209205,0.0029156366
122504,0.0030804153,0.010059161
81786,0.008727274,0.0033792362
135674,0.0015982643,0.007998152
114839,0.031540964,0.008988529
46853,0.008861316,0.009862794
3250,0.023084333,0.013680016
12413,0.014329737,0.008743496
90538,0.011636081,0.020220777
145623,0.014385233,0.019434452
55764,0.0026407219,0.008710199
94712,0.011423492,0.014567941
39713,0.0044976794,0.018748013
59120,0.0010356273,0.01796852
50438,0.007230609,0.030997964
134672,0.0039102836,0.032229107
77252,0.022334721,0.003789048
111675,0.0010877076,0.0041356795
76265,0.036240377,0.11248465
35567,0.0020302737,0.0025997409
118619,0.003672934,0.0074244165
122723,0.022963954,0.0053659673
118758,0.037232224,0.0041092127
26578,0.021517234,0.014872739
79600,0.005833836,0.003822345
21516,0.026202744,0.15142514
17940,0.0057809013,0.00573309
78420,0.0038334436,0.017451135
68146,0.006352503,0.017427655
60499,0.013427085,0.02068715
36388,0.003829175,0.048163958
20530,0.0073996563,0.0177141
113024,0.009323209,0.0030428488
6602,0.0132509945,0.005470555
59064,0.00011782077,0.0010475803
47564,0.017240679,0.000987816
125194,0.0033374007,0.020682242
34744,0.001988439,0.0038010003
84615,0.031745873,0.007830598
67408,0.0017852405,0.03514432
32983,0.0055738613,0.18362947
123382,0.001365611,0.006977892
98411,0.0016093634,0.0069411797
15206,0.020505935,0.01388492
66934,0.0014309246,0.009762048
17316,0.0077198213,0.0110196555
126355,0.01012917,0.024219
22551,0.0018620803,0.014640511
39109,0.017078036,0.021754155
87054,0.00034833964,0.0075934627
22380,0.004937373,0.0087195905
48536,0.031203726,0.014005303
118699,0.033481594,0.06666356
55642,0.014193133,0.011457643
148510,0.016615288,0.0025007029
26954,6.744812e-05,0.011613029
145809,0.0069983825,0.017364904
60079,0.0029967455,0.028364072
8956,0.002463137,0.0019679482
52562,0.005777486,0.039659504
141349,0.00042517923,0.003858203
159,0.005561695,0.006136925
49012,0.0010390425,0.023091162
116724,0.012775015,0.00737447
76269,0.008064746,0.004063109
20201,0.017404178,0.010256383
5364,0.017308556,0.0067917695
89683,0.0073475754,0.00266292
51999,0.0041775145,0.007699331
14785,0.0058741756,0.01439377
118216,0.009156723,0.010511662
45139,0.0030296159,0.023332568
144372,0.0050031133,0.00595934
125607,0.021682438,0.003368991
114474,0.014294732,0.0069659394
34873,0.022256173,0.0053727976
57070,0.005736932,0.0007645543
47475,0.032239776,0.008823751
65391,0.019746076,0.036874067
75535,0.0037788022,0.009607515
72405,0.017855825,0.015303893
122558,0.0061505856,0.008999629
37196,0.030446855,0.027259713
87046,0.00029113682,0.0034236326
133609,0.00068301894,0.032176603
104275,0.0055849603,0.015185218
13862,0.009234416,0.013396563
21913,0.002010637,0.0029335662
141228,0.0063811042,0.030811844
104857,0.002726953,0.019005641
70241,0.0077761705,0.0016025329
46607,0.0072925068,0.005258392
142288,0.0171553,0.0060856985
1272,0.0019005002,0.012102243
17224,0.007649812,0.021094188
134445,0.010466412,0.024137892
11180,0.002549795,0.016268658
55275,0.0016153398,0.052799523
8253,0.010130024,0.0008665803
7570,0.033971287,0.0018632276
25712,0.036864247,0.012481318
13470,0.0008042548,0.0030462644
57242,0.005910675,0.0035068754
91624,0.0014236674,0.00789143
16272,0.007433807,0.0046061086
139700,0.004308142,0.0012559011
42377,0.00038419815,0.0022155424
980,0.0003338255,0.013258252
83839,0.036576528,0.010396401
776,0.00015570696,0.0017169386
55965,0.008663242,0.012540229
128869,0.014503267,0.0017180061
51863,0.011622935,0.0962967
52700,6.4033025e-05,0.0031000522
108284,0.00073936797,0.00072400004
38788,0.0033408164,0.0058765244
50500,0.024274496,0.0027414672
30686,0.0061300946,0.0024234366
45800,0.00895011,0.01154985
102770,0.0013839671,0.0068404344
111800,0.0068831234,0.007736043
72010,0.02521706,0.009747534
87603,0.007264761,0.011327868
146911,0.0019064766,0.0039930996
27796,0.016679322,0.03412534
88870,0.0045343917,0.013184827
38777,0.0030940757,0.001316519
144721,0.0010112949,0.019090377
48105,0.0056793024,0.006416963
64543,0.00010287973,0.026555352
3584,0.0025818115,0.015038369
31078,0.0032285452,0.01051038
115124,0.013985415,0.011687669
34041,0.0036733607,0.034469623
95444,0.027012546,0.018978959
90183,0.0047529577,0.008450652
90148,0.0018210992,0.011109302
51191,0.0016631511,0.007392826
14863,0.0046342835,0.025349395
48818,0.0045617125,0.005523062
2650,0.005171307,0.00079315575
78491,0.013374365,0.0034535145
90531,0.0196972,0.012714825
48092,0.0022112739,0.0060899677
56478,0.015334896,0.19993089
52223,0.0092532,0.0047094156
32345,0.0019713633,0.0037899013
69790,0.014027501,0.006405437
72758,0.17236906,0.07167774
114865,0.01112211,0.022068344
123314,0.005879939,0.003122677
52097,0.032809246,0.31724325
37268,0.007450883,0.0035371843
122632,0.028744001,0.03517036
32828,0.010518491,0.0017451134
57308,0.020519355,0.01480745
27289,0.002049697,0.09923516
31982,0.025170103,0.033152893
44860,0.011595954,0.004437062
85770,0.020178087,0.00095451897
80841,0.00026381607,0.00079657085
105367,0.0069198357,0.017022539
93979,0.020028278,0.2573133
41474,0.01219701,0.0060720383
144061,0.0008520661,0.008857048
28827,0.0045326846,0.02574896
138752,9.9037745e-05,0.007336477
131786,0.007404779,0.009624591
75120,0.008600063,0.0052174106
134481,0.016169619,0.0010492879
125576,0.026599536,0.01306658
144913,0.01488469,0.009540067
86841,0.0049954294,0.011981432
62092,0.003944007,0.039372213
79468,0.00243667,0.010527883
68839,0.004055425,0.009421392
127363,0.0026701768,0.0010151367
43884,0.02169012,0.02130507
149299,0.031566795,0.013389519
62049,0.0030974909,0.0044908496
31256,0.006928373,0.0060080052
107225,0.015358535,0.009044879
15685,0.004000783,0.009587024
101762,0.0035738966,0.014092388
84269,0.00062666985,0.008083529
120865,0.012749401,0.0073356233
141128,0.00596617,0.012164568
36894,0.0020038069,8.281605e-05
21808,0.0131139625,0.002244571
105044,0.038727608,0.0002655236
80578,0.007074795,0.030113457
149061,0.00067191984,0.010515929
17664,0.010381888,0.03071878
4183,0.02044105,0.0045873257
11743,0.025490267,0.007706588
134065,0.0007818432,0.020580428
131285,0.0137799075,0.019188564
60400,0.0056784484,0.013735511
90628,0.0060754535,0.015637716
89723,0.005950803,0.011450813
123455,0.0018800095,0.0033245946
105800,0.009365044,0.031560604
80964,0.008915105,0.046415422
45903,0.0097142365,0.016027892
73617,0.0057347976,0.0033211792
4813,0.040597804,0.0242984
124663,0.0003568774,0.0013703067
141259,0.01124249,0.052163888
138091,0.0035585286,0.0010928303
103191,0.0042833826,0.030569373
92088,0.006038741,0.009972931
38984,0.00029369813,0.0026005947
108593,0.007046194,0.008618845
95258,0.009934297,0.043530732
123006,0.009108057,0.00871703
147284,0.005869693,0.004364491
41733,0.005836396,0.0060967975
28440,0.000118674536,0.013779267
97414,0.0014317784,0.006548444
23550,0.009398341,0.01716939
115736,0.000115259434,0.0050637317
147369,0.0010027571,0.014350655
113755,0.0034031419,0.012502662
121312,0.0017754224,0.0042974697
22674,0.00023222643,0.008183421
83260,0.010860001,0.020062825
98709,0.031162152,0.2141243
40456,0.028542511,0.009055124
110876,0.011564364,0.00014812972
49384,0.010289679,0.0062513305
10222,0.0050639445,0.01948482
100317,0.016314974,0.022426287
56468,0.003771972,0.010937694
100700,0.006352076,0.0015897265
109558,0.02524641,0.0017395105
139869,0.004870779,0.00038334436
118421,0.008987675,0.031090174
20528,0.017348254,0.024255713
60604,0.010480818,0.009753404
149108,0.03964499,0.021182982
102551,0.014205086,0.041771743
6386,0.0036242693,0.017219763
91019,0.0020482028,0.024048245
26909,0.007409368,0.0003409758
101943,0.00020149058,0.013209586
64937,0.00086060376,0.0034996183
101016,0.0020663454,0.0055812253
79417,0.011359885,0.0076621925
146113,0.0073808734,0.004752104
54391,0.007324311,0.00960901
12153,0.003670373,0.010295656
111282,0.006370005,0.018613975
144698,0.0044515757,0.0091550145
149739,0.0016324152,0.010372496
56757,0.014987143,0.004892123
76907,0.0041433633,0.015505384
37922,0.00094768876,0.25004187
60827,0.02397034,0.16380185
47370,0.010600453,0.005225095
44129,0.010884333,0.015166435
130366,0.003215311,0.002078939
8145,0.0020345426,0.011614736
110592,0.016630124,0.052684266
127575,0.0188018,0.015849454
52470,0.0046231844,0.024849081
72801,0.0031692074,0.0017109624
143402,0.009489374,0.0016815072
27737,0.029347192,0.015362163
145952,0.005808222,0.0056878403
110705,0.014872204,0.056489408
62101,0.0075106476,0.009464508
79401,0.00039273588,0.02125555
64673,0.011736826,0.011306738
54300,0.015986912,0.05968821
97670,0.004363637,0.006872878
44623,0.007795167,0.007583858
76433,0.037515678,0.023151781
110212,0.0065843025,0.000712901
82004,0.013271912,0.0022633537
14541,0.058053233,1.0315939
38393,0.0022420096,0.013686845
133842,0.006703831,0.010639728
145246,0.018589213,0.0048613874
140395,0.017309407,0.035241224
80413,0.0047247834,0.027421508
83768,0.002135288,0.02711116
40507,0.010356274,0.014238384
97912,0.001316519,0.013269351
138934,0.002298999,0.021150323
101403,0.0040639625,0.01224909
107515,0.19863033,0.6701992
22812,0.012083459,0.0066039395
57208,0.011476425,0.010124048
130386,0.00042603305,0.01057228
72026,0.0020343824,0.039319173
34563,0.00045548825,0.0025510758
35541,0.006512265,0.004028558
2929,0.03830115,0.056642365
22509,0.0060212393,0.028149134
89181,0.0044123023,0.0077155526
39985,0.0063196328,0.0057493118
122494,0.011056368,0.009613492
125949,0.005682718,0.09647148
99722,0.0015092584,0.010252541
125048,0.00971936,0.0345693
21730,3.3297172e-05,0.0063657365
134122,0.0073117167,0.00044353542
11994,0.0075157685,0.0037181843
6185,0.0044191326,0.00026125473
98312,0.017304284,0.011603637
142154,0.0039068684,0.0017434056
75734,0.0038786938,0.004724783
86647,0.0065125856,0.010680707
67831,0.026449883,0.0077910917
46263,7.854718e-05,7.0863214e-05
59215,0.0023585495,0.0035747504
101853,0.010696929,0.006457944
120704,0.011010264,0.0028200145
131512,0.00609509,0.0043183872
43995,0.0063502616,0.03532148
128393,0.006966366,0.017784638
72537,0.0018800095,0.012786969
96344,0.026815327,0.017536514
44507,0.007939242,0.010031841
6850,0.0048080264,0.0032823328
51688,0.001614486,0.014004449
95428,0.00033553306,0.03417742
593,0.0070368024,0.0037190376
105537,0.003319045,0.005869267
125,0.0034005805,0.007736043
145000,0.16140804,0.2052214
49722,0.006950571,0.012020281
84137,0.012179082,0.009667279
91899,0.00034919343,0.012547058
122798,0.006839581,0.009939633
39820,0.0033348398,0.0072485385
12950,0.0032784909,0.005990076
57273,0.020816712,0.0075422367
31948,0.0024840543,0.020318108
138522,0.00667651,0.0015692359
119921,0.17527485,0.16861358
22170,0.004679533,0.033719797
65906,0.011677915,0.017364904
97877,0.01088476,0.0032272644
90949,0.012941502,0.017602893
14383,0.008134755,0.0039256513
8275,0.0026637737,0.006974477
123385,0.008488217,0.013985666
39404,0.010509954,0.013005533
44052,0.014676369,0.0028336747
107956,0.029728401,0.01786308
76088,0.005768949,0.0035423068
116702,0.0062995693,0.00614034
90568,0.00464026,0.01885559
84153,0.000102452825,0.0072374395
131817,0.017848138,0.016242191
51579,0.0037090061,0.003837926
79904,0.03876902,0.036016874
102535,0.0069343494,0.004257769
91778,0.00849398,0.015905162
55398,0.0020183208,0.019639356
31836,0.004665873,7.683963e-05
129107,0.00069539866,0.013316308
11638,0.0041851983,0.0836932
76993,0.0076600574,0.009912312
38222,0.01765348,0.020803906
31869,0.007984065,0.06912457
114270,0.008404548,0.013867847
73415,0.023582939,0.008244893
7211,0.0035260853,0.022064073
45801,0.006492094,0.005498302
106625,0.0011039292,0.036247823
53523,0.006303411,0.011484963
120923,0.0010663633,0.014029209
127239,0.01040067,0.010156491
96582,0.0074824733,0.010879639
131412,0.009836753,0.007008629
88660,0.009353944,0.0031102975
106988,0.007830812,0.012504369
129769,0.0065676537,0.0025826655
25840,0.008406682,0.0067951847
43489,0.00041066512,0.0072391466
48196,0.08492926,0.08064927
27540,0.0022206653,0.001603387
141881,0.0040387763,0.013185252
89485,0.016186269,0.012471072
90006,0.0313446,0.016742501
53771,0.0011799152,0.017882293
88850,0.00019442027,0.0131600145
34832,0.01763299,0.021118093
69158,0.005266076,0.0075413827
93808,0.0111656515,0.0015632595
120837,0.018687397,0.017511755
2024,0.00034321702,0.0038462502
6482,0.008627383,0.0034765664
5922,0.00054300006,0.009438468
80153,0.009473473,0.0053616986
3899,0.0040281047,0.016819343
120932,0.0044737738,0.015921172
17623,0.0072280476,0.015314992
148587,0.0010164175,0.017867137
70291,0.0029335658,0.00050628773
57270,0.0029105144,0.003023639
98008,0.0055657504,0.009686062
28417,0.0024195944,0.013185681
25485,0.0010202596,0.011426907
133338,0.0013054198,0.009494817
20916,0.0019568491,0.014170935
82556,0.013890898,0.016240483
113295,0.0037395286,0.0048443116
33257,0.014300388,0.01660718
138230,0.008129634,0.009122572
46694,0.01591925,0.011333418
140872,0.0063264626,0.016295977
142553,0.01075584,0.0070094815
67169,0.0020200284,0.016706644
145480,0.0035958807,0.010410916
128123,0.0018044506,0.0065930537
48708,0.016213162,0.018749725
115687,0.003372406,0.0123302
95892,0.0020943068,0.0027687876
40751,0.0040199934,0.011841413
121147,0.0008238915,0.0031862834
44500,0.004451736,0.04576303
123840,0.00035431603,0.004472066
36016,0.0043815663,0.029428728
147436,0.0075930366,0.0073608095
55749,0.0010492879,0.007833374
32444,0.009319793,0.003538038
39324,0.004708561,0.028475063
5508,0.0066326475,0.0056077987
767,0.005178991,0.018811194
19625,0.0038573493,0.003730991
13388,0.016576016,0.026570292
109293,0.011599369,0.10941434
118128,0.031716846,0.031943094
68695,0.0046752645,0.0013378633
149269,0.008876686,0.0059537906
114567,0.0016614435,0.006967647
89711,0.0210976,0.022138352
33948,0.015976239,0.009866635
8404,0.08961932,0.16144049
120162,0.006989845,0.015641134
128716,0.002278722,0.0044455994
132313,0.0049770735,0.04617167
102993,0.009041464,0.011151138
134713,0.0015828963,0.019378953
9963,0.012569256,0.0017434058
106696,0.001950019,0.01670835
79957,0.013746611,0.0333595
87671,0.018929869,0.0017493822
109808,0.012531689,0.012624752
1992,0.0046086702,0.013214709
10451,0.003579873,0.0010023302
55543,0.0022915285,4.439623e-05
112501,0.041224476,0.0024315473
110193,0.0070393644,0.0019081841
68637,0.001999538,0.00043798587
115976,0.004521585,0.022905042
142244,0.009083725,0.015846038
85175,0.0023786137,0.01313915
83357,0.008530906,0.026478084
62087,0.009192581,0.028960006
71429,0.0059004296,0.011879408
126962,0.014869322,0.011753047
59439,0.01428961,0.025500089
131228,0.007989187,0.0018275023
19220,0.0024537456,0.0026919483
43225,0.0026424294,0.015910074
72816,0.0073279394,0.0017365756
99868,0.00038675946,0.0002945519
23848,0.002595472,0.0036682384
77575,0.0054556136,0.016360864
133593,0.0016063752,0.00021045521
97101,0.0075123543,0.014606359
28173,0.038749807,0.037114833
7354,0.0045761736,0.00510614
90615,0.03764289,0.007312998
40376,0.0017194999,0.0043440005
47856,0.0068737315,0.0115600955
28544,0.04589804,0.032649167
34316,0.014024086,0.0024844813
146693,0.0010531297,0.012213232
43137,0.003858203,0.03253049
135029,0.009037194,0.03177319
59577,0.010305047,0.0050671464
134724,0.015381374,0.03731547
132683,0.0066338214,0.002983085
104392,0.001067644,0.019545013
74557,0.007345869,0.025358787
64879,0.0045232926,0.0038389931
112340,0.0072203637,0.021306563
70446,0.008170187,0.009283935
16273,0.026823008,0.013862296
83122,0.016768755,0.0022535354
105931,0.005814411,0.31764722
126238,0.0020158663,0.0060551763
139144,0.011425199,0.018289113
118458,0.0019115992,0.008892054
56047,0.0012132124,0.007423563
109259,0.0012174812,0.016190965
129706,0.0010527029,0.024182288
80120,0.001505203,0.0039785854
46859,0.0115191145,0.0040835994
92069,0.004875901,0.0028003776
57578,0.011011118,0.0020601558
134833,0.00945469,0.009184897
31550,0.018362965,0.013960055
40203,0.002621672,0.111730754
106616,0.0044157174,0.012574378
133354,0.007938388,0.0059977598
95118,0.015683398,0.010538981
137067,0.004116469,0.0025246087
142723,0.004540369,0.006317925
2595,0.011626689,0.005038972
33049,0.0034244861,0.0024042267
31358,0.00024332548,0.015293648
64726,0.008180446,0.018941982
31179,0.00094085856,0.007287813
86996,0.007983637,0.0056067314
21250,0.00068216515,0.0010928303
35069,0.007856745,0.016349178
17937,0.0050406796,0.005869694
9142,0.010403242,0.14903843
36746,0.004437275,0.00219121
148965,0.005167038,0.010573986
125558,0.0031734768,0.013911388
18554,0.009932804,0.0041578775
134285,0.0012473633,0.0054445146
39229,0.0050073825,0.02033433
167,0.0029643022,0.027441997
139039,0.003429609,0.0055247694
107513,0.00068216515,0.010961599
142849,0.0012166273,0.01857278
60579,0.011597661,6.744812e-05
104986,0.0045471983,0.026000826
147313,0.0088433875,0.0060413023
55964,0.037098184,0.028769614
133607,0.0029147828,0.0109786745
93598,0.014479147,0.006635529
75235,0.017222324,0.033969954
81276,0.003610609,0.011909288
122428,0.020562286,0.17663535
19543,0.00053915806,0.015998758
42366,0.012457838,0.010925314
46730,0.012838195,0.005706623
78803,0.024706503,0.0046829483
131149,0.00044566984,0.0037395286
96249,0.022285841,0.008556093
57683,0.00854542,0.22414906
123265,0.018082926,0.09314942
49690,0.007712992,0.021119803
90053,0.0013506698,0.010961599
94338,0.062016457,0.011684747
5877,0.0120586995,0.013767101
66200,0.002923321,0.054186482
67247,0.0051508164,0.004542076
55173,0.0024622832,0.0018040235
104525,0.014908596,0.01289796
22232,0.0049168826,0.005763826
119646,0.00813134,0.010241014
40318,0.0038483848,0.0046368446
50048,0.004459046,0.004615287
149093,0.016483808,0.007321109
85486,0.020931117,0.0020695473
122021,0.00025186324,0.046274334
117698,0.025770947,0.043081857
141587,0.03955876,0.01449793
133575,0.0021071134,0.028679969
129807,0.0035969485,0.0029216134
47849,0.006953133,0.013789297
74359,0.0033476464,0.010857439
137480,0.0008298679,0.0042411205
58077,0.0053309626,0.0052686366
15537,0.0036720806,0.01055691
112427,0.0056041703,0.2936563
49333,0.021319585,0.03303507
10098,0.010373776,0.017416343
96698,0.0022624999,0.005383042
103163,0.002085769,0.006084845
68095,0.0024494766,0.0002552783
75426,0.008808384,0.004054571
45962,0.0115609495,0.028400788
24174,0.0041109202,0.002858434
96219,0.0001263585,0.0041134814
129579,0.0084088165,0.0052430243
25235,0.0006642359,0.00698643
84438,0.003496203,0.02231679
40863,0.0060916753,0.0017903633
15020,0.010065138,0.0116847465
17978,0.007547359,0.0066056466
75201,0.005096175,0.0055213543
41541,0.0029805237,0.0039999294
88723,0.014855235,0.02352488
23216,0.009497378,0.0055691656
104873,0.0014001888,0.0053053494
23403,0.022386799,0.022934921
55106,0.015223851,0.04261933
104037,0.0012374381,0.00050105836
53964,0.007479057,0.009625018
149504,0.00063947646,0.00685751
145326,0.003881255,0.010724251
81890,0.0109385485,0.04806748
139947,0.008608601,0.0014906888
112198,0.023174834,0.0010569718
85983,0.0040022773,0.012506504
66103,0.005929458,0.40515214
15768,0.0029813775,0.024367552
50805,3.457783e-05,0.00019380663
86600,0.0033928966,0.0033519154
124629,0.0069958214,0.0085832
11717,0.003372406,0.0022701842
121721,0.02299981,0.015181805
4055,0.010091604,0.016016794
53888,0.0012413869,0.008990663
89685,0.0032076277,0.00032870285
23790,0.011058075,0.022046143
139202,0.010184666,0.010114656
93595,0.0022531087,0.009107204
55352,0.009569949,0.0073988023
149829,0.0026466984,0.02707658
143162,0.00062069343,0.0033783824
74142,0.001276605,0.00018014623
58444,0.00042517923,0.010239307
25623,0.0040065465,0.024501812
30371,0.004624892,0.00789826
146520,0.0027585428,0.004254354
11825,0.0026057172,0.0054103634
5056,0.0053365114,0.0005301934
21887,0.015999345,0.023575734
29918,0.012413015,0.01749553
33664,0.021418622,0.04581436
132473,0.0072485385,0.007498694
38120,0.0084399795,0.0019026344
86715,0.007918751,0.004049448
143607,0.025426235,0.003372406
26506,0.00083797885,0.0017860945
41206,0.039199535,0.078348346
127079,0.0077578677,0.008983566
5666,0.0104612885,0.0029113682
25847,0.002153217,0.005752727
112550,0.0010928303,0.016341228
107051,0.010655896,0.03353789
7930,0.0041454975,0.015706448
50230,0.006336708,0.031451322
121419,0.0005558067,0.032848094
91503,0.00038846702,0.008407109
30149,0.020059412,0.024265956
4433,0.0034330238,0.015291086
50607,0.020006265,0.0058218827
19872,0.007152063,0.017630428
129018,0.012081752,0.041354246
109796,0.023132998,0.023361703
51392,0.002912222,0.0002723538
64277,0.00831917,0.0029480804
99498,0.0019457502,0.0023367782
64802,0.0024989955,0.010725957
59600,0.0057817553,0.00022881135
143356,0.02856129,0.011111863
105154,0.008671352,0.008526211
30141,0.015921304,0.043954156
112047,0.006717918,0.0024568401
21037,0.005774924,0.005254976
24731,0.016037283,0.0051576463
4186,0.0068154614,0.0060886866
9745,0.00803828,0.015776029
19492,0.01030334,0.001093684
29276,0.0010578255,0.003564505
121781,0.011836718,0.020246709
17026,0.013736364,0.002364526
89864,0.00031504245,0.0041254344
23227,0.0019205639,0.0064400146
138318,0.00048067456,0.030162977
42021,0.003809538,0.0014112878
143857,0.009095251,0.008494194
129703,0.018277586,0.022978464
86753,0.022125544,0.015328227
5506,0.008929619,0.02280942
686,0.027451817,0.01059533
112210,0.0011039294,0.00045164622
97998,0.01130567,0.012068945
87941,0.0042783134,0.16905366
35916,0.0022650615,0.0008674339
28046,0.06659018,0.3512359
39236,0.0010467265,0.007490156
76766,0.0015521605,0.013591222
129090,0.019026348,0.0050756843
26122,0.0058859154,0.0075345533
25167,0.00833091,0.007799009
39849,0.011359618,0.007113215
37347,0.0055136704,0.022426927
98965,0.003632807,0.011286887
100430,0.0109172035,0.063941725
17118,0.013168071,0.14868085
703,0.020693768,0.022195129
43795,0.0036732545,0.00069411786
122072,0.0018048775,0.0005208019
99849,0.00016990096,0.008526637
51624,0.00444656,0.013282157
3867,0.009733019,0.015076789
82026,0.0033578917,0.0054016123
148036,0.001150033,0.009193434
44618,0.0026270614,0.010675587
91518,0.006152293,0.006444283
8415,0.00369684,0.010367373
84090,0.0068139676,0.031178966
67219,0.0036157314,0.00023991037
109953,0.0022625,0.008913397
14634,0.00024119105,0.0033523422
47751,0.00568101,0.00089219346
53081,0.013464864,0.035567366
96783,0.009904629,0.0015999717
132390,0.017393505,0.0011197241
60943,0.0014761747,0.008266237
60918,0.0013907973,0.0026432832
96644,0.001391224,0.0064370264
94448,0.0017041322,0.005740774
78760,0.011975029,0.041992445
105499,0.0013438397,0.005876524
148663,0.00904744,0.0013720143
15657,0.00069155666,0.0067029768
145255,0.009737288,0.06994376
104970,0.0021749886,0.013835403
42524,0.022404304,0.01627549
7249,0.005607372,0.021210942
130954,0.0018347596,0.00033894813
94138,0.008577758,0.019224849
135462,0.0001882571,0.0022680496
143961,0.014921403,0.0030112597
2457,0.0033706983,0.009225878
90757,0.0025698587,0.0075943177
49106,0.022302277,0.02207261
127727,0.016938869,0.0020114908
92574,0.010736631,0.0013408515
123016,0.010351579,0.00083968637
102856,0.0148992045,0.004695755
91808,0.00079395616,0.012536465
43965,0.0006759753,0.034379765
119347,0.018303199,0.00058739627
38211,0.0063537834,0.013390587
43948,0.008454067,0.005426585
122560,0.01641892,0.015811034
111076,0.00113125,0.007872647
136476,0.0142554585,0.027728865
143426,0.02131873,0.022620734
83643,0.018141838,0.001418118
139164,0.0057484573,0.0113468645
87433,0.007975954,0.009076468
118812,0.025040329,0.0077975155
47497,0.013645011,0.0061655263
139621,0.0026612126,0.024172897
5295,0.00456342,0.003944434
41873,0.0022829908,0.003824906
66656,0.011668951,0.0066807787
144940,0.007525161,0.001927821
75956,0.02133666,0.017734587
74051,0.023718687,0.02399958
6726,0.003860765,0.0018313444
30180,0.0073083024,0.010455312
140646,0.0009801321,0.0047025853
41620,0.006654952,0.031140966
40064,0.000414934,0.008713614
16435,0.0060758805,0.015161314
92253,0.0023393398,0.014578185
41171,0.010144952,0.002822269
112269,0.013822809,0.0067238943
1692,0.004627453,0.013132747
31680,0.0075490666,0.014561963
86392,0.0044012032,0.014686614
24673,0.002421302,0.00835076
145920,0.00414934,0.019236377
7217,0.038025487,0.24964426
86669,0.029215284,0.002946373
37698,0.0038257597,0.0070325336
93076,0.04227766,0.04385586
68948,0.0041220193,0.0010655095
72972,0.036629036,0.003993526
118795,0.01141837,0.014431336
40019,0.009733019,0.0002715
148177,0.0074064867,0.003925652
102036,0.006288897,0.03805014
89290,0.015626619,0.0023179955
14932,0.0046419674,0.0039504105
33588,0.003915406,0.0038675943
103062,0.0064033023,0.017855825
16832,0.016894048,0.07165687
31521,0.00062666985,0.005736505
91009,0.0030898068,0.010102703
51793,0.0056716185,0.01940542
50039,0.0065424675,0.13086517
49524,0.001335302,0.028140813
31483,0.0025894954,0.012388256
145196,0.011419223,0.0055273306
107945,0.006591133,0.011724019
14356,0.006679498,0.01338461
122924,0.0023008666,0.0124231
38348,0.011732131,0.023300767
114786,0.006714076,0.00095494575
144890,0.0039427266,0.0045087785
37185,0.012303733,0.011446543
69139,0.0020046604,0.003795024
149492,0.00026851182,0.0038919267
95630,0.018010356,0.0053505995
105873,0.0058252974,0.009505916
77498,0.015621496,0.0053975573
133212,0.00021941983,0.009404317
57330,0.011998934,0.016272072
148146,0.001431565,0.029586036
27409,0.015287671,0.0056152693
133131,0.051600277,0.14042291
23164,0.0071452316,0.007492291
142688,0.02097722,0.020116616
101041,0.0034270475,0.040470593
103383,0.001244802,0.03251256
144863,0.005114958,0.0039930996
103341,0.01453635,0.008791307
7123,0.015355759,0.0036757085
94000,0.005766387,0.004107505
87133,0.025235847,0.01319678
77187,0.010899274,0.01211334
12998,0.0033630144,0.005078246
84352,0.018752709,0.0023308021
131001,0.0036673849,0.01745711
108329,0.002085769,0.004107505
22880,0.0062991423,0.012111633
121851,0.017784959,0.0015931417
54510,0.013563903,0.03343293
98165,0.017548464,0.03610951
105804,0.006494656,0.0030428492
58076,0.012571817,0.00030906606
143389,0.009639959,0.0144915255
101851,0.014247775,0.008635066
12915,0.0068707434,0.0015807617
130013,0.00028003776,0.010953062
32071,0.005230217,0.013487916
60342,0.0071008354,0.056222737
125422,0.01205443,0.008367836
44711,0.00496384,0.003104321
33308,0.004530123,0.022991272
34799,0.001742552,0.005902137
99377,0.008208181,0.0025382692
62538,0.013734657,0.0049604247
14284,0.0066935853,0.0053471844
136757,0.005473542,0.053962793
146451,0.0030804153,0.02528963
96728,0.014160903,0.0011782077
126075,0.005817187,0.0017058398
48074,0.0017878021,0.011961369
133662,0.007619076,0.01562235
5622,0.03904564,0.001210651
65532,0.0101069715,0.0018800095
64777,0.020832932,7.171699e-05
149628,0.03904351,0.016729267
76451,0.02389542,0.007799223
34990,0.001991427,0.014614898
84184,0.00043627835,0.010647411
26696,0.013607017,0.0118495235
16819,0.007517904,0.0037860598
10753,0.014036039,0.010919765
128896,0.038610216,0.019078428
39929,0.004084453,0.01315836
71463,0.00040810375,0.0062496234
79095,0.0034714437,0.010117218
42057,0.00957934,0.0018228068
84162,0.011175897,0.039785862
89461,0.023545371,0.016949968
62066,0.009893529,0.007260491
71520,0.0041576643,0.004418278
19077,0.048684757,0.020558018
46813,0.0079938825,0.06197804
110922,0.010990627,0.015554476
45229,0.0016738232,0.011656145
65400,0.0029514956,0.0050859298
29923,0.015276999,0.012095091
126616,0.0059565655,0.0043449076
109904,0.0037659956,0.0017169386
22072,0.003168354,0.00093915104
67151,0.013390586,0.008957794
3048,0.037161358,0.0018467124
28931,0.008947548,0.0012123586
90127,0.0076634716,0.02941592
18428,0.006308107,0.02184892
118988,0.00698643,0.00835076
64209,0.010949646,0.021792572
13457,0.04139235,0.09938863
7993,0.006781523,0.009829496
99392,0.022973342,0.03184918
129513,0.019221008,0.013097316
132869,0.0038932078,0.00023009197
34620,0.011410684,0.0013600616
37193,0.007663473,0.028111355
23367,0.0023897125,0.020405192
55409,0.003746359,0.0019329436
45316,0.0015026416,0.016683592
82647,0.0040417644,0.009841449
11858,0.0020695473,0.011874283
144671,0.02114691,0.07141365
102757,0.009142209,0.010378046
61567,0.009286497,0.002277868
123199,0.44665202,0.23964866
34671,0.001885986,0.0006685048
52794,0.0005577276,0.0027026206
44556,0.0021408373,0.02889085
140654,0.004206543,0.0101291705
121743,0.0014121416,0.001550453
20562,0.00646392,0.0038957691
12154,0.004589887,0.0075268685
2250,0.10712152,0.09655857
47960,0.10683465,0.1147176
12415,0.025503077,0.027595676
71456,0.008254284,0.024269372
109857,0.0027568352,0.0041860524
137913,0.007939241,0.03368906
121922,0.003764715,0.010353286
69797,0.0012507784,0.0023623917
88281,0.011952831,0.0030112597
148100,0.043343544,0.28546736
66469,0.005266076,0.008460898
52402,0.0097569255,0.010264066
55785,0.002493019,0.007930703
65618,0.0022638876,0.0035841418
126806,0.011315062,0.024505014
100461,0.0043388777,0.029357014
130073,0.009173798,0.008516393
68178,0.0022872596,0.0088433875
6051,0.011941733,0.0043738824
46249,0.0049911607,0.02983427
84666,0.017486993,0.011320185
19072,0.0015733981,0.025802111
66865,0.0080152275,0.0012524859
82847,0.009976559,0.013889298
6062,0.0010117218,0.013120795
39753,0.00079742447,0.0286091
71551,0.0068178093,0.014542754
125069,0.001456111,0.0015892994
132601,0.0094625335,0.11531726
53948,0.006958255,0.002331656
140034,0.013525483,0.03816796
82133,0.009077749,0.035296507
17530,0.0064289155,0.018992193
46602,0.030948447,0.018583238
74060,0.0037728262,0.0010919765
99437,0.0062607224,0.025293902
139617,0.008739227,0.019662408
115178,0.009802176,0.007039364
29246,0.005887623,0.0058133453
116714,0.006338416,0.008559935
137700,0.009064943,0.028830232
138850,0.0056852787,0.02069206
111836,0.042419333,0.025970517
42270,0.007657496,0.009509331
9633,0.004326071,0.01221494
92645,0.0020012455,0.009958416
19359,0.03337487,0.0027192691
3145,0.002568151,0.0057330905
102078,0.0026432832,0.030472895
139027,0.015753405,0.020353537
72534,0.00041920287,0.009806443
86049,0.003333986,0.009356505
74572,0.00030565096,0.007479058
124737,0.00721951,0.023955181
128805,0.007644689,0.00840711
21332,0.003935043,0.0073842877
85529,0.012694761,0.00020490568
35585,0.0071623074,0.0018257949
37775,0.009894384,0.005570019
146471,0.004940788,0.010351152
99145,0.05994435,0.0062419395
132614,0.0047062137,0.00072677474
23372,0.02800378,0.010271751
21939,0.012938087,0.009926827
27752,0.0042338637,0.030902341
112737,0.006430622,0.06045234
30209,0.00050884904,0.0018979388
45731,0.003795024,0.024293277
22122,0.006023373,0.015049468
31362,0.015171985,0.0038223446
69741,0.0011619859,0.010601306
124326,0.0026962173,0.0016345497
124988,0.0018578115,0.015351704
2186,0.012340443,0.011969054
32607,0.019139899,0.0071913353
72147,0.0055956324,0.016557233
49771,0.00064033025,0.023436088
102635,0.0012490707,0.018532865
64299,0.018635318,0.021157367
69265,0.0099643925,0.01188581
77111,0.013761978,0.0041911746
16279,0.024996573,0.13844399
85598,0.0007043633,0.012639266
50817,0.007824835,0.0018176839
115364,0.20981184,0.4088403
132511,0.004919657,0.037959855
121586,0.009179988,0.0078126695
73719,0.026502846,0.027943589
41949,0.0015632595,0.0055000097
132550,0.011231819,0.011061491
46126,0.009800468,0.018320704
47160,0.0011884529,0.03485873
34159,0.022670254,0.034884345
89363,0.0066440664,0.023389133
48008,0.0027269525,0.01270159
115120,0.036343444,0.007133279
35138,0.0034582103,0.008699527
6870,0.0062103495,0.008746485
147100,0.013570732,0.002154071
21243,0.013762831,0.0022975048
96688,0.008505293,0.0013476815
64253,0.00053019344,0.026336147
117893,0.0009758633,0.026561756
105178,0.0036635427,0.0033502078
47822,0.008844028,0.0039815735
56496,0.0026458446,0.038890254
27007,0.006279506,0.007904237
37520,0.0020960143,0.0041527553
148313,0.011287315,0.007839777
7387,0.006823358,0.004216788
79689,0.0041800756,0.0017408445
98690,0.0007257076,0.00871276
78155,0.0014539765,0.009087567
143881,0.012467656,0.008892907
60603,0.017400868,0.029953588
113046,0.0030467443,0.013309797
108483,0.0005609293,0.005579411
75483,0.02205212,0.009219049
20091,0.008156099,0.012610236
124012,0.0068831225,0.012859538
120360,0.008861316,0.0045693964
59635,0.023611965,0.005050925
83299,0.012503516,0.0069915527
82611,0.0052374746,0.021985525
107071,0.029064383,0.005256044
12700,0.011464473,0.016891912
116609,0.01240533,0.005542699
66362,0.008348199,0.0003240071
33838,0.00051909435,0.0063546374
23985,0.003074439,0.0097159445
86362,0.008586402,0.020581923
98116,0.0008238916,0.00083328306
23299,0.014871883,0.009085859
65314,0.00349044,0.024085596
24042,0.002228776,0.0128450245
144277,0.0121398065,0.0016247312
37431,0.0041971514,0.008299533
84911,0.009349675,0.016760005
91760,0.0073168403,0.009941341
33965,0.0028661182,0.0060532554
135163,0.0028319673,0.021740492
97826,0.028755954,0.002271038
66711,0.03132005,0.03811524
21570,0.008718737,0.034138147
112362,0.001097099,0.022962244
12724,0.0011816227,0.016138885
14357,0.008157807,0.0019436157
136137,0.010595544,0.0026364531
43910,0.0020738163,0.015231323
25909,0.0013694529,0.0011551557
122703,0.0014684907,0.010190429
77190,0.0051937182,0.030978324
86354,0.002917558,0.02112962
139866,0.00052336324,0.0014676369
92108,0.019435303,0.011211328
94194,0.0036165852,0.00487334
13577,0.007170845,0.033916164
36546,0.061420523,0.0013250568
52682,0.011034705,0.0014800166
136478,0.010154356,0.03621324
70861,0.03029531,0.019845543
29119,0.0068933684,0.005453906
81323,0.021303361,0.00595934
48442,0.0038761324,0.009896945
18277,0.01944811,0.010437382
76768,0.0057369326,0.021950949
143643,0.004075062,0.0051474012
33538,0.0011457643,0.0026193776
118521,0.028415294,0.03704674
78681,0.014192279,0.004805038
19048,0.016362572,0.019157829
139511,0.0016646452,0.013878198
63258,0.0038428353,0.0007547359
40661,0.034259383,0.010696503
74747,0.018166278,0.04586367
37335,0.0068344586,0.0038479578
48068,0.00029284437,5.634906e-05
34680,0.03956943,0.022531515
122906,0.0071699913,0.0060643544
139099,0.005801392,0.00044652363
20840,0.083758734,0.033041902
15830,0.0048630945,0.013048223
115215,0.007952902,0.0043653445
19315,0.008438699,0.00890059
15111,0.00089731603,0.0051123966
98806,0.0017903631,0.0065586898
17716,0.011502039,0.007438077
45107,0.00079144805,0.007385142
129006,0.0037173305,0.012839048
56935,0.017430643,0.0012396794
89354,0.016786044,0.005803099
27387,0.006559543,0.009271982
60370,0.005324132,0.003902599
131162,0.0023700756,9.39151e-05
89316,0.024123376,0.018566161
9418,0.0030693163,0.014981166
136663,0.0043294863,0.009108912
53438,0.015032393,0.08322768
410,0.007939241,0.0021002833
111855,0.007371482,0.072218224
69042,0.014584161,0.005465005
13842,0.112727,0.022740263
133317,0.006745666,0.0274659
139544,0.013766247,0.0056152693
127282,0.0011244199,0.02975231
118550,0.0019745647,0.0026139347
94180,0.011341369,0.0011442166
15132,0.099198505,0.36688304
122294,0.008586402,0.0033356932
137171,0.006182175,0.016179865
49368,0.003869302,0.0003594387
897,0.04521587,0.03413046
126849,0.0022163964,0.0015888728
140326,0.0017331606,0.0012422407
18401,0.0072092647,0.00800242
91128,0.004758934,0.02535964
79547,0.0011609186,0.00045847645
82674,0.013066578,0.0058812196
128443,0.0042748447,0.00604301
138998,0.009513601,0.010781454
137401,0.002236033,0.009518722
59302,0.0053727976,0.0045318305
80167,0.00073766045,0.010593624
78008,0.004846873,0.07574336
4294,0.0036157314,0.007490156
47068,0.00088792463,0.0063691516
9977,0.0053582825,0.14089285
8162,0.02805159,0.020682668
107126,0.0012046746,0.009368459
7179,0.0017600544,0.019248752
84836,0.019700399,0.00069059606
104790,0.02111724,0.034626506
112715,0.001617901,0.01651497
93370,0.0073552607,0.09986269
138141,0.0040977933,0.004868857
35109,0.022873024,0.0064327577
124200,0.023991039,0.00931467
44607,0.001388236,0.005937996
143618,0.004165562,0.011834583
25023,0.0034411347,0.007376818
19018,0.0042944816,0.012393379
106022,0.01174195,0.008372958
45630,0.0038035617,0.01067772
121436,0.008261114,0.009104642
70239,0.0035568206,0.007103397
97770,0.012001496,0.009426088
31664,0.0037702646,0.006974477
38456,0.0047230753,0.00019124527
119319,0.00807243,0.0075132083
3666,0.004639192,0.0041482723
74723,0.004919017,0.008401986
68487,0.007899541,0.025307134
39644,0.010722116,0.014899631
9364,0.0031195888,0.008924116
118799,0.0057025678,0.0043188143
42455,0.012098186,0.0031793998
134273,0.005518793,0.0011295426
56812,0.026251838,0.000297967
18643,0.0013173725,0.0033083728
22534,0.0017271839,0.00061770517
117570,0.07788645,0.08285373
47070,0.014894081,0.008600062
57763,0.013024744,0.018505117
43936,0.000987816,0.018210994
137303,0.031937115,0.06867121
110779,0.006726456,0.060088415
149209,0.012458265,0.0032084815
90719,0.018350156,0.00959727
7370,0.003811245,0.009115742
126949,0.007683109,0.008475412
51261,0.0054914723,0.0067772553
71501,0.0045070713,0.0077906847
120071,0.002624927,0.019051105
57499,0.0027243916,0.0065125856
90003,0.0048494344,0.01880266
149517,0.018202454,0.009283081
58253,0.0044157174,0.013589515
9015,0.0133444825,0.030390076
143385,0.006555274,0.0003560236
149519,0.01080109,0.011759025
67630,0.005405241,0.01147728
90055,0.0062223026,0.018761674
52337,0.0012311416,0.0019799012
80454,0.008577864,0.029333958
5963,0.005691255,0.002870387
68698,0.008386619,0.0035508447
87227,0.015853085,0.0057471776
11475,0.007340746,0.0066397977
11087,0.0025365616,0.015820425
106126,0.006510024,0.0035969485
148470,5.8910384e-05,0.016476978
14521,0.013193364,0.0047281985
68026,0.013142992,0.0083260005
3960,0.0037736795,0.0360903
131643,0.005628076,0.010343467
70995,4.9518872e-05,6.8301895e-05
112160,0.021765253,0.030419106
80710,0.0079315575,0.0030223588
90669,0.0002552783,0.0024375238
66406,0.01282795,0.038823664
27864,0.008486938,0.013445227
114400,0.011224563,0.005210581
148590,0.0019961228,9.135378e-05
57471,0.036100972,0.076073885
5114,0.0123596545,0.019397737
7788,0.008433576,0.0018202454
69877,0.0060664886,0.004539941
118900,0.012466803,0.01999965
75745,0.0061804675,0.010837376
36668,0.004580709,0.0045248405
141485,2.646698e-05,0.006405864
124058,0.017670555,0.018544817
117073,0.010042939,0.024335962
108132,0.0042987503,0.00279184
46224,0.0017519435,0.012955162
124105,0.005281017,0.088637106
103734,0.01639843,0.033330474
84293,0.0012422407,0.014059091
139115,0.008518955,0.022327038
95436,0.0044985334,0.004668434
65628,0.0024656982,0.0054901913
125359,0.006743958,0.013321431
26562,0.02124669,0.023581764
67609,0.023101516,0.008052046
43465,0.008063252,0.045155466
144596,0.0008554811,0.0049604247
66336,0.0033561843,0.0073834346
1648,0.007125595,0.0403818
149749,0.0018535426,0.0040426184
31394,0.013824304,0.03513109
324,0.0064865453,0.012536813
91084,0.014515858,0.03587216
32688,0.010805572,0.005420822
84946,0.003206774,0.0048221136
101717,0.0037805098,0.009625445
7405,0.016526071,0.00033766744
105275,0.015257789,0.0028908777
56381,0.017454548,0.009681366
60960,0.005453906,0.004698316
8569,0.0068993447,0.024967758
58051,0.008517246,0.0023901393
70157,0.0012873306,0.0073924535
19589,0.012851855,0.0015513066
16597,0.0061770524,0.0064075715
57641,0.0068250666,0.0050338493
45415,0.006038741,0.0044874344
33956,0.016882522,0.058306806
124014,0.0029739072,0.0049501797
108532,0.026044369,0.006453675
104722,0.0041997125,0.005307057
92172,0.012208963,0.007140963
24744,0.0030480782,0.0034365454
63006,0.0070402175,0.0098815765
73591,0.0191177,0.07211236
35713,0.02360492,0.02566209
1613,0.016416362,0.020205408
121420,0.02036037,0.008809237
86225,0.0024580143,6.744812e-05
82862,0.0039704745,0.0030727314
40231,0.0062325466,0.010546665
52396,0.0011211116,0.0464968
136713,0.012432652,0.014065067
9721,0.00011525944,0.0021216276
4914,0.004768753,0.012574378
103229,0.0030001607,0.024497328
98674,0.01124548,0.013185681
21556,0.0028883163,0.019096354
68714,0.0011227124,0.010656803
118687,0.0043901047,0.03350294
125847,0.00888693,0.0035841418
15134,0.004609951,0.0021788303
27151,0.012689211,0.031368505
95951,0.0046291607,0.009566534
23687,0.0011329576,0.009225024
135329,0.009295887,4.3542455e-05
27298,0.017238759,0.03144193
105859,0.027084263,0.02881145
99106,0.0015974105,0.0060694767
92948,0.00065996696,0.009616908
74711,0.03274564,0.0373509
36799,0.0072416547,0.06718341
46061,0.00074449065,0.0013259104
15518,0.00535743,0.0073757507
15663,0.00037395288,0.0071563316
134824,0.02071084,0.006510024
80022,0.0020003917,0.00036883022
141033,0.003993953,0.024796149
65896,0.054856695,3.2289615
120051,0.0047836937,0.016422337
74467,0.0075183306,0.015296209
63940,0.0002390566,0.0034966301
29184,0.00034577833,0.0009639105
43341,0.02012259,0.003991392
46867,0.0024605757,0.017285502
109769,0.0059589124,0.016758299
16485,0.007053878,0.084489554
46089,0.0020439338,0.0068660476
3127,0.002071255,0.010757549
138698,0.00014001888,0.0037395286
6170,0.013309477,0.01616535
120392,0.0038522272,0.0061130193
94891,0.0027039011,0.0028533118
69063,0.0085597215,0.008325362
15308,0.0030002673,0.0015491723
100259,0.008234647,0.013841379
105967,0.00078717934,0.0038932078
1574,0.008656411,0.0022701842
40700,0.008858755,0.010848903
21152,0.0007154622,0.004688071
36672,0.0008546274,0.009200265
47813,0.0010176982,0.0027969624
60787,0.01143886,0.016510274
84427,0.004405472,0.005341208
111850,0.04648629,0.020910628
92408,0.0011141745,0.0035926795
139603,0.002145533,0.00075132074
126146,0.007788123,0.016979853
32331,0.016383277,0.009135164
96694,0.0039405925,0.038635828
128494,0.00848523,0.010760109
23459,0.004597571,0.0010492879
20086,0.03716627,0.031191984
52683,0.011196388,0.011171629
103941,0.02288626,0.0016691275
5570,0.007158892,0.009347114
23821,0.022386158,0.036163937
117988,0.0012541935,0.015770053
39440,0.022998104,0.016722865
108175,0.0019431888,0.022679646
86722,0.002711585,0.005639174
84919,0.0067840856,0.003976024
95750,0.019803278,0.004596717
27337,0.0032827593,0.0026082785
30915,0.0016264388,0.0057023545
43870,0.0060891137,0.004612939
129551,0.0045736656,0.0025937643
42189,0.010498,0.0033019697
119640,0.004122873,0.009707406
4787,0.0035218163,0.009253199
713,0.0033613064,0.0008529199
146619,0.00492542,0.008600062
26759,0.0021976135,0.0011269812
74801,0.0048524225,0.0015568561
125996,0.07404466,0.0463595
81484,0.0108646955,0.018699778
1031,0.01836467,0.011347933
32106,0.002731222,0.009083298
92915,0.00037053772,0.003324594
69985,0.01038018,0.0012695615
10873,0.008218424,0.024553677
8634,0.00050543394,0.006305972
37766,0.024209822,0.03004238
146321,0.0045309765,0.0069454485
39012,0.024636919,0.011874711
82003,0.0037937432,0.018694654
29300,0.011876846,8.7938686e-05
19252,0.00051397167,0.013076398
2430,7.42783e-05,0.016775798
6108,0.03068036,0.004676972
117376,0.0072314627,0.006104482
88467,0.007165722,0.0025869342
54375,0.032004565,0.06713229
142899,0.0038782668,0.0858475
111957,0.02583882,0.03183029
45493,0.0077898307,0.02334132
121292,0.0015171558,0.010836095
70560,0.010935134,0.010235039
63108,0.01381662,0.07518425
43197,0.008321306,0.019025065
100204,0.03043618,0.016412945
138799,0.009957562,0.0034620522
102832,0.008340915,0.026694864
106156,0.009180628,0.006507463
144289,0.0009220755,0.00047555187
59282,0.006737982,0.016374525
62767,0.0039055876,0.08469831
130076,0.013402539,0.0052814437
6116,0.025509905,0.011741949
146121,0.009606661,0.016637487
131767,0.011659987,0.00771043
93438,0.008211595,0.045397725
83585,0.023185078,0.0317638
34981,0.005258392,0.00015794813
16540,0.011495208,0.021911247
108798,0.0170251,0.0702682
9491,0.0031751841,0.030437034
4840,0.0018154964,0.036688425
82270,0.001769019,0.0016580282
92394,0.00031248113,0.008699954
70559,0.020466663,0.0013916511
65645,0.002639014,0.04343276
87951,0.008578719,0.007581511
142220,0.008062186,0.014403162
65225,0.00053574296,0.00862909
16297,0.031122617,0.012567548
50140,0.011218586,0.12343386
101239,0.008063892,0.020089295
117228,0.011117839,0.017854115
131283,0.0049091987,0.0044515757
124845,0.00233934,0.0021301652
33270,6.317925e-05,0.036931697
142405,0.03765996,0.0034108257
49656,0.10439028,0.055352736
54128,0.0031768917,0.0026202316
142357,0.00046274532,0.005789866
138711,0.011038439,0.005208019
24183,0.0098807225,0.009950732
19057,0.0035572476,0.0043811393
21682,2.6466983e-05,0.0023649528
138080,0.0026296228,0.010941964
131717,0.0039973683,0.005006529
35784,0.011194681,0.011770977
32192,0.017542487,0.004624038
40169,0.0060822833,0.04455932
75112,0.01710365,0.017361488
90883,0.00456342,0.008735812
144744,0.011432669,0.030077493
75733,0.028400784,0.008716175
42075,0.0035849952,0.02836962
85380,0.0012243114,0.002907953
99865,0.0024972877,0.0048263823
5082,0.009268567,0.024586974
144232,0.0014189716,0.0015828961
122145,0.0055777035,0.009371873
148774,0.008221274,0.014052221
126050,0.023996163,0.015534837
134380,0.09678611,0.42086154
130035,0.0077898307,0.025857393
71325,0.006940326,0.009467069
35844,0.0055350144,0.0016204624
100255,0.007841911,0.011161383
120377,0.0066406517,0.0077599487
74911,0.016775798,0.013891752
121844,0.024140453,0.019586423
109476,0.0010868539,0.010144537
91680,0.0042577693,0.0004345708
122861,0.011637788,0.0017809717
106570,0.0002552783,0.028621912
62796,0.017727757,0.0102111325
44992,0.010880118,0.01386942
140660,2.2198115e-05,0.008273067
81327,0.012443538,0.030265002
36260,0.011292011,0.009006458
70465,0.00012038207,0.004044326
64009,0.00036200002,0.010767792
90109,0.0069548404,0.0005677595
126023,0.009141355,0.0015828963
149338,0.04549676,0.006828482
80010,0.0031299342,0.00018100001
56971,0.011286887,0.0038411277
145274,0.0015532278,0.0017880155
38530,0.03804502,0.02419979
65709,0.009401756,0.010311877
63650,0.0038266135,0.002066986
43064,0.01089842,0.004740151
6931,0.0037745333,0.0018347596
106829,0.018931577,0.03275418
50937,0.0021796841,0.13440837
63292,0.0063014366,0.11042831
100465,0.008063039,0.005885062
85725,0.016041553,0.012219209
124121,0.01953605,0.03206433
3281,0.017331606,0.0002723538
69242,0.058093783,0.052212983
18933,0.0057356516,0.0014949577
60520,0.0041203117,0.016187549
136764,0.006201812,0.0138687
42234,0.004352538,0.005548675
48775,0.0012550473,0.036525298
97157,0.015939955,0.011883675
33660,0.0061343643,0.0025809577
40651,0.0034637598,0.0052532693
67575,0.01620804,0.026222808
70666,0.005705769,0.002047776
56445,0.004284236,0.014016829
34717,0.0077680596,0.0034957763
11405,0.0022949437,0.004832359
74677,0.02763922,0.004220203
117405,0.0144227985,0.013604884
105759,0.00015282548,0.002508387
6451,0.0009493963,0.0021293114
77710,0.00051482546,0.007148646
102756,0.0029310049,0.08358626
82715,0.0032955664,0.029013794
43116,0.004165562,0.01035542
66544,0.02384718,0.019779375
90136,0.002405934,0.004621477
117876,0.006801161,0.002236033
113283,0.0020392383,0.0026428564
48788,0.013404674,0.02873034
74112,0.0036959862,0.0069206897
116070,0.009666425,0.004722222
114103,0.025205322,0.004470999
30409,0.0057847435,0.004421374
109023,0.01482023,0.0066928384
21223,0.011886237,0.001806585
146097,0.013528044,0.0047503966
104838,0.0029216134,0.006292739
108981,0.006109604,0.0009735154
33850,0.016436212,0.020389395
146030,0.006322194,0.012854415
99811,0.01739436,0.0079840645
54131,0.07978183,0.05418905
113867,0.0015325237,0.01094367
14974,0.012853563,0.029142503
140785,0.0044076066,0.0051849675
143140,0.0017442596,0.0043670516
101183,0.07167608,0.066882126
102571,0.0014317784,0.01626012
75322,0.014444997,0.008061332
127675,0.0028394645,0.013129438
7051,0.02213707,0.015499193
17950,0.00083157554,0.0016059482
113593,0.01060643,0.006910444
83169,0.0048374813,0.007550774
34662,0.0016674199,0.0038863777
15612,0.001130823,0.027075727
45587,0.009847425,0.008364421
7203,0.016285466,0.08995216
3122,0.008455775,0.042231075
40686,0.0014283634,0.018081218
18853,0.11466083,0.017744834
87301,5.720284e-05,0.04123728
111555,0.003157255,0.0054086563
79305,0.005115225,0.04707176
80301,0.0010655095,0.0024878967
102292,0.006880562,0.00044908488
116633,0.0068466244,0.032642122
103450,0.004638552,0.002115651
5799,0.005885062,0.0074244156
48929,0.0042859437,0.0015487452
112569,0.007537114,0.003845823
120967,0.004133438,0.006363175
135263,0.019536905,0.001637111
94329,0.01151826,0.021932593
73147,0.0050402526,0.015757246
27580,0.00030991985,0.0064750193
668,0.0015072307,0.0109967105
32916,0.0048263823,0.018605433
51034,0.0050569014,0.007389411
94708,0.0019475702,0.03569212
129814,0.013550242,0.002870387
71991,0.0071068117,0.014539339
67891,0.052246705,0.021501437
22720,0.00081791513,0.0054376842
115559,0.020902943,0.030991986
29736,0.0075354073,0.008018642
5797,0.13405234,0.33126813
119139,0.010433541,0.00014727595
59410,0.0006121557,0.0048596794
11284,0.008467087,0.013029227
94745,0.0012524859,0.0004277406
75667,0.00939151,0.022593413
111776,0.0033817973,0.003357038
100813,0.0040263967,0.016714329
67449,0.0014770282,0.001214066
94882,0.012137245,0.019691436
84453,0.005205458,0.009815835
90149,0.0010783161,0.0056434437
13479,0.03964894,0.2766182
56327,0.0041373866,0.0044635287
104730,0.003907295,0.00074278296
111026,0.002512656,0.007254088
102884,0.0013592074,0.015590548
90914,0.011843548,0.0056041703
94248,0.011949843,0.0859905
50498,0.0113550825,0.022682525
21042,0.0018364672,0.001550453
55462,0.01681678,0.011931059
93457,0.0023103114,0.0015803351
120634,0.015677845,0.009115742
113931,0.0006047919,0.008878072
70151,0.0033963115,0.0059358613
149070,0.010826704,0.03456418
17820,0.008797284,0.0046863635
94977,0.005326266,0.13344027
125530,0.009225878,0.0036225617
22932,0.013684284,0.040561944
133658,0.011396171,0.013595918
67592,0.0115387505,0.0080553545
122057,0.0048351334,0.0398373
59837,0.0070786374,0.023786988
99086,0.0003329717,0.0017843869
74462,0.023062987,0.0047145383
42669,0.0018859858,0.008113411
81205,0.006334147,0.004926274
122739,0.0050304346,0.015326945
71211,0.0012157736,0.0015376464
135075,0.0005865425,0.0031290804
85085,0.014173604,0.0032494625
119374,0.0004986038,0.002870387
102045,0.0023453163,0.025843732
70198,0.0075226007,0.012196157
92858,0.00067875005,0.0073501375
13702,0.061720625,0.14573851
69309,0.0042867977,0.009213071
123651,0.018051976,0.07385694
98540,0.0024827737,0.0011901605
128636,0.09052737,0.06748713
121075,0.030361902,0.013245445
69251,0.0024351226,0.023564689
143747,0.0036046319,0.009114034
106652,0.008979138,0.0076762796
105219,0.0027474437,0.012548338
48091,0.0121193165,0.08122429
1245,0.007732628,0.00050884904
131887,0.0052822977,0.009207949
91089,0.032369982,0.025159003
37935,0.0028204413,0.003549991
49691,0.006744278,0.0094764605
129391,0.018345034,0.017427228
133656,0.0033015427,0.007373189
88848,0.02574384,0.0915217
100338,0.0019209908,0.015408053
10851,0.01814205,0.02389051
29110,0.015242421,0.04805979
103527,0.0022872596,0.015716266
98702,0.01353957,0.0053121797
85684,0.0026304766,0.01678092
35168,0.0032631229,0.007650666
68597,0.011860625,0.023730641
129799,0.0024674057,0.021439113
125537,0.0012430943,0.017268427
25803,0.0020196016,0.00048622405
131174,0.0032477549,0.021921493
122433,0.0012277265,0.030504482
125108,0.0065010595,0.055002905
94726,0.0028230026,0.008038707
106204,0.024272788,0.0057049156
91032,0.018377475,0.0045839106
19623,0.010102277,0.010987639
34144,0.005722845,0.0063273166
15435,0.0038116726,0.008660253
56782,0.005088491,4.2688685e-06
113193,0.006551859,0.0022010284
10525,0.0028618493,0.0048374813
22476,0.011449104,0.005216557
115218,0.0022718918,0.003179453
103550,0.00033638682,0.0033544768
43067,0.036284532,0.00086252484
33111,0.0023547078,0.003194821
24098,0.019859629,0.034331094
51908,0.0061332965,0.020798353
74100,0.0010595331,0.011910141
63558,0.002818307,0.04036686
27979,0.0016127784,0.018644711
117923,0.014400867,0.014020884
39863,0.0095298225,0.007263907
34384,0.0009613491,0.0022659153
50117,0.00635976,0.0015444765
136429,0.002233472,0.0024622832
80862,0.005716868,0.0016375378
26308,0.0021503088,0.050866444
125071,0.0064432165,0.0018474592
37447,0.01888889,0.04278517
112549,0.0022501205,0.02145192
45792,0.007858133,0.010663633
16235,0.008366875,0.13162248
13741,0.06355753,0.009822666
135203,0.03949558,0.030676091
51787,0.0071879206,0.0034731512
60548,0.0038411277,0.0030300426
36015,0.007984491,0.0026714578
40659,0.003908576,0.010678146
29974,0.010144325,0.0064811027
147273,0.008742429,0.035710156
95339,0.0019602643,0.023698198
60852,0.016187549,0.011907581
35612,0.0017019978,0.0041749533
6289,0.0054334155,0.005035557
124605,0.02546807,0.01633525
147559,0.002414472,0.0017280377
97682,0.0059951986,0.0032042125
98608,0.010805572,0.020518318
133691,0.00024332548,0.006933496
17579,0.0016902884,0.21672623
6676,0.0010800237,0.015286817
125426,0.007863255,0.0100053735
3087,0.0028575803,0.044616517
62577,0.007862401,0.00648313
3272,0.0061992505,0.008112558
126479,0.00029070993,0.0035043135
129861,0.008542859,0.011011973
33362,0.008645312,0.0037395286
9782,0.001336476,0.025788983
139512,0.009117449,0.018113237
17719,0.0058321278,0.0042304485
92291,0.008292704,0.01229178
99456,0.0029438115,0.0058184676
18747,0.005440246,0.035120845
121362,0.00080254726,0.0071793827
105131,0.003971755,0.007169992
26197,0.004571104,0.0042910664
72470,0.010023302,0.00795461
149508,0.004069939,0.004358515
107020,0.0066773635,0.0037134886
113693,0.0072596376,0.0005584747
29302,0.008488217,0.010726811
2182,0.0051021515,0.033620756
98011,0.00017865213,0.0065738442
60744,0.020704865,0.036822412
86434,0.01824557,0.013709472
41336,0.004605255,0.004567689
98744,0.013983106,0.030664992
146856,0.0055666035,0.01908867
49372,0.045256,0.016738659
62696,0.019688874,0.001643514
95426,0.005684424,0.0031538398
143588,0.0031263058,0.011576316
97392,0.0049091987,0.01612693
75161,0.0109180575,0.034171443
93533,0.010462996,0.020477762
104352,0.0010902688,0.011191264
42852,0.011304816,0.021736223
14564,0.03563737,0.039015763
28986,0.0064792885,0.0036848872
91935,0.0019525804,0.024160942
99078,0.0005933727,0.004383274
147525,0.0039333357,0.009066223
12122,0.004367052,0.00014941039
78096,0.0064015947,0.013044809
41144,0.0024742358,0.04387544
7470,0.008838265,0.026070837
586,0.024444394,0.0028165989
13131,0.003639637,0.029854761
35387,0.0031046409,0.018491242
140606,0.040862903,0.031581093
106046,0.01868569,0.017163413
149065,0.022808565,0.012955163
89381,0.0035512715,0.020977648
136743,0.021151388,0.01404543
62921,0.008057917,0.011642911
37149,0.00595934,0.018458588
127261,0.02068907,0.029325955
80860,0.014106902,0.006121557
120537,0.020352686,0.011843548
72172,0.0043704673,0.0122286
36497,0.0138644315,0.0871508
73906,0.0053540147,0.011329577
76845,0.0124727795,0.013190591
54777,0.0052592456,0.025217487
96389,0.003509863,0.005756142
141234,0.009029084,0.0052963854
20936,0.0041331183,0.0030035756
87103,0.0031922597,0.005055194
39817,0.01012234,0.020531122
101157,0.0034343046,0.0025687914
59944,0.0043824203,0.018474806
121127,0.001127835,0.003900038
13663,0.003429609,0.0035653587
8472,0.013024931,0.16695839
13659,0.014649048,0.0024050802
67673,0.009521284,0.004598425
75025,0.014582456,0.04971014
120763,0.0022650613,0.0031632313
69681,0.0036447593,0.004225326
71183,0.004428097,0.0055802646
77188,0.0054615894,0.0040195663
70550,0.011502893,0.020773169
128590,0.030769153,0.025075333
38922,0.00491176,0.00388467
60925,0.009035487,0.0012934671
50762,0.012166274,0.007125595
113026,0.010986359,0.0070022247
99783,0.0034996183,0.00535188
12886,0.0059623285,0.020108078
20505,0.0002595472,0.069628716
24114,0.000460184,0.007347576
5510,0.019016098,0.01286893
130388,0.012938087,0.028940368
55807,0.00954092,0.0037617267
64461,0.0001229434,0.006720906
26484,0.21483667,0.060443852
84648,0.3162018,0.0040049455
62876,0.0030291888,0.018704046
31752,0.0043215887,0.009826935
129346,0.003146156,0.010091605
34661,0.006020812,0.0061855903
18135,0.004876755,0.0069198357
7796,0.011406415,0.0015572831
54637,0.012585264,0.011066828
11109,0.0027098777,0.01328984
57769,0.0070103356,0.0008704222
106606,0.0022893941,0.002499849
100229,0.0058423732,0.011089666
9010,0.00261767,0.0049109063
115664,0.01353402,0.014135077
136349,0.004221057,0.009862795
138768,0.009655327,0.0074521643
77511,0.0055298912,0.0016537596
6151,0.0025340002,0.010494587
54751,0.019921957,0.009318085
86662,0.005139717,0.0035346225
103009,0.001625585,0.014042869
140974,0.014908596,0.0011735118
2255,0.0051661846,0.011568633
74058,0.004655201,0.010986786
87275,0.018123057,0.017095964
7522,0.0052114343,0.013772224
57617,0.007724944,0.0076737176
103117,0.006692305,0.015131857
38373,0.0060340455,0.004596717
148744,0.0057087573,0.010194911
94320,0.00043200946,0.008351614
59220,0.002832821,0.005400972
71532,0.0025254623,0.006050693
67715,0.009168675,0.0065612504
146049,0.0017434058,0.012076627
135480,0.0171378,0.022841008
56532,0.002539123,0.008724714
102395,0.002240302,0.0060891137
14774,0.013639888,0.009890968
55115,0.010539835,0.006272675
46989,0.007922167,0.010019035
71230,0.004361076,0.016800558
114114,0.014120349,0.00043947995
89625,0.000912684,0.0076481043
54996,0.005488057,0.01651369
108478,0.0109180575,0.0046487977
24884,0.006820798,0.006913859
19698,0.009780831,0.021626942
50889,0.013398271,0.001840736
138654,0.007143524,0.0059286035
14263,0.009641879,0.010536207
129779,0.0021408373,0.0057126
27186,0.0011969907,0.0022693304
27989,0.020885866,0.0061693685
144191,0.0015491723,0.0028148917
23731,0.0021156508,0.011128939
23703,0.0005489765,0.008536029
61230,0.0066415053,0.011897335
52887,0.00077565335,0.021009024
104184,0.0060370336,0.02324228
736,0.014211062,0.0025092408
108991,0.0027790333,0.008232086
75029,0.00491176,0.008835703
51738,0.0006907029,0.009532383
131321,0.0065339296,0.013950234
109160,0.012459545,0.017021898
149522,0.016907709,0.021770375
49114,0.02083037,0.17319672
145618,0.0030249201,0.002977109
1006,0.0003526085,0.0019457503
32284,0.006607994,0.005508761
18708,0.014938477,0.003919675
127111,0.004491703,0.010417746
68519,0.007066685,0.0023717831
11068,0.018330518,0.0060805758
1338,0.0049962834,0.014467195
120027,0.050590385,0.02154498
126087,0.0033348398,0.018952068
74174,0.043360192,0.040341247
120690,0.00554526,0.0018851323
110006,0.0035756042,0.00046616042
149735,0.0028780706,0.029208027
98081,0.0016136322,0.0037028163
80256,0.0014949577,0.007197312
103366,0.0005737359,0.011562656
26336,0.023830531,0.03108633
91698,0.011800858,0.0221153
44548,0.007502963,0.0030274815
49677,0.008611935,0.16778956
69801,0.00937785,0.026563462
88971,0.0008085237,0.0038360055
33107,0.0067200526,0.02200858
29235,0.008381923,0.0092805205
88978,0.0035320616,0.001588019
96866,0.013662941,0.03035166
91326,0.0016614435,0.013995058
126941,0.01740076,0.0061941277
88121,0.0003073585,0.021299094
57065,0.0015521605,0.007390266
111289,0.013105427,0.01572139
6340,0.0025715663,0.014085558
140806,0.0026044366,0.015399088
4104,0.004308142,0.008184275
114251,0.0029258823,0.030548878
128767,0.000110990564,0.010434821
70067,0.13080284,0.20335351
112460,0.0047128303,0.002858434
124965,0.0060856985,0.0338564
1639,0.0036541508,0.012998703
56504,0.011490085,0.0044712126
105966,0.0041032364,0.011210902
57726,0.0041203117,0.011153698
40716,0.009359066,0.0026569436
79073,0.0060720383,0.021738786
132222,0.0003304104,0.007454298
144433,0.0048195524,0.005695524
41074,0.0122794,0.00031803065
12588,0.003357465,0.0007773608
22662,0.0015325237,0.009928535
9851,0.008650435,0.016329277
118870,0.005437684,0.010265773
125991,0.008078407,0.021304216
135615,0.014461218,0.0227377
44427,0.0003073585,0.0010330661
108412,0.010772916,0.0016571747
61634,0.041807175,0.0046287337
144261,0.0015342312,0.000103306615
76910,0.0032229954,0.008676047
4758,0.018616535,0.011035878
54201,0.006803509,0.012280467
7517,0.0049279816,0.0072331703
143211,0.0059499484,0.0040759156
62312,0.0020652786,0.008592378
149419,0.0014650756,0.00068131136
112927,0.006054109,0.00920368
66516,0.0046419674,0.0067166374
83866,0.030625721,0.003795878
91422,0.004198859,0.0029899154
144163,0.008384911,0.0010842925
97692,0.014146176,0.0039060144
89314,0.037576295,0.0095644
135071,0.015600152,0.069396496
40718,0.002341901,0.0040929904
39890,0.006372567,0.015969837
149242,0.010824995,0.00015709436
52461,0.0009032925,0.0073458687
104495,0.004217642,0.010807494
58,0.008863024,0.0125957215
50675,0.0066713872,0.0054393914
13225,0.0019320898,0.0052643684
6569,0.00024759435,0.0002501557
134016,0.006856656,0.0042150808
23788,0.028006341,0.41080385
112222,0.00739368,0.002251401
129643,0.06608383,0.2781907
31364,0.002137849,0.015474434
75713,0.0031137124,0.004314118
75332,0.06987354,0.3359445
30574,0.010224793,0.0052976655
29245,0.003402288,0.020930262
61368,0.0025749814,0.00438925
33907,0.042405672,0.03818034
10656,0.004225326,0.012931257
101051,0.006707246,0.0022753067
20599,0.013437544,0.016446669
59307,0.0004934812,9.562265e-05
27673,0.004349977,0.0023769059
123453,0.0032861747,0.0047060004
146043,0.0049134674,0.00029625944
1694,0.010090751,0.018032553
139563,0.0055243424,6.5100234e-05
79033,0.00032528775,0.0010125756
115642,0.004642821,0.0013190802
37080,0.0074321,0.027994387
127766,0.009646363,0.0220359
31700,0.010927448,0.009771013
15859,0.0013617689,0.0078282505
71312,0.022194434,0.057277367
126487,0.027807627,0.090188175
14511,0.0008759717,0.013998473
81973,0.01532353,0.02097722
79411,0.015872933,0.036944076
92452,0.0063503687,0.006978746
15942,0.0037977982,0.010525322
129206,0.026431877,0.007741593
81486,0.0052421703,0.008003274
148033,0.005492326,0.021749884
27403,0.0015606983,0.0055461135
46308,0.00027833018,0.0031222503
28861,0.010562033,0.040690012
17064,0.0021822453,0.049006205
32140,0.0035149863,0.017200978
144787,0.0012721227,0.0057791937
71438,0.009458958,0.0010877076
39008,0.0008819481,0.020291638
6404,0.012396794,0.0010433114
14963,0.0057023545,0.007531991
103483,0.004202274,0.01761079
56082,0.010012418,0.0044383425
130789,0.00074363686,0.020319814
44762,0.041670144,0.0023564154
31372,0.02619207,0.026359415
123580,0.0020388116,0.0068250666
147808,0.0030428492,0.016119247
44334,0.027675077,0.008147989
81216,0.0034735783,0.0083776545
142029,0.009387242,0.009581902
25397,0.0051772837,0.0048366277
44485,0.0041433633,0.013851625
61004,0.0015717973,0.014204234
141157,0.0071238875,0.0048374813
144239,0.0113468645,0.047301214
140540,0.0026543823,0.0010868539
34033,0.001772861,0.013408516
76525,0.00040532905,0.014848405
65022,0.0035901181,0.005136302
89629,0.009071346,0.0047512506
14885,0.005129472,0.007978515
27458,0.000103306615,0.0024767974
110975,0.004696609,0.012835633
8156,0.014123977,0.023785708
115323,0.0013182266,0.0107806
42019,0.009164407,0.21575491
113317,0.006800307,0.0074175857
67741,0.0022035898,0.002353854
78206,0.00019551416,0.006283774
45831,0.0022245739,0.00091312424
18937,0.019295326,0.0040297583
107962,0.00785984,0.03825547
11890,0.008565058,0.0022970783
97370,0.015850307,0.02266214
130242,0.012394658,0.0025071064
60486,0.0018697643,0.0024084954
4768,0.0031939673,0.0035534059
142993,0.004402057,0.0008631652
69079,0.01594593,0.03835579
131240,0.0033356936,0.009219049
146879,0.00019722171,0.0026680422
7969,0.0028157455,0.014718204
97433,0.003021505,0.017852407
21040,0.006559543,0.0075465054
124886,0.0042867977,0.0031316418
18383,0.00025613207,0.070895724
58034,0.006870317,0.0019107453
56343,0.00896505,0.0035218163
147822,0.009121932,0.027334848
142653,0.035534922,0.0037591653
72068,0.008417355,0.09116503
101316,0.004018072,0.0069248513
144182,0.002792694,0.007695062
33264,0.003918821,0.00017160851
124709,0.0022377407,0.005898722
80015,0.006831897,0.005747604
112288,0.001093684,0.05284264
104780,0.021106565,0.017086573
29781,0.00485413,0.012999559
122224,0.02086068,0.0028609955
24022,0.0040041986,0.010702054
35203,0.0004303019,0.018453466
55715,0.016499177,0.00058141985
31441,0.007050463,0.006626564
108045,0.0029882079,0.014058237
87621,0.0055717267,0.004952741
10203,2.3051889e-05,0.021944543
122370,0.00032187265,0.012330199
97967,0.010530444,0.022885406
81708,0.00079230196,0.0078273965
90759,0.0019790474,0.035683475
9089,0.0076207835,0.0025775426
110497,0.015566002,0.036393818
121108,0.00062923116,0.0059730005
17896,0.017881436,0.0034603446
41521,0.0076293214,0.007822274
87459,0.020386836,0.023357328
59789,0.013396563,0.0064374534
6462,0.0005447076,0.02643113
56957,0.009041463,0.0069992375
114594,0.0039367503,0.003055656
135247,0.0013412784,0.0009160991
29514,0.01569236,0.0007022288
83312,0.010156491,0.019426765
17,0.0027192691,0.0008631652
122591,0.026550123,0.8843854
7986,0.0014428775,0.009686062
60725,0.0067469464,0.033588745
11203,0.006939472,0.010458727
104700,0.0026646275,0.037389323
86975,0.010462996,0.013849064
3433,0.009190447,0.0013476817
97841,0.0045518945,0.009213926
6469,0.00061599765,0.018035544
82020,0.0026671889,0.010346882
72478,0.010527029,0.0025032645
69909,0.005646859,0.005665642
51195,0.007823981,0.01118358
148530,0.010761818,0.0076216375
38957,0.0012798067,0.0064485525
84425,0.0012371179,0.002591203
69244,0.007421535,0.004642074
40165,0.0061300946,0.016115831
15380,0.01727739,0.018742893
90015,0.0066790716,0.014900912
113780,0.009956708,0.0257575
56253,0.0006044718,0.0071691372
148971,0.0036806182,0.0014539765
25735,0.004051156,0.022146035
138336,0.0011705237,0.0034714432
109814,0.041583914,0.011800859
41055,0.018334363,0.003508156
149225,0.0013446935,0.40842927
51819,0.008758864,0.044139046
137435,0.003990538,0.012608529
23007,0.005074297,0.008042548
43844,0.018781792,0.018161314
38688,0.006837019,0.010899701
147138,0.0039239433,0.0058218827
127889,0.005567458,0.0004542076
3139,0.046715096,0.0564635
126691,0.008727274,0.0006574057
132664,0.003908149,0.018065853
29492,0.012508637,0.010973979
136761,0.017363409,0.033972513
53026,0.02211578,0.07949624
103521,9.2207556e-05,0.020547774
61575,0.012730619,0.038944896
75233,0.02264037,0.009965674
124801,0.0011773539,0.0030240663
64573,0.04662972,0.04373201
21111,0.021969305,0.019532636
4745,0.010464703,0.00036712261
105540,0.038946178,0.0018125614
148526,0.01113833,0.0038539344
39061,0.018105978,0.01769446
46352,0.0082325125,0.016910268
134120,0.015927149,0.015567709
60824,0.0050159204,0.0065285936
114468,0.010406647,0.0043516844
10799,0.0037053777,0.002320557
53110,0.0019564223,0.022664705
28802,0.0020575945,0.01670152
144884,0.0023273868,0.0023333633
41015,0.0016383916,0.011182728
25202,0.019384077,0.022593414
112650,0.0056963777,0.021077538
35239,0.0030770001,0.007608831
135162,0.013520359,0.00954775
127997,0.014405723,0.047702916
55492,0.026626643,0.007166576
91343,0.010847367,0.008357956
73754,0.008189398,0.023157759
59870,0.009099521,0.005424024
146797,0.003135057,0.019928787
116064,0.013664646,0.0062052268
97669,0.0007683963,0.0013737219
45947,0.0072920807,0.009546043
67197,0.0020114905,0.020202845
89743,0.00082133024,0.0011790614
30312,0.005981965,0.0089377295
96156,0.015145091,0.011813665
135860,0.010523614,0.00641184
89075,0.008476265,0.0056827166
38086,0.019923665,0.0013532313
63516,0.0027098777,0.0048579723
68733,0.0019397738,0.008792161
111710,0.0080545,0.06829427
74109,0.0016612301,0.006629766
112613,0.00031248116,0.019265402
133002,0.008448091,0.010089897
31227,0.002748831,0.015210832
86467,0.0073313545,0.0064451373
77456,0.021820107,0.112743266
105757,0.0020123445,0.011812812
2413,0.0016691273,0.03303934
13332,0.001246843,0.0047771437
78322,0.005398411,0.00014599529
91314,0.001135519,0.011261274
9140,0.018317718,0.02414899
116123,0.0013796983,0.018269906
13125,0.008103166,0.029412506
146627,0.009579607,0.027303739
143037,0.01210651,0.013561342
145599,0.006606714,0.0051265634
77788,0.008624394,0.008238276
101446,0.004413156,0.0007718113
80683,0.00374209,0.0026996322
147115,0.004474201,0.0036229885
122408,0.022749228,0.029156378
52272,0.0035397452,0.020270295
91668,0.006494656,0.008839972
135704,0.0014514152,0.008361006
51733,0.022163114,0.025981192
10431,0.007077784,0.0018270756
8652,0.0009587878,0.010211986
70472,0.059086293,0.1498021
95142,0.0016085096,0.006811406
54369,0.009542949,0.008911583
124635,0.00905,0.003538892
32493,0.0012678538,0.0038078302
76547,0.005940557,0.0116010755
45480,0.0023060427,0.0016964483
79983,0.059280105,0.0018740331
147916,0.0010168444,0.02747871
12608,0.007925581,0.025929963
147548,0.03650054,0.008461751
121775,0.027920965,0.055253707
81252,0.00975351,0.008353322
6473,0.059619803,0.07826894
67479,0.011671086,0.016957654
48118,0.008867294,0.021205178
44332,0.0056566773,0.0182857
113213,0.00066018035,0.031017387
147552,0.010012738,0.015233245
114581,2.3051889e-05,0.0012507784
119316,0.0047106026,0.00030419687
120676,0.0013472548,0.021000272
75099,0.030854527,0.060891185
53887,0.011230538,0.007295496
86412,0.009647643,0.0077838553
41030,0.01165337,0.0026370934
24065,0.007724944,0.011143453
96362,0.009981468,0.0052899816
61459,0.02357184,0.10567436
32477,0.0048808637,0.005120881
62222,0.0373509,0.034959905
148874,0.014719058,0.020537527
109344,0.013056761,0.014947869
260,0.01219701,0.0042535
81335,0.0038976897,0.010328312
131273,0.014532082,0.008664095
51243,0.0052447314,0.0033485002
109594,0.013462303,0.0100045195
91235,0.023943232,0.01420594
69856,0.0018783018,0.02292297
136268,0.0022411558,0.008725567
27356,0.013192511,0.0051456937
25850,0.0032426324,0.0033263022
2843,0.008878392,0.017225739
131328,0.0069915527,0.0030983447
123641,0.0044114487,0.00093744346
143739,0.032831874,0.025217274
87791,0.0043473085,9.935791e-05
80493,0.0030898068,0.021605598
124664,0.0020401988,0.012965941
106197,0.0008503586,0.00053104723
19717,0.0064476985,0.008928765
148390,0.0059917835,0.015054589
17625,0.0005208019,0.014065067
259,0.011794883,0.0057518734
40320,0.004853703,0.008633359
29089,0.044901095,0.13908347
59940,0.036299687,0.003089593
53644,0.0015547218,0.0013024317
40769,0.0016663527,0.0012330626
141185,0.0007905944,0.001097953
139546,0.00025100942,0.0012524859
19344,0.0019483115,0.010614114
90950,0.002187368,0.00558368
52927,0.017296601,0.04458237
64572,0.008973161,0.019873288
124455,0.06734807,0.07229293
805,0.0034799813,0.0029771084
30269,0.010881345,0.014175204
130075,0.008835703,0.010131732
56050,0.019396031,0.019263696
51817,0.0025920568,0.009397487
117808,0.0043286323,0.008188543
38512,0.0053275474,0.0066099158
34819,0.0020516182,0.020909773
67987,0.016529059,0.039001245
47850,0.0006838727,0.013338506
42802,0.0020020993,0.0017937785
19932,0.00093402836,0.01346401
132090,0.0010691381,0.0043934127
108544,0.0021852336,0.002238168
148362,0.01977596,0.12206781
57780,0.002489604,0.0083055105
86863,0.013303075,0.110322334
28505,0.0015743587,0.02365124
26357,0.011722312,0.009791504
87904,0.005262661,0.0063990336
9864,0.014924924,0.018855805
129379,0.00013404245,0.0053975573
38152,0.00800925,0.01877363
18770,0.009328332,0.090454906
97154,0.0028370898,0.0064476985
561,0.0014394624,0.019318337
134525,0.0063495147,0.038397625
40979,0.003552552,0.023107812
58153,0.0050261654,0.004805892
103874,0.007865817,0.0003756604
67274,0.0028506436,0.006074919
68248,0.0048750476,0.00069753313
39593,0.014789921,0.008276482
136192,0.005749472,0.03221401
120440,0.022084564,0.013890044
126805,0.025175171,0.14541918
134830,0.011964783,0.122832805
105418,0.0018987926,0.00525455
35662,0.015353411,0.007110227
80740,0.0115248775,0.037850566
59690,0.007550562,0.022665558
3131,0.0053557223,0.014637949
15058,0.016074425,0.0030249201
9515,0.008268038,0.007828757
148206,0.0057954155,0.0015214244
81721,0.010603868,0.003944434
36963,0.016755307,0.010995751
48027,0.0018364672,0.008030595
8382,0.0007026557,0.005387312
145005,0.0022814968,0.010085735
131686,0.004424255,0.0008238916
111213,0.0132608125,0.013062738
9403,0.025305854,0.004289572
90877,0.018398821,0.020595584
125922,0.005244731,0.004445599
58020,0.016804827,0.013721425
147966,0.001275858,0.0048741405
120807,0.0011102259,0.023892645
24076,0.041534606,0.003164085
50034,0.0031828682,0.0024221558
9218,0.00078547176,0.016254997
63267,0.011105888,1.2806605e-05
12121,0.024337674,0.0029036838
71362,0.010556912,0.011909289
73404,0.007877342,0.028791385
64358,0.02805394,0.1735571
74973,0.010293521,0.010042512
148330,0.0043576607,0.0063503683
80427,0.00011782077,0.018546524
112517,0.014964945,0.0018526888
94079,0.0013835402,0.011641204
69601,0.0066415053,0.010575694
123459,0.0045950096,0.012960284
36277,0.00019636794,0.026145114
74965,0.0045886063,0.0047969273
139495,0.048006013,0.02236887
142426,0.0102743115,0.0105014155
104124,3.9487033e-05,0.007863896
70201,0.020679254,0.0015197169
82578,0.0029173447,0.011276642
30192,0.0004371321,0.001568382
8043,0.009249464,0.047972877
1074,0.018093307,0.15630454
62038,0.027434738,0.022790208
74971,0.012758792,0.035832882
142681,0.02630221,0.011515699
109652,0.0041476325,0.00079742464
24220,0.018298933,0.032789186
104916,0.008950963,0.011367997
67109,0.0038347244,0.0024541721
66599,0.00016221698,0.013000411
68865,0.0051960666,0.00072656135
116696,0.0005677595,0.023903958
126143,0.010876222,0.0089262035
149501,0.013773076,0.007547359
8351,0.016254144,0.008401133
55918,0.004277406,0.01862422
124515,0.00022795757,0.005024458
133642,0.006212057,0.00089902355
107276,0.0017741417,0.011040147
41021,0.024347918,0.00052592455
6152,0.007298912,0.019000733
135878,0.0050645852,0.001462514
74700,0.0060395948,0.007792819
1471,0.0071426705,0.00088963215
31062,0.016068876,0.0053164484
63203,0.003270807,0.021696953
93814,0.012811728,0.02254987
48184,0.0067055384,0.0071486467
76617,0.00017545049,0.016457768
70051,0.014933142,0.11263713
125046,0.0056993654,0.0038590569
71655,0.0046974625,0.0027064625
33358,0.000998915,0.0023555616
89017,0.00089603546,0.003932908
73969,0.006740544,0.011936609
68973,0.00082730665,0.0021694389
96384,0.0029600332,0.0077292128
101862,0.002380321,0.00029028303
21268,0.0033045306,0.028338244
101187,0.011146015,0.00058056606
135672,0.020679254,0.01628061
18861,0.01649576,0.042518795
133091,0.003999076,0.0045728115
60822,0.0035363305,0.009257468
133287,0.005304496,0.0013737219
71063,0.0023209837,0.0225678
130286,0.008267091,0.034077525
105174,0.0035756044,0.009481156
91759,0.022773704,0.024919624
136516,0.007326232,0.014812973
110538,0.001180769,0.010608991
97818,0.0055960594,0.009624591
109663,0.0030565097,0.0036238418
23734,0.04020848,0.0029489342
32462,0.0067828046,0.05164138
121131,0.006616319,0.010006228
109044,0.0029438115,0.021083944
78807,0.00044993867,0.0006650897
116638,0.0036840334,0.0065362775
75041,0.0027542738,0.00024332548
40726,0.003748066,0.015768986
2272,0.011866601,0.022210926
51766,0.004688925,0.00092463696
101141,0.0020832077,0.0046479437
11991,0.0009376569,0.011364901
36939,0.01733502,0.004522439
86298,0.0015922879,0.053243067
7339,0.024878966,0.017470343
20394,0.00034236323,0.002239448
123233,0.0076685958,0.0037361134
88724,0.00591409,9.903773e-05
113503,0.011057649,0.006735848
148778,0.0009234629,0.022813153
33016,0.0023137266,0.00077864155
149476,0.00710297,0.008317036
49316,0.003719892,0.01361769
120324,0.006667332,0.001974992
112332,0.0053455834,0.111255944
132368,0.040718187,0.016592238
42431,0.002232191,0.00054300006
5478,0.0015863115,0.016136322
26333,0.011864039,0.011315916
53046,0.059402302,0.014944668
131263,0.0023335768,0.008490139
40236,0.0047595208,0.007349924
13373,0.0045847646,0.014679784
124398,0.0023530002,0.0057962695
117167,0.010933424,0.012376304
135998,0.0027623842,0.00679305
67876,0.040155545,0.00596617
77083,0.003396311,0.08876869
149905,0.0043373834,0.02184999
21629,0.0060899677,0.011409832
133520,0.012745613,0.012652072
78353,0.005722845,0.013768807
66822,0.01284844,0.007816298
6871,0.009088527,0.037451643
35952,0.023254232,0.0016990093
75283,0.02391954,0.0048379083
19136,0.003707939,0.006197543
36949,0.008991945,0.010597038
62301,0.008670926,0.00679177
3248,0.001814269,0.01418289
40741,0.0019064766,0.030208226
77181,0.008127498,0.0014377548
118,0.007368067,0.014744671
98458,0.005111543,0.021032715
90352,0.005341208,0.007893138
13913,0.007146299,0.018801378
13401,0.018382171,0.009427795
114022,0.00093573594,0.022623295
56136,0.06480638,0.07519107
40346,0.003179453,0.0070957127
104781,0.006479289,0.02554064
69437,0.0034039957,0.018301496
70946,0.011524236,0.0036234157
24501,0.004594156,0.067041785
68313,0.00072826893,0.001436901
67009,0.027679347,0.017210372
35504,0.007780867,0.020135825
21977,0.007888014,0.0024904578
99128,0.011237369,0.008538591
96417,0.013945966,0.0017391368
130153,0.0106457025,0.011982713
40703,0.0036635427,0.005243878
119799,0.012918449,0.013285573
78748,0.0041506207,0.0068562296
76812,0.010528523,0.021285221
107459,0.005089771,0.009141355
46150,0.0065202694,0.018205019
115329,0.0022650615,0.014972629
25529,0.08370558,0.04586666
63236,0.013480233,0.004817845
90605,0.010687538,0.0005993491
15026,0.012289325,0.008274028
148208,0.004530977,0.00024247172
107681,0.0028678258,0.017448572
40923,0.0067644487,0.0026415752
53889,0.0034291819,0.031490166
98855,0.004021274,0.008822043
79881,0.015223638,0.024826884
14268,0.0015342312,0.0007163161
36862,0.003492788,0.00456342
54613,0.0032503163,0.012740864
42095,0.010879637,0.016083388
119221,0.007586633,0.004812722
6707,0.0032306795,0.009845719
128094,0.011083689,0.007840203
94395,0.0025177784,0.018646415
123615,0.0046344968,0.017681226
59636,0.0039555333,0.037272353
16053,0.055702787,0.023222648
148202,0.013969445,0.029610582
61706,0.018408002,0.015704902
136554,0.00473759,0.0023581227
47911,0.0037916084,0.0013327406
78089,0.0059286044,0.00069582555
136795,0.003999076,0.004126288
57158,0.005626369,0.004012736
30460,0.001505203,0.0066978545
111820,0.000113978786,0.02247474
136796,0.00014855662,0.0027021936
77100,0.0113543365,0.010258945
87842,1.5367927e-05,0.0047999155
31590,0.008342221,0.0048630945
17143,0.00010074529,0.001965387
65332,0.00043286325,0.008610307
22968,0.012842037,0.0017724341
74403,0.0008725567,0.002650967
16843,0.013524937,0.004981686
73572,0.00033318516,0.0036789107
90541,0.017711107,0.0014309246
127639,0.006548124,0.0030376196
53020,0.0034902268,0.015782861
133781,0.016760431,0.028918598
15128,0.0028524578,0.007650666
136343,0.0045881798,0.002650967
33207,0.012918449,0.012549192
90499,0.007946071,0.01551136
105113,0.0016102169,0.01420594
116889,0.019997248,0.00018014623
33524,0.015395246,0.01673738
148832,0.012014302,0.008290142
110883,0.0059452527,0.029707061
127537,0.00626243,0.028760223
70011,0.0071081994,0.061709747
126502,0.017171096,0.015043491
126099,0.00058483495,0.0052387556
44768,0.0050705615,0.019662833
1146,0.00018164034,0.005728181
73178,0.0046748375,0.00079870527
108441,0.006098719,0.00146721
127442,0.010832679,0.011066614
81600,0.012222624,0.12228978
117606,0.0013113964,0.0027602501
127180,0.00092463684,0.010425429
95499,0.015087888,0.00811085
18895,0.00088237505,0.01113022
59288,0.050247166,0.062527865
145212,0.02769813,0.00856335
31659,0.005600755,0.0044148634
108108,0.004934812,0.0019158681
57502,0.0035423064,0.007701892
35629,0.0004849434,0.004373882
130643,0.013180343,0.016663527
71739,0.0012234576,0.0074210004
41091,0.005015066,0.0050650123
22590,0.0067661563,0.012067238
33387,0.0069949673,0.0015103256
95601,0.00045847645,0.0014983728
69693,0.010407501,0.008171468
65823,0.0047119767,0.015872506
89797,0.003579019,0.0008119387
115468,0.016917527,0.010259798
45525,0.002274453,0.004635991
11650,0.014599529,0.010070262
123195,0.008431015,0.009619894
86516,0.0026612126,0.0026091323
110992,0.0030044294,0.016984973
68560,0.013837109,0.006430623
81508,0.01589385,0.00062923116
54186,0.0014090467,0.025719615
130511,0.009400901,0.011993386
31888,0.008341368,0.002553637
122393,0.009198558,0.005003967
10373,0.014219601,0.01740247
63339,0.0016127784,0.010988921
118633,0.0015999718,0.006187298
43335,0.008417355,0.006958255
76666,0.00962459,0.0081710415
71835,0.0016187547,0.0010322123
117862,0.0196512,0.021252774
87594,0.011590404,0.008931327
35072,0.021249574,0.012923571
1347,0.02667104,0.018005235
44238,0.016900502,0.0052874736
17506,0.00058227364,0.0014727593
33954,0.0063922033,0.008654703
44665,0.0009951799,0.015107845
11919,0.024441835,0.020301031
124361,0.0066146115,0.0006608208
22449,0.0012550472,0.0025749814
58902,0.011438007,0.020273283
124182,0.012932111,0.0057087573
40328,0.017265866,0.008582987
146868,0.0005139717,0.009419685
44838,0.0044302316,0.011489232
3890,0.006492095,0.0061471704
68725,0.028363751,0.050183877
60384,0.009562265,0.019020367
8015,0.008074991,0.008445529
134949,0.018395405,0.03820382
98545,0.030158281,0.00047992752
136584,0.0027132926,0.008930473
115255,0.0044259625,0.004205689
45040,0.018292954,0.009661303
28407,0.032622702,0.013813205
55393,0.0076600574,0.051449277
57383,0.0014949577,0.00073766045
21552,0.0042159343,0.004749543
102338,0.012339591,0.027119271
106482,0.0032917242,0.0033237408
4721,0.035513364,0.012422621
118767,0.018247707,0.0052669295
143023,0.003688996,0.18379962
85692,0.009397486,0.0037916084
65096,0.02450992,0.0058120643
105064,0.0029553375,0.019231679
52895,0.026846059,0.043928377
146415,0.025736157,0.0058406657
143032,0.0030454106,0.0003312642
118504,0.010498854,0.00043371695
43267,0.01016759,0.017569808
93869,0.00040981136,0.0015658209
114599,0.0050816606,0.025967956
25099,0.008061544,0.029276332
25473,0.0107482625,0.021950947
8132,0.005551236,0.0043798587
78443,0.013995912,0.0025340002
22793,0.0013865284,0.007888868
102819,0.009998544,0.0121406615
85877,0.011656144,0.017591795
75854,0.10016365,0.03112795
88435,0.008394304,0.0028507502
104259,0.009367606,0.014720765
79409,0.00083627127,0.020476054
138149,0.006967647,0.0026099859
87122,0.0042951214,0.051420037
13193,0.010578255,0.0019218446
111272,0.028953657,0.18513675
127809,0.0054743965,0.008130486
37769,0.012515894,0.0005143986
12729,0.0020943068,0.0014129954
14174,0.0090721985,0.005634052
80541,0.35769606,0.23236261
23417,0.009848279,0.0067499336
36518,0.011040573,0.0101767685
56338,0.00074022176,0.004881024
141037,0.014922256,0.0347503
17182,0.0033514884,0.012531263
102927,0.00058825006,0.026288548
145771,0.00017587734,0.003904307
38439,0.00995244,0.039045643
88210,0.0051755765,0.029015504
52415,0.008349266,0.036820065
62326,0.0012756445,0.002363459
56217,0.008634213,0.006655166
76437,0.005982392,0.008229524
16100,0.0017058398,0.00051653304
39285,0.004894684,0.008991091
46297,0.0006087406,0.0015974105
113003,0.0047913776,0.020261759
113107,0.002530585,0.0077864155
126801,0.0077232374,0.009242101
48802,0.037265524,0.0047965003
79131,0.002124189,0.013940417
25906,0.016988387,0.009604953
141276,0.0027346371,0.02017211
50845,0.021184474,0.006947583
88935,0.0022454245,0.019121112
127751,0.010519344,0.0011952831
38128,0.007867097,0.015491723
52999,0.014166666,0.03391189
3457,0.003957241,0.020759081
28255,0.0052643684,0.008565912
98365,0.0004542076,0.008768256
102675,0.0033058117,0.0024759436
119346,0.0044520027,0.004186479
25741,0.010215402,0.0015197172
62089,0.077193186,0.04801732
89373,0.025545763,0.0038744253
107672,0.0009613491,0.015691506
20565,0.008312341,0.008084384
124899,0.004469505,0.017254768
92386,0.0121218795,0.018528597
116865,0.0058488296,0.07027583
134077,0.044018883,0.01813757
36376,0.0051542316,0.0033621606
41435,0.45501727,0.059526846
6000,0.0073911194,0.0044934107
143048,0.006134364,0.007498267
13856,0.005836397,0.014163251
4954,0.010194057,0.010409208
60336,0.010239308,0.0008708491
144406,0.01422643,0.026947662
38203,0.0010458727,0.0017032784
79853,0.023512077,0.011258714
107142,0.039348308,0.031072242
58448,0.019353343,0.0160121
56311,0.011169067,0.032328147
67955,0.01500678,0.012740864
29887,0.01383711,0.018312592
71723,0.0009972076,0.05718153
20035,0.0037617267,0.0070590004
65799,0.0059320196,0.010407501
70821,0.0030112597,0.0024951536
78444,0.004104517,0.002312446
133592,0.009702284,0.01364928
140230,0.0024375238,0.023553912
141934,0.0018230202,0.017505564
137668,0.00013575002,0.0026723116
89954,0.013983958,0.011707798
54971,0.039647505,0.079176545
10503,0.009108911,0.17162916
3205,0.009452982,0.0144268535
70055,0.014678077,0.004624038
64747,0.007740312,0.008831436
105353,0.021071136,0.0559427
146804,0.0050936136,0.00045933021
123259,0.01064485,3.500472e-05
113842,0.008659827,0.034276884
91858,0.0023299484,0.03926933
58454,0.018445782,0.021505708
50725,0.02586849,0.043202665
147990,0.015507091,0.007870086
147486,0.019097207,0.012978213
108075,0.0030445568,0.0040281042
17460,0.0025450992,0.0009835472
45112,0.0073006186,0.009859379
65062,0.007833374,0.0011414953
83970,0.0034808351,0.0031222503
52816,0.0046265996,0.0012891982
94894,0.0027299412,0.008109142
26052,0.022238242,0.007212253
128323,0.0025442454,0.016817635
51200,0.0022121274,0.023833094
2890,0.009137086,0.008100605
75856,0.0074752155,0.015895985
3654,0.00088621717,0.0042295945
128196,0.0013890897,0.002904538
133727,0.006732859,0.023407485
36111,0.0016238774,0.009376142
145687,0.011033317,0.0047337483
133604,0.0023137266,0.012896252
58867,0.001452269,0.02523072
51398,0.033748824,0.022225011
25625,0.005589656,0.008728982
97541,0.015487454,0.030325193
57873,0.0034765664,0.018892303
39200,0.0028989885,0.0395912
9345,0.00456342,0.005850911
78923,0.0063119484,0.0019833161
132059,0.004787963,0.0059969053
115954,0.006720906,0.0032007974
21309,0.0044682245,0.0029314314
132892,0.022667052,0.007921953
53483,0.01357927,0.0044716396
13122,0.0017421251,0.00049177365
111453,0.004395227,0.0074248426
123291,0.016539305,0.003511571
126826,0.0027619577,0.0020678397
147818,0.010927448,0.0051055662
3246,0.015851164,0.008361005
88376,0.0029139295,0.026125478
17360,0.011254524,0.17871127
17738,0.0032469009,0.02270184
133021,0.0108335335,0.004326498
90680,0.0011824765,0.0026449908
8207,0.012694334,0.020189933
109216,0.019514706,0.0107712075
149119,0.0031709154,0.0014855661
137367,0.008051939,0.0033152031
37779,0.0062487694,0.0025143633
148137,0.0020405191,0.0014701983
118601,0.010153076,0.0006445991
126876,0.0210404,0.015923733
112405,0.028512629,0.0036609815
60866,0.004788389,0.0046889246
13855,0.0019952687,0.0065014865
25855,0.0035380377,0.012193594
108577,0.0017609082,0.002503691
42093,0.05760671,0.020777438
33313,0.009623737,0.0026159624
144576,0.010695223,0.005465005
40099,0.009747534,0.031540968
145472,0.008226109,0.0069531333
90175,0.004206543,0.021580838
73234,0.0279517,0.0039290665
119950,0.009906337,0.006375982
52003,0.0034637598,0.010715712
63868,0.062252313,0.053957462
16654,0.028396515,0.021859169
67480,0.002420448,0.0014428772
60714,4.0981136e-05,0.0030641938
96352,0.011788907,0.009641666
147637,0.002213835,0.018731795
83462,0.011584854,0.0034031419
31555,0.009482864,0.0042031277
81280,0.009324916,0.007290373
117285,0.0017724341,0.012764769
95843,0.007448535,0.021432709
47568,0.0026360261,0.026438814
73302,0.008594085,0.019912139
70924,0.0006078868,0.023796383
63917,0.019534769,0.007872648
22387,0.006398179,0.002021736
115450,0.004583057,0.0071401093
31992,0.004343574,0.009491829
17609,0.015435374,0.018374063
88808,0.004499387,0.001335302
11773,0.047924895,0.003523524
74829,0.0059064063,0.006397326
52081,0.020349696,0.0024366698
10546,0.017748248,0.0066662645
137968,0.0036669578,0.0024127644
99289,0.0017895093,0.005031288
146964,0.0141316615,0.002002526
33795,0.0004849434,0.0039008919
59933,0.009465789,0.02461942
129895,0.024916105,0.008747338
23800,0.0025071064,0.017212292
142128,0.008023765,0.020620342
66456,0.052646272,0.06291761
16801,0.046843164,0.057272885
112783,0.006242793,0.0067721326
32237,0.0059473873,0.013775638
39040,0.0002851604,0.00072101183
33508,0.013980972,0.0019675214
46711,0.004774302,0.02709707
96829,0.000550684,0.011014534
96714,0.0063324394,0.019337121
12612,0.0017673115,0.0051567927
114938,0.005197774,0.0037096466
33986,0.0012576086,0.0067806705
90917,0.0023367784,0.0053967037
44727,0.010007082,0.01937298
149457,0.0074064867,0.0015393539
126135,0.0068225055,0.025396353
123737,0.017600548,0.011255298
141335,0.0034313162,0.004648797
18848,0.01401811,0.010382741
32862,0.0020584483,0.0062496234
27287,0.04159384,0.21469305
29811,0.004899807,0.013173726
55919,0.0010817312,0.0047990615
54389,0.0032853207,0.011243344
131207,0.00418776,0.002693656
105374,0.004059694,0.007382581
14852,0.047206018,0.0152373
121279,0.00089048594,0.0031999436
92345,0.008902298,0.0033186183
42074,0.00122175,0.004745274
49045,0.004076769,0.014417674
143027,0.006037887,0.0093001565
119554,0.007081198,0.004103236
76714,0.060410514,0.04538492
135199,0.005847496,0.014869322
72489,0.0166631,0.0005523916
143627,0.038345974,0.03544613
141474,0.015251281,0.016055427
81914,0.015757246,0.025790798
32005,0.0068797073,0.023163734
120454,0.0059892223,0.005351453
148186,0.055432137,0.8276621
12547,0.010789138,0.017518582
114512,0.0038272534,0.0002478078
70540,0.00043627835,0.011864892
52582,0.0033698445,0.016628949
67008,0.011562656,0.01297992
90976,0.0015641133,0.007122181
7989,0.000115259434,0.010425429
141490,0.0018134151,0.018957188
12536,0.0029335662,0.011423492
60281,0.008138596,0.009978053
58204,0.0053582834,0.012753672
130280,0.0051209345,0.015232176
132903,0.004771741,0.0068020145
4862,0.0025145768,0.018565523
103325,0.00929418,0.0028814862
104070,0.0054914723,0.0063324394
27168,0.017303003,0.11859631
59697,0.0096741095,0.0019406275
135295,0.0028296195,0.03824288
24091,0.0040374957,0.009737715
71148,0.018346742,0.01269903
97629,0.011391902,0.013916939
82892,0.0028413588,0.014564524
46635,0.0003483396,0.00838235
17475,0.00433034,0.0053804815
126193,0.0056152693,0.013511823
86627,0.001975632,0.012261043
142858,0.0023470237,0.0072732978
11940,0.0014548303,0.0020294199
110095,0.017943762,0.23759769
117899,0.0038727173,0.0026586507
20026,0.00077864155,0.017615058
40302,0.0061224108,0.015805058
130249,0.003820637,0.0052037505
63145,0.0009929388,0.008816921
61284,0.031241292,0.0007649812
78364,0.0047465544,0.008871562
96408,0.0010791699,0.009276679
74488,0.009604953,0.0017246228
132010,0.003331425,0.011456789
138824,0.0005387311,0.007376605
55864,0.014066774,0.022824146
21281,0.02799695,0.03673789
114084,0.008744776,0.009455544
54585,0.0051302193,0.019293925
2063,0.027471026,0.0158994
4262,0.0020277125,0.0036206406
34433,0.0014923963,0.0062116296
75695,0.00017587737,0.0030488258
73892,0.009920849,0.0054410994
12800,0.00028089152,0.013890898
139767,0.034658734,0.015393111
60078,0.00035773116,0.007058147
17271,0.0060421564,0.0040588398
1182,0.0071418174,0.0072331703
79494,0.013997619,0.009378704
149555,0.00063350005,0.005439392
46691,0.0019090379,0.0035371843
40100,0.0094342,0.01173085
96945,0.040415097,0.05634464
63208,0.0076173684,0.030021247
24518,0.0013318869,0.0029933304
59648,0.085345045,0.36100513
122751,0.016850932,0.046464942
103714,0.063651435,0.030675236
57255,0.00650234,0.015977519
25252,0.0040810383,0.0016964483
28560,0.0012345567,0.0023333635
84098,0.0039563873,0.009996836
26777,0.035124257,0.04247227
67561,0.007526015,0.0076882318
40458,0.007348857,0.008674554
68556,0.009720213,0.01266488
16045,0.00088707084,0.018450048
70441,0.0008059623,0.00072485383
133655,0.004198432,0.04256362
31614,0.008508709,0.020999417
29797,0.010478363,0.015243488
15982,0.001636664,0.012402364
99250,0.008523223,0.0031218233
5110,0.0071016895,0.029994782
66531,0.00051119697,0.014938051
3010,0.004276552,0.013844795
76195,0.0062069343,0.014834317
14825,0.03517474,0.002447769
96443,0.0040942715,0.0009972076
27708,0.013637326,0.015607837
36061,0.008733251,0.0010825848
14417,0.0018287832,0.0054026796
139956,0.0017903633,0.006574911
27050,0.0050099436,0.013364973
73149,3.4577828e-05,0.004936519
23328,0.0029822313,0.031450465
125051,0.002680956,0.12715025
41637,0.0011824765,0.008311487
38949,0.0014480001,0.0036994012
12145,0.03614857,0.04587093
101420,0.01626951,0.012735742
104745,0.014490247,0.023678562
84788,0.00279184,0.003919675
70005,0.0046411133,0.0196718
115772,0.004014017,0.016103879
71537,0.0068967836,0.0041664154
90272,0.014295586,0.00490621
108358,0.012979922,0.01711475
50091,0.004215027,0.029449541
56569,0.0076660337,0.0017237688
36961,0.013183973,0.050911404
23094,0.0056989393,0.046998974
12559,0.028746562,0.008767402
39106,0.013563047,0.0024452077
90582,0.012507785,0.00063093874
87982,0.015468671,0.000414934
97930,0.008252577,0.013315454
65058,0.043991555,0.0072118263
73333,0.001410434,0.010385303
20823,0.0008153538,0.0088015525
99148,0.029003976,0.04434929
42344,0.004312411,0.006476727
123067,0.0027679342,0.005352307
26139,0.0043252176,0.016815072
149286,0.007374043,0.010763524
145337,0.015561252,0.01311263
11000,0.0040690852,0.0027551276
40968,0.0077428734,0.005114104
20075,0.005346331,0.013190802
120791,0.006253892,0.0050765383
99934,0.0027926937,0.007836788
73056,0.015929708,0.0057074768
17566,0.0015252667,0.004951674
19520,0.004322656,0.005700647
18676,0.00075452245,0.02222693
33994,0.007136694,0.024058491
76930,0.0034048494,0.0032076277
96015,0.03824128,0.11699693
49312,0.008543713,0.009341564
53968,0.0027486177,0.005947921
37908,0.0232013,0.0055315997
129026,0.004466944,0.015422568
36587,0.003182014,0.0061027743
95977,0.0014573914,0.0021335804
32047,0.0028550192,0.009759487
33242,0.0023359247,0.020240413
113848,0.014333152,0.019528365
88769,0.019516837,0.03507975
133033,0.010259797,0.0019636797
133180,0.08879814,0.05301852
99727,0.00962203,0.0017997549
66921,0.003672934,0.0069437413
124475,0.012429665,0.011521676
66860,0.011238436,0.008719803
137102,0.0069322153,0.010909947
136844,0.026647985,0.005263515
62918,0.0030846843,0.0008298679
63269,0.0141726425,0.008013946
16343,0.005341634,0.00063606136
122718,0.0030661146,0.018526249
82054,0.001120151,0.025495391
107941,0.001931236,0.0072668944
124216,0.0020362502,0.007993456
2477,0.0020612231,0.10238259
47896,0.0015549352,0.023821782
68756,0.0033433777,0.0019167218
22640,0.017930957,0.040580727
86208,0.0038650334,0.005213142
60135,0.015812742,0.08946281
63680,0.017923271,0.03787426
56039,0.053278495,0.00841394
38819,0.00889803,0.0028012313
125545,0.0055811177,0.00905
58682,0.00068814144,0.006471604
22702,0.004277406,0.0019056228
109748,0.00020234435,0.02940098
33859,0.011702675,0.0063179256
108388,0.0045135813,0.00020736028
74977,0.0016435143,0.009448714
11794,0.001518223,0.0104800705
128160,0.00063008495,0.012132977
101732,0.012220796,0.014824045
100309,0.023763455,0.07296528
32042,0.009641666,0.0050799535
73927,0.02413533,0.070627645
114869,0.00023137266,0.008378081
147908,0.008679463,0.004062255
93578,0.02035183,0.015529289
126443,0.01637047,0.018114302
51288,0.0154379355,0.035857648
78732,0.004181783,0.036634583
10409,0.0140496995,0.011366288
6492,0.007384288,0.007788124
87450,0.005611854,0.016720302
48035,0.0022693304,0.00039956608
29890,0.013671477,0.0005485496
2486,0.009591294,0.0044874344
143157,0.006269806,0.0051910738
115614,0.0007222925,0.0018313444
15454,0.00807115,0.021449784
41827,0.0015549352,0.018309178
59929,0.0058483495,0.010041232
20329,0.0046782526,0.041711554
144937,0.008199642,0.023265334
10865,0.0013506699,0.022652324
56188,0.0065621044,0.009481156
115948,0.0038313093,0.0064118407
142452,0.003013821,0.0072937883
117085,0.0071426714,0.008843388
59459,0.0039999294,0.0072630523
71993,0.003393163,0.0012368512
1259,0.004818272,0.012317393
125873,0.0030358857,0.010715633
123377,0.018528702,0.1041145
12257,0.011709932,0.013180984
139331,0.006037887,0.007818859
94347,0.0071486467,0.009824374
62829,0.02372253,0.0009643907
138146,0.00018868397,0.018961461
98088,0.037882797,0.011014533
60924,0.0042833826,0.003202505
139415,0.0013387171,0.013358142
113788,0.026008723,0.0032740086
124464,0.0054590288,0.01617901
96532,0.006809698,0.0028413588
97054,0.0074218544,0.00043286325
37646,0.007667982,0.1914547
121848,0.00469234,0.000118674536
115424,0.0034039957,0.0055734343
124802,0.02966677,0.14759405
53077,0.0004960424,0.004191175
67717,0.00827392,0.01421277
82696,0.013358142,0.010063431
24686,0.0071682837,0.015063128
82064,0.0004823821,0.004098967
123509,0.0014240944,0.0011867454
70581,0.014733572,0.019547576
99907,0.013462303,0.015332921
86257,0.024326574,0.01322837
48357,0.0001519717,0.015894704
63040,0.0123191,0.02476029
3442,0.0019858775,0.0010134294
3283,0.0018680567,7.598585e-05
42799,0.027420651,0.0017903633
62886,0.015633022,0.01423326
57093,0.00019423351,0.0013984812
2763,0.009735368,0.00059806847
38188,0.0016622973,0.00041664153
108853,0.0054026796,0.005062024
59813,0.012116329,0.0063883616
96053,0.009318939,0.00858384
6759,0.0060967975,0.0076352977
18726,0.0025399767,0.0024537456
58903,0.0023000662,0.0007530284
143770,0.0010091604,0.0028814862
129110,0.0041689766,0.016860323
14817,0.001810854,0.014295586
139702,0.008655557,0.025602967
146746,0.002263354,0.002161755
53184,0.0061471704,0.016003987
97304,0.006784512,0.0145359235
2166,0.009283935,0.023887735
134017,0.005012505,0.0042116656
144025,0.0042812475,0.006242793
81654,0.004355953,0.010288399
92025,0.016399285,0.008190251
50990,0.0015752123,0.017005466
80954,0.008209888,0.0034906531
93670,0.020960145,0.0035286464
113756,0.005849203,0.012781845
16984,0.011231394,0.006193274
84671,0.012336602,0.014404016
43073,0.029147835,0.14218806
146434,0.0042978968,0.018346744
111169,0.00423984,0.004936519
122310,0.006388362,0.025786316
2056,0.004447307,0.0026577974
101690,0.009173798,0.03025561
138371,0.024152832,0.012526994
66668,0.0013455473,0.0077181137
116677,0.008583413,0.021651702
77372,0.006114727,0.023613032
65752,0.0041860524,0.005503425
81534,0.00528059,0.007586633
83893,0.006510024,0.010392986
16762,0.008124083,0.0037100734
44393,0.030901484,7.000944e-05
143780,0.016229691,0.028151942
142177,0.007834227,0.017386248
113430,0.014190572,0.03113286
130673,0.0029173447,0.0077095763
137190,0.0021361415,0.0040528635
99025,0.0044216937,0.008229524
129479,0.014190492,0.0023089976
25262,0.00013318869,0.021358857
24735,0.005154231,0.0050594625
113567,0.040019903,0.054763526
61115,0.012168836,0.008985114
98426,0.011960515,0.0058509107
36588,0.016552111,0.008439553
50586,0.012718666,0.013183972
69906,0.006009713,0.011204924
67950,0.005243024,0.012237991
116478,0.0015694494,0.024367128
123861,0.0032340942,0.010241868
68450,0.018064145,0.013655256
102000,0.0037433705,0.0097896885
2408,0.021587668,0.013407662
119504,0.09082715,0.0073057413
112337,0.004373669,0.00915224
97555,0.006513439,0.006552713
39771,0.001465182,0.017965054
27099,0.048481558,0.013673186
93423,0.011203218,0.008721298
49283,0.0055614808,0.0069497176
65979,0.014706251,0.003161524
72009,0.0058637173,0.0058756704
43343,0.0059764157,0.005963609
18761,0.00017160851,0.0074739344
70463,0.009499939,0.012698176
144162,0.026024733,0.019804135
66226,0.0027226843,0.010238452
34552,0.0067661563,0.0021278174
136346,0.0014095803,0.023751132
91200,0.0007785881,0.012319581
145766,0.013070421,0.006170222
82646,0.001674677,0.017873751
39406,0.00026125473,0.0019286746
103530,0.0021470273,0.042212076
119572,0.0129304025,0.0010040378
22174,7.598585e-05,0.025257189
71800,0.02425742,0.014433044
55621,0.0030061365,0.021740492
3329,0.011951977,0.014290463
23626,0.006263497,0.007934332
56970,0.021835264,0.0929838
82675,0.0015777737,0.041367907
112952,0.0016921794,0.021480948
28821,0.01582512,0.039105836
38598,0.004122873,0.005924335
84432,0.010472661,0.22456798
24443,0.008127286,0.10912272
127098,0.0013523775,0.28671986
15761,0.0075648613,0.007094859
10961,0.0003730991,0.01741357
146755,0.002608065,0.007397202
70378,0.018270971,0.0058594486
84841,0.0038522268,0.013003827
67215,0.021901643,0.0077492767
676,0.024760291,0.0058859154
65347,0.0063183517,0.02762705
63971,0.014570502,0.006256453
148443,0.006967647,0.015468671
127988,0.046466652,0.0034979107
57926,0.0012157736,0.013628789
112024,0.0057595572,0.0008290141
68723,0.007186213,0.04072843
29390,0.0026279152,0.00546159
649,0.022665132,0.02521706
85576,0.0012507784,0.0017545049
107468,0.007238293,0.033169117
148504,0.005284859,0.030509608
48705,0.0034507392,0.020481817
43942,0.0038974772,0.016585836
14330,0.009876454,0.022969073
110198,0.010934279,0.006092529
117195,0.0025143635,0.00261084
39105,0.005777486,0.0032392172
87653,0.019260282,0.004967255
127790,0.009368459,0.028610813
142406,0.0013856747,0.0032545852
10423,0.012910766,5.4641514e-05
58336,0.0029771088,0.006296581
77493,0.04888625,0.009873892
124772,0.0030684625,0.008380642
123969,0.004322229,0.014789067
38795,0.0031845758,0.0066577275
70365,0.005877378,0.001237118
121789,0.011017094,0.0026629197
34172,0.005296812,0.014096657
98628,0.019032322,0.0020729625
114811,0.014585869,0.015408053
127846,0.011521675,0.009480731
98231,0.0122439675,0.0134870615
78553,0.0026334645,0.0049032215
137813,0.008417995,0.02105086
1727,0.00024097762,0.003541453
60425,0.0064050104,0.012676832
121186,0.0027286606,0.0024503304
12897,0.0106875375,0.0146285575
105169,0.0007863254,0.010966722
48417,0.013166898,0.009617761
56540,0.0069719157,0.005465005
90579,0.009940487,0.039469756
25329,0.016434291,0.027284903
6096,0.002202309,0.0047444203
10438,0.0079520475,0.009114888
77436,0.0050103706,0.020352256
5749,0.011254016,0.010310597
12120,0.0016477832,0.0056383214
50296,0.0011884529,0.014736134
139706,0.007035095,0.008261114
11351,0.00831234,0.002568151
40283,0.0041621467,0.0064340383
70527,0.007533699,0.0011073444
26390,0.008440406,0.02007905
107244,0.00025698583,0.0038419815
11164,0.010095019,0.0031205427
25209,0.00014001888,0.0019670946
41479,0.0034466842,0.008354175
70854,0.0062816394,0.00660522
141917,0.024528919,0.009401755
130389,0.0020772314,0.009093544
104027,0.008448944,0.020832933
148983,0.0006975331,0.0020960143
12340,0.011562657,7.257076e-05
88883,0.008362819,0.06385837
52531,0.0039179674,0.0022351793
19159,0.0022889671,0.0019397738
76643,0.014471036,0.01002373
96143,0.0038983305,0.01952751
59231,0.0068242126,0.012651218
89258,0.005971293,0.0003765142
46925,0.009074761,0.010144537
28113,0.0022309106,0.0062402315
13070,0.0064511136,0.00767201
32521,0.0001297736,0.011403
119963,0.009334949,0.034963317
145168,0.008034225,0.0038383529
132326,0.006593693,0.021530466
129768,0.018745454,0.018202456
118717,0.003372406,0.0012191888
35267,0.0009535451,0.024481906
86855,0.018917812,0.0003189912
118539,0.022516575,0.006419523
139752,0.0019711498,0.008511056
118788,0.0028234294,0.0057125995
45723,0.013818754,0.038377136
5426,0.012943635,0.016544852
76111,0.001704132,0.022342404
68810,0.013528044,0.0026287686
110007,0.00011184436,0.0027892785
136491,0.0105219055,0.0031495711
69793,0.009648497,0.005318156
44590,0.002414472,0.012015156
68289,0.011091374,0.0007560166
114000,0.0,0.019647893
139077,0.0025561983,0.01449793
144935,0.0022684766,0.003637076
58842,0.0015375394,0.014144894
112934,0.009450422,0.0061411937
47270,0.0071810903,0.00078034913
84660,0.00025186324,0.018879926
109947,0.19563094,0.071120694
124111,0.007948632,0.008816067
53042,0.0013754293,0.000595934
2729,0.022000039,0.0032714473
5621,0.0046342835,0.003941019
11481,0.0034236324,0.012317393
30638,0.009745613,0.012669146
88969,0.0013925048,0.0051294724
45256,0.013516944,0.007959732
21519,0.005274614,0.0014437312
50544,0.00950837,0.008504867
92341,0.009146477,0.0022701842
113319,0.00053873117,0.000984401
25042,0.0068822694,0.00059508026
125802,0.0043653445,0.011311648
51952,0.022678789,0.088930055
38801,0.003730991,0.001644368
42467,0.0032857475,0.004738657
60838,0.0041745263,0.0011303963
28149,0.013892606,0.0062829205
89979,0.006482703,0.009463654
88811,0.0045463447,0.0049237125
117385,0.008393449,0.008132194
14487,0.018611414,0.01664432
73675,0.024432655,0.022658193
143665,0.012271289,0.018978534
107782,0.010930863,0.021868559
61835,0.0067627416,0.0018091464
64885,0.027797593,0.0029803105
94623,0.03428713,0.023447614
149423,0.007776598,0.022999384
19102,0.0025947248,0.018505597
39838,0.00940261,0.010435248
85392,0.008928765,0.019391976
125289,0.0074764965,0.017881436
113650,0.0027944013,0.0047383904
55853,0.011048685,0.0046539204
117428,0.0025000628,0.004740365
36077,0.005511109,0.009521285
81834,0.020439342,0.015978374
58906,0.0030991985,0.019950982
107169,0.03731344,0.024549942
133361,0.0032417786,0.019295286
136425,0.0026915215,0.0024814932
114357,0.00048697114,0.011416448
130340,0.005263515,0.0045924485
125814,0.0073970947,0.029362988
28093,0.00955202,0.0011594247
142292,0.01291162,0.018971704
104990,0.047090814,0.009910818
85063,0.0009733019,0.0013967735
38198,0.016727133,0.021142852
64089,0.009094397,0.008356737
42865,0.016593946,0.02818734
55408,0.021848496,0.019028053
66733,0.009318939,0.00045250004
140381,0.0011986982,0.0051499633
113384,0.0025506488,0.0015756392
119445,0.0033775282,0.0012891982
92986,0.0013156652,0.00094854255
116144,0.0025322924,0.019349925
6341,0.0057954155,0.0052041775
34501,0.0062257177,0.0033553306
56780,0.012657408,0.00243731
74819,0.02366063,0.011967345
15430,0.0020277125,0.015007634
71213,0.0016985824,0.021701863
15527,0.011618151,0.0047469814
38322,0.018190077,0.03238535
111388,0.0056605195,0.006809699
93321,0.0165948,0.04718809
84170,0.008201777,0.015274011
32871,0.004978354,0.0073185484
81901,0.0027517125,0.011969906
138888,0.0018680566,0.0043277787
70641,0.0036225617,0.024253152
103914,0.017200125,0.006965086
44962,0.01787418,0.008871989
83729,0.0033578917,0.011215171
44458,0.005897015,0.00082133024
98636,0.004651359,0.0038949153
118185,0.00082730665,0.009335162
132091,0.014757051,0.009499087
70646,0.0013020048,0.03282675
74586,0.010764377,0.0064596515
65746,0.0035978022,0.0043798587
122152,0.0054803733,0.0067687174
85462,0.00288917,0.012136391
33044,0.0010386157,0.00488017
100960,0.019258574,0.006679071
89015,0.0063153636,0.05903336
1306,0.0007598586,0.0031623775
47725,0.0011500331,0.008829728
33011,0.023724664,0.03020054
33665,0.008091213,0.021355443
115812,0.0012917595,0.010946231
13259,0.006090821,0.0014189718
42352,0.020213094,0.1836899
88216,0.0146285575,0.006258161
136675,0.0017775567,0.018449195
58645,0.0010416039,0.012971384
23803,0.004440476,0.0128663685
108719,0.0005408656,0.014196975
92124,0.0005523915,0.0022018822
35938,0.0034996183,0.025007032
87523,0.0090975985,0.048394475
37362,0.0122875115,0.014777969
45023,0.04125521,0.013881934
144131,0.027062068,0.025907762
44835,0.0018432973,0.0020405191
117437,0.0015145944,0.009523845
100822,0.004759788,0.0019406275
54870,0.0081561,0.013252275
68052,0.009239539,0.08224412
11140,0.004253387,0.0117016025
29050,0.00063307316,0.021205604
117361,0.0013668917,0.008145002
22796,0.023337478,0.0016772381
138450,0.005057755,0.010659363
118877,0.018550795,0.006009713
68135,0.005459883,0.0001656321
8398,0.0041130544,0.10425324
21849,0.009011581,0.020128569
63720,0.004574519,0.00464026
45570,0.0010860001,0.0046189153
63053,0.007459634,0.01823874
97757,0.00039615098,0.0013438398
138001,0.009832058,0.013020902
127958,0.0007120472,0.0020712547
92894,0.0029771088,0.0043696137
70243,0.0112715205,0.006107043
52439,0.0076814024,0.00020575945
126983,0.0086367745,0.045664955
10130,0.017408445,0.005955071
37936,0.010211986,0.020182356
5791,0.0034116795,0.001829637
17374,0.0053309626,0.015910925
34903,0.014280219,0.006601378
115423,0.025791649,0.00783252
1465,0.0036558588,0.018345889
367,0.001135519,0.0055000097
36585,0.013802959,0.01688252
382,0.031234462,0.0077787316
99415,0.0024503304,0.0131984865
78840,0.0075524817,0.0026535285
102420,0.0066000973,0.01063503
34648,0.004587966,0.034642726
105912,0.06485398,0.030645141
109393,0.006322194,0.0052822977
72443,0.0017980473,0.0023154344
54007,0.0031034672,0.009705699
79933,0.0016631508,0.010642715
105453,0.010648479,0.0019848102
99268,0.052755907,0.1959107
77351,0.006050694,0.005797977
20056,0.008565911,0.008163358
37470,0.0069328556,0.0112960655
17414,0.0007564435,0.0019380662
69428,0.01426485,0.009975491
87930,0.00043713205,0.0045369533
67370,0.002206578,0.05534677
73997,0.0045267073,0.03799443
3976,7.427831e-05,0.018307468
112305,0.0007111935,0.0015735049
65708,0.0025647362,0.0060673426
137301,0.00797083,0.0032921513
97734,0.0074286847,0.01771239
149500,0.0066568735,0.00083755195
42812,0.01061155,0.009464081
78665,0.0009178066,0.021451918
20795,0.0010958185,0.024320599
17569,0.008302948,0.012436067
101900,0.016923504,0.033526845
107569,0.004726491,0.0067943307
3645,0.0057493118,0.02545014
134781,0.00035004714,0.0061719297
39743,0.008701661,0.0017229152
83913,0.006431477,0.088551834
123136,0.023937255,0.020468371
66727,0.017144201,0.006399887
59797,0.0069992365,0.003650736
128180,0.0032989813,0.006383666
124461,0.016632793,0.023613887
74346,0.004858826,0.019584714
100374,0.01586653,0.0021011368
115947,0.011940878,0.47916013
138932,0.0013262305,0.012872585
71945,0.0015054164,0.025856538
99495,0.0127442805,0.0064323307
82467,0.005534161,0.0022582314
43430,0.0061941277,0.006637237
104346,0.0009984882,0.0040214867
104649,0.0016298539,0.028559586
111007,0.006287189,0.00011184435
72831,0.0048630945,0.018760823
87408,0.012968822,0.0372858
103066,0.000614717,0.004017005
109063,0.006258161,0.009414562
94580,0.016772384,0.014900058
8293,0.004724623,0.18579423
66348,0.012394232,0.0012857831
100216,0.0018236606,0.0040255426
142037,0.0017493822,0.0021207738
13338,0.0013869551,0.0014544034
72110,0.009939633,0.013260813
2827,0.03529416,0.0031286536
32655,0.0029181985,0.020574667
26221,0.001999111,0.015055018
100947,0.0077198213,0.0024093492
58610,0.0067806705,0.017613351
45134,0.0044626747,0.008336246
58891,0.0036532974,0.016234506
15886,0.0036421984,0.015731633
120120,0.020045754,0.09342947
120502,0.007438929,0.00855652
14126,0.004035788,0.0141291
108950,0.022959042,0.039928976
559,0.008966331,0.0075934622
17334,0.0139790485,0.003304104
61060,0.010295656,0.0055469675
147464,0.009211365,0.0118281795
98032,0.00052933965,0.023443772
55405,0.014680638,0.002945519
110305,0.0007590048,0.009615199
58783,0.011353162,0.012274598
131885,0.0036746415,0.0018321982
132145,0.007976808,0.014098364
84651,0.0064647743,0.003054802
10313,0.011498623,0.039945513
72297,0.043738414,0.030399472
12140,0.007999006,0.0118905045
123576,0.012054431,0.0036789107
75215,0.008089505,0.0045873257
31939,0.005616977,0.011770978
4797,0.00079240865,0.005031288
123360,0.00727586,0.001821953
96863,0.0108343875,0.014254605
65987,0.0022266416,0.012973091
112698,0.0027021936,0.013165189
105079,0.0050795265,0.028829379
70174,0.003017236,0.0053497455
32898,0.005793708,0.014322053
15421,0.001829637,0.02544758
46908,0.002771002,0.009058938
6512,0.12858215,0.09178253
139163,0.01067772,0.14378546
14871,0.048385084,0.06271869
66803,0.03390688,0.019868407
53827,0.0046323626,0.016337385
74139,0.0010194058,0.030199684
12921,0.010613474,0.0048052515
43625,0.04897845,0.08040424
598,0.011072803,0.025011726
39728,0.0064357463,0.0010215401
82320,0.007260491,0.007961439
138844,0.0042112386,0.018627632
8462,0.013006389,0.020219067
81995,0.0053753587,0.019991111
16003,0.0019380662,0.010245284
96566,0.013776492,0.21934257
123383,0.008135609,0.0039452882
16210,0.0050338493,0.011046978
20220,0.0030799885,0.0076077646
97369,0.008805822,0.003149998
51185,0.0561261,0.18466434
14718,0.026467947,0.23770711
145040,0.01147984,0.020767191
18339,0.027312223,0.0007607123
81012,0.0028012313,0.0031350565
87796,0.02095374,0.0033875604
30803,0.010160759,0.04400095
117882,0.008388753,0.006801161
55165,0.0019103185,0.027937613
88608,0.02223248,0.002685545
131997,0.00062453543,0.014991412
4478,0.002444781,0.0024234366
88307,0.014868468,0.022608781
74786,0.005161062,0.018871812
3769,0.0101300245,0.006490388
58042,0.0018398822,0.032201786
23377,0.003628538,0.048408132
42348,0.012816851,0.0052985195
69630,0.0021327266,0.00709486
30146,0.002244571,0.005194359
115166,0.03343026,0.002846481
67723,0.0012938939,0.007896552
123932,0.005219118,0.0019466039
15770,0.01744217,0.007785989
94253,0.028154684,0.022589784
17971,0.0039905384,0.0036123164
139154,0.00041941635,0.012657836
77364,0.0024537456,0.0015197172
49933,0.0025792501,0.0029967455
119885,0.004654774,0.008919373
148913,0.009841449,0.0042338637
119627,0.0062248637,0.0056442977
146398,0.010640581,0.016175598
42715,0.005838104,0.02989916
56740,0.0001882571,0.012633075
23763,0.0065872907,0.0010275166
37295,0.010561179,0.010892444
108928,0.0384179,0.012227107
19174,0.014372426,0.0004840896
140267,0.0269959,0.03634515
31716,0.009063661,0.0097851
99493,0.010995752,0.017846432
2119,0.00012486438,0.02071511
92997,0.01349021,0.14464153
75188,0.011519006,0.0010995537
10792,0.006963805,0.0015393539
95508,0.006046425,0.001972217
6989,0.0024648446,0.0071042506
53040,0.0613233,0.0069580423
120281,0.012116756,0.0068481187
96147,0.002776472,0.008300387
63749,0.0028780713,0.008982552
67379,0.006004163,0.01911087
96226,0.011067575,0.019231547
35896,0.026128039,0.001530816
84584,0.068292566,0.0010117218
127186,0.04308997,0.02018492
128569,0.011461911,0.014942747
97150,0.008221627,0.0072611314
116519,0.021240637,0.0046724766
54786,0.0040272498,0.03492703
96169,0.010361397,0.0014249482
98106,0.004948259,0.04226512
17349,0.012825282,0.012327531
65862,0.017554147,0.15884234
100459,0.0014134223,0.014232834
82077,0.0026244998,0.005415486
32400,0.0070299725,0.0073988023
18090,0.005951656,0.021772936
21814,0.0020268587,0.0056596654
65212,0.01059405,0.033441253
136489,0.0022411558,0.0095084775
34595,0.008846803,0.0035824343
35998,0.00073296466,0.0047832667
62919,0.005813345,0.0048451656
69688,0.030991985,0.009575072
12149,0.004124581,0.013704775
133867,0.0010347737,0.007937534
144316,0.0152419945,0.007286959
113838,0.00793668,0.011774394
47072,0.0037847785,0.00018356131
29954,0.0054197554,0.0014454388
100860,0.0013720143,0.012845879
64203,0.003858203,0.048055526
38899,0.0022365667,0.0043738824
3695,0.010739619,0.002417887
89945,0.027822992,0.008883088
9044,0.0022522549,0.0036268304
1656,0.02810367,0.022853812
54141,0.027150005,0.0077240905
71359,0.0009873892,0.010490103
66731,0.01647527,0.01615852
131386,0.0010176982,0.0022163964
107449,0.009691184,0.0035619438
148025,0.0024486228,0.0022206656
11524,0.0037437975,0.00288917
139481,0.007548214,0.009620536
88822,0.0014300708,0.0032204343
92421,0.026274888,0.0023000662
97340,0.024627957,0.01150204
77330,0.0043380237,0.0010535567
59739,0.006148024,0.005788585
39190,0.008123229,0.006004163
5046,0.03203872,0.00019508728
118263,0.016485516,0.011634373
72998,0.020686084,0.0020225898
132959,0.0031159536,0.0056695906
93461,0.0036203205,0.005614629
137153,0.010229915,0.0024469153
104122,0.0074884486,0.024510136
5018,0.0045693964,0.0033779554
85193,0.003545722,0.013012364
11287,0.00700009,0.027878275
82385,0.030676087,0.018924749
48674,0.007379166,0.012529981
129918,0.02430048,0.0121389
10892,0.0016678468,0.0011402147
5140,0.007276713,0.008523222
115771,0.008250015,0.0024272786
43502,0.011166505,0.013140002
52371,0.012881736,0.0062854816
139216,0.00044993873,0.017311115
37039,0.0033177645,0.0032656842
50087,0.019204782,0.43423563
82962,0.010267481,0.002176269
51314,0.0018646417,0.00706327
107134,0.0046906327,0.0051738685
61015,0.033634845,0.0049969237
90500,0.00039444337,0.023136413
10528,0.009495671,0.008624822
111691,0.0036225617,0.0022659153
42400,0.0035329154,0.0011696699
44460,0.016814219,0.008114265
36836,0.007053878,0.013785029
28669,0.011542167,0.041512195
59721,0.0064972173,0.0021941983
117468,0.011483682,0.010241441
116908,0.006922397,0.0043935194
58052,0.0025254625,0.0061241183
129603,0.0220248,0.0033374012
90600,0.0034748588,0.012606823
124406,0.006171076,0.017996695
132818,0.03318833,0.021750525
113021,0.0012898385,0.018953135
76143,0.0075687035,0.02152278
77554,0.017440034,0.030093817
121411,0.0013754293,0.0029378352
54418,0.0077923923,0.0044105947
73743,0.016839832,0.0039922455
96957,0.0039290665,0.0059414115
108380,0.0184223,0.017679092
112869,0.0077292128,0.005840666
82294,0.010494587,0.005658812
27237,0.001851835,0.021539003
8546,0.00679924,0.0021576998
132071,0.0065621035,0.0021293112
92293,0.016441973,0.23545378
55976,0.0025186322,0.15536708
62723,0.00052549766,0.008985115
148588,0.0092591755,0.009439321
111786,0.0066981213,0.20056917
72854,0.003375821,0.007050463
119854,0.0073889843,0.006612477
116874,0.009236978,0.01723513
12670,0.002331656,0.0042722835
84362,0.005782182,0.012909057
80053,0.01947543,0.0040656696
107269,0.007961439,0.0036661036
138278,0.011273653,0.0065038344
141179,0.01890255,0.0134085165
131881,0.005017628,0.00978937
28189,0.0014036039,0.05421893
103727,0.010050625,0.0018168304
141255,0.004598425,0.011449105
88678,0.010882198,0.022887966
134984,0.0034671747,0.0046086702
59889,0.021982964,0.00062069343
53870,0.0033809438,0.027716057
40480,0.006187298,0.02941336
94317,0.012306294,0.030639378
38803,0.013772649,0.016283598
48914,0.0053642592,0.008214156
88360,0.0014778821,0.0023393396
76597,0.007876916,0.051159002
70015,0.0024725285,0.02589197
83834,0.015714558,0.0034705899
96954,0.000569467,0.0045113396
71693,0.009447006,0.0034390003
92878,0.028418714,0.017197562
96461,0.01434425,0.015101546
64127,0.0064745927,0.04130302
149195,0.012308856,0.014782237
11959,0.00060959446,0.005213142
103547,0.00062410854,0.036774606
118036,0.013126769,0.021751165
72133,0.005632345,0.028550195
116922,0.07554869,0.13596593
144679,0.010464703,0.005801392
134075,0.0036336607,0.00900902
13195,0.018729232,0.013732096
71924,9.135378e-05,0.0059397034
48792,0.002731222,0.009776562
87759,0.023154343,0.021900149
107707,0.038011722,0.004537807
122810,0.0060080052,0.01127579
143732,0.0056664958,0.0059226276
90848,0.012007046,0.039950214
127793,0.04510061,0.007986198
126608,0.0012012596,0.020282248
17704,0.00073766045,0.0262433
124315,0.0022488397,0.019888656
3440,0.003421071,0.014888959
125211,0.0078122434,0.0022699707
137352,0.0016042407,0.018415898
23351,0.0051113293,0.023699693
133222,0.0057271137,0.058002006
13276,0.022132374,0.021674754
145985,0.009534944,0.01635062
81436,0.006241939,0.0039930996
65255,0.013568172,0.00041664153
144179,0.015668454,0.004633856
52961,0.079461664,0.04761754
21370,0.018594338,0.0072340243
30288,0.0035657857,0.02453831
24957,0.0028507633,0.053013198
107210,0.0025239685,0.0005265649
55830,0.0045010946,0.03127202
10537,0.0074671046,0.012811727
69455,0.003179453,0.00061727833
103905,0.007060708,0.0021224814
90765,0.00291521,0.008645312
12304,0.035216037,0.019729003
20011,0.008066453,0.0005259245
40575,0.0034424153,0.009463227
72601,0.0035175474,0.0104382355
137076,0.004141656,0.009037195
126631,0.013338506,0.0063964725
138604,0.0063435384,0.011963931
41216,0.0071571846,0.0053762128
97079,0.0026074247,0.0028157455
29866,0.005564043,0.00044396232
21316,0.0046880716,0.015665893
99274,0.006762741,0.041594584
146379,0.013929745,0.004010175
38104,0.0029779626,0.014344251
38625,0.0028874625,0.010241014
3050,0.0010364812,0.008217571
87436,0.009420539,0.012769039
105837,0.0031162738,0.0031862834
115604,0.0009750094,0.0005523915
50622,0.012535104,0.0065732035
66055,0.0033143489,0.0025143635
62363,0.004703439,0.00094171235
71646,0.0094256615,0.0068882457
104645,0.006115581,0.019337121
35042,0.0029847927,0.0018970851
106319,0.004693194,0.010933424
107108,0.019395176,0.0064972173
42995,0.0050603165,0.0120774815
58433,0.01456794,0.011625836
1578,0.012131697,0.007492718
95080,0.020207115,0.015827255
147059,0.004259477,0.013670624
5620,0.0036498823,0.0006582595
81659,0.02200004,0.030144192
112225,0.010010496,0.0012763916
11045,0.03017834,0.0005412925
104161,0.00084865093,0.010470253
144515,0.003511571,0.03414412
8985,0.0048024766,0.0134896245
22485,0.006474059,0.0543583
127135,0.0025775426,0.0009160991
105774,0.01522876,0.0045087785
101654,0.012389963,0.0108335335
57034,0.013441387,0.015089596
104000,0.0015367924,0.0046453825
46507,0.002124189,0.005335232
44765,0.00047403775,0.0067618676
56682,0.0023351777,0.017755078
828,0.016237922,0.010578255
118345,0.006906175,0.005634052
33611,0.0017220614,0.019835725
110587,0.009150319,0.008483096
42723,0.0040895757,0.007792819
13963,0.019051958,0.0057578497
78536,0.008880953,0.012221769
92548,0.0066974266,0.009811568
25299,0.00089560857,0.022228852
116369,0.0025749814,0.010210278
94560,0.005948241,0.0020789388
144133,0.00017331603,0.0009101226
127904,0.010594264,0.021315953
69252,0.009147331,0.006499778
66136,0.008991945,0.0192987
137654,0.01121485,0.004293734
59323,0.006311095,0.00021771228
43350,0.00036541506,0.028773883
51021,0.001116736,0.00094427366
81488,0.0061497316,0.0008196226
31763,0.0009562265,0.008985114
7963,0.014061123,0.00040340377
138884,0.00065697875,0.017600117
125968,0.00049775006,0.002919052
21533,0.003806123,0.008605185
1903,0.0037113538,0.010064284
141679,0.0075328457,0.0029523494
146156,0.05295192,0.02490031
75664,0.0011047832,0.006431477
52170,0.0052201855,0.0075356197
36467,0.002644137,0.02279405
89503,0.0050184815,0.007591755
37400,9.63697e-05,0.01417371
30830,0.00014087265,0.0018748869
140970,0.028643256,0.016414654
41024,0.00078547176,0.007218656
9534,0.0011180165,0.0050116507
119981,0.0036054861,0.05125974
107315,0.014778182,0.03331596
73934,0.0041997125,0.015186072
46067,0.06016249,0.028773887
52751,0.013976274,0.13538851
91166,8.11085e-05,0.0054795193
74608,0.0010800237,0.020011602
40916,0.038754504,0.012684515
16306,0.0030795615,0.0018100002
69581,0.00039700474,0.0030974909
73801,0.007804345,0.0149196945
65671,0.007492718,0.009815835
26799,0.00405201,0.015847746
20749,0.032217152,0.029867567
18714,0.0051769633,0.00341296
147422,0.0033198989,0.014558122
16969,0.004996177,0.0037752804
23610,0.0038564957,0.021661095
25505,0.016949968,0.014958968
75333,0.014115547,0.007336797
16209,0.014204232,0.012145783
83963,0.0059499484,0.0025741276
57364,0.010991482,0.009142208
98048,0.0027602501,0.00094427366
8988,0.009443591,0.006959109
109760,0.0019115992,0.009601539
84558,0.014043723,0.004395227
98592,0.0031013323,0.005838531
101518,0.0008209033,0.005957633
95573,0.0057015005,0.006352503
64049,0.018083781,0.0010800237
129165,0.0061941277,0.009623737
35065,0.011589123,0.0017152312
107745,0.0062092817,0.011918039
107960,0.0062077884,0.02671074
66590,0.0064600785,0.010740472
5823,0.0044652363,0.01727099
38287,0.0014164106,0.0047119767
142183,0.015534412,0.0006539906
98627,0.0028187337,0.009904202
86157,0.0030069908,0.013050785
90329,0.009939419,0.030406086
147684,0.013019195,0.0024639908
120015,0.013094327,0.0004934812
25394,0.011621567,0.018504689
15616,0.0071486467,0.009083299
117258,0.0013079812,0.006892942
35403,0.010266627,0.017560417
101226,0.018284418,0.008446383
104974,0.00073936797,0.0011935756
18192,0.0067524957,0.0067337127
123907,0.008716176,0.006376836
67765,0.011769269,0.03736883
62663,0.0017570662,0.010591915
130611,0.049440347,0.038684495
48750,5.9764156e-05,0.0010544105
30096,0.004519024,0.0014736133
83749,0.015002938,0.00057800475
111632,0.0017357218,0.0055614808
117369,0.024073005,0.029695109
60481,0.0002493019,0.005014213
124653,0.009086286,0.0150180925
54439,0.013578737,0.00085814926
149277,0.0015017878,0.0052711978
53460,0.015138688,0.007872647
119077,0.0024998493,0.023324246
11273,0.00036797643,0.001010868
133980,0.0012627313,0.028865237
52092,0.01401811,0.015293648
102094,0.063457094,0.015728459
121645,0.008955232,0.0036917173
60792,0.005418048,0.0011235661
135892,0.0057646795,0.01859775
68884,0.0058009643,1.750236e-05
63583,0.0017656039,0.019956961
54824,0.025804458,0.2448038
52527,0.0008247452,0.018659223
130033,0.003987977,0.005673326
142360,0.0024960074,0.023977809
72899,0.002508387,0.020959292
55753,0.005937996,0.00025357076
39143,0.020157598,0.04024007
22990,0.006424646,0.0022428632
52891,0.0072997655,0.019493362
59508,0.009131963,0.0015256933
126296,0.014097511,0.00078888686
54268,0.027016819,0.0022266416
104071,0.0056067314,0.0019107454
108537,0.023428539,0.111372925
88342,0.0069932602,0.0061087506
124153,0.027796526,0.01298131
61909,0.0038547881,0.007105104
147342,0.003152986,0.019545441
132725,0.003274222,0.017244095
48859,0.00011824765,0.02569432
31541,0.0056246608,0.0010518491
51036,0.0019858775,0.056212492
114709,0.016981559,0.03608347
44971,0.0048438846,0.005973854
58782,0.0079751,0.009271982
42499,0.0030069903,0.0018834245
23949,0.02599912,0.039880633
99364,0.0067584724,0.0029847927
26780,0.0010074528,0.002787571
126268,0.0127826985,0.0097159445
58023,0.02203654,0.006391563
51891,0.024349626,0.0060754535
108949,0.0035713352,0.0057211374
46200,0.0052545504,0.015211152
119700,0.0070069204,0.006065208
137559,0.011683892,0.006013128
61970,0.01584177,0.025345981
55090,0.00082730665,0.0050338493
51451,0.003281906,0.0010236746
144403,0.0013899435,0.0071734064
23073,0.005857741,0.0010194058
64332,0.0019150143,0.002983085
16342,0.0053433417,0.00090628065
96377,0.018044936,0.011329149
83899,0.02769813,0.040082976
32026,0.011330429,0.04183065
20988,0.006492095,0.010661071
130545,0.010267482,0.007927288
116582,0.007660911,0.002715854
62184,0.0042611845,0.006958682
34323,0.015182657,0.022754777
25375,0.0034390003,0.00078034913
144377,0.030908534,0.0125023415
123417,0.0027468032,0.007387917
50320,0.027561529,0.009781686
140621,0.008860037,0.014833463
53471,0.005885809,0.0009450207
119972,0.0029865003,0.0057920003
7811,0.005957633,0.0029745474
109177,0.011618153,0.047556065
130587,0.002225361,0.010919338
146570,0.011255939,0.01697206
94811,0.0012789529,0.008950963
147592,0.00032784906,0.010759682
101486,0.0019491652,0.009973784
104347,0.001180769,0.04731274
47074,0.0037361134,0.027326737
147865,0.0051047127,0.00881436
125344,0.006362375,0.006771705
65908,0.00095110387,0.0037788022
22126,0.0013703067,0.005126057
35556,0.0046210494,0.015293649
97476,0.0056246608,0.015217662
66757,0.004839189,0.015125454
110248,0.006460505,0.0051252027
32294,0.021392154,0.025393791
73945,0.00022582313,0.021629503
136508,0.011367995,0.022121279
87743,0.00446609,0.026389297
10580,0.008616711,0.017805345
33287,0.005210581,0.010671318
45250,0.0018471393,4.8238213e-05
124183,0.00019295285,0.021029726
64074,0.0069206893,0.002338486
104169,0.025081415,0.010638232
111898,0.033297177,0.043525398
76840,0.0036387832,0.011816227
66391,0.0031051748,0.0177602
131758,0.004840043,0.014993119
57959,0.04925849,0.11693016
120426,0.02372125,0.0096331285
98010,0.0144424355,0.009897798
98831,0.004522439,0.0075635808
98511,0.0036293918,0.010286265
126353,0.004741005,0.00975746
40120,0.00078034913,0.012337028
32807,0.02564907,0.018155498
139079,0.0067046843,4.0127357e-05
92187,0.0016469294,0.0087008085
149694,0.0034944955,0.0045360993
72742,0.0006104482,0.0044370615
101020,0.006425286,0.014227071
48938,0.0023248256,0.010865977
132089,0.00058056606,0.028668012
47832,0.005704916,0.013885775
71157,0.013244592,0.027305393
66053,0.008145855,0.0031324956
83315,0.010168018,0.00029956782
96514,0.015440497,0.039548513
112592,0.015857138,0.026306637
18890,0.001307661,0.0060365
56280,0.011927645,0.00083968637
87727,0.0020055142,0.009022254
120115,0.0038616182,0.009005604
119578,0.026272329,0.0066372366
63722,0.006117288,0.005337792
147222,0.0051661846,0.011488378
14497,0.0048272363,0.015441351
91915,0.008162077,0.0037318447
64114,0.01846883,0.029742066
68935,0.0012759647,0.0096420925
136302,0.0006121557,0.008302948
138130,0.004513901,0.010883052
98781,0.010157345,0.0024844813
90062,0.0038932078,0.0017767029
85604,0.001180769,0.0036195733
46519,0.0069337096,0.036382504
47959,0.010280288,0.009240393
7461,0.0027884247,0.013264228
143444,0.00085718866,0.009061954
119656,0.041306864,0.07720321
103990,0.0040981136,0.00066935853
109146,0.015267714,0.025354518
113460,0.003077854,0.021420328
91018,0.005880793,0.005864572
127370,0.0022808562,0.011495208
96687,0.008495048,0.0018868396
131806,0.014697714,0.044377033
21358,0.001961972,0.0041770875
89775,0.008355883,0.022301422
128107,0.0023448626,0.018226335
69792,0.0026449908,0.0019145875
139461,0.015136553,0.00012294341
143289,0.0029480804,0.002259939
33876,0.008849364,0.017539928
78582,0.0023239718,0.01859263
11246,0.016219992,0.012548765
135200,0.0062743826,0.0021429718
19507,0.009543056,0.012251012
117564,0.009750949,0.008614577
136276,0.008447236,0.0085949395
60368,0.0008576156,0.018864984
14959,0.005256791,0.0010459261
2140,0.03546022,0.0140176825
41617,0.0037839247,0.007770194
101031,0.004367052,0.009098666
127279,0.01465161,0.007963148
104856,0.0016676334,0.014006264
93701,0.003900038,0.03796732
75625,0.005564043,0.00775568
44237,0.011617191,0.012157417
64083,0.013713311,0.11798373
79831,0.002709024,0.0088852225
96962,0.017686775,0.0066005243
78969,0.0069915517,0.018847905
42242,0.025293047,0.0028106228
71396,0.0034646136,0.003436439
113670,0.0010228208,0.0012430944
50957,0.00657918,0.006846411
94541,0.0075287893,0.022461291
61147,0.014718631,0.0077543994
49849,0.003802708,0.018122202
64892,0.012929549,0.006471604
46179,0.028674845,0.0028123304
79912,0.0037888337,0.0152659
18233,0.018321984,0.011303962
70038,0.0052651144,0.0049927616
7828,0.0051175193,0.009154161
5489,0.01964875,0.007965709
71923,0.0048152837,0.01619267
87419,0.004174099,0.020750117
133703,0.0015441563,0.016775614
49028,0.002428132,0.008666657
86273,0.007177675,0.002870387
63937,0.0062161125,0.0016377511
119893,0.006726456,0.0029160639
34969,0.012036501,0.0017365754
120431,0.00870593,0.009082445
70704,0.0020921724,0.0017233419
3040,0.007876917,0.0039811465
95027,0.0021429718,0.0018765945
96761,0.001018552,0.01990787
61602,0.00583042,0.018619094
7982,0.0033775286,0.023668317
53331,0.014170081,0.010182104
85384,0.027885105,0.011251883
9938,0.000595934,0.002191637
132016,0.0068519604,0.008987675
127181,0.0014482136,0.079094544
107377,0.016317323,0.028035369
161,0.01595276,0.010983797
123529,0.0063324394,0.0059149438
5909,0.009107631,0.03032135
31811,0.009862154,0.0018546098
80425,0.0034962026,0.0039384584
17140,0.04550317,0.027804852
65818,0.00951104,0.009551166
137915,0.0008096975,0.029173717
8895,0.002014052,0.0038103918
99638,0.03445191,0.07393347
148782,0.0029993064,0.0060114204
8155,0.021228228,0.013412784
43159,0.0050884904,0.003967486
35316,0.0007009482,0.02581641
92375,0.0005634906,0.0020738163
144184,0.0025843729,0.0042146537
76735,0.0038197835,0.04618405
7559,0.0032281182,0.01083951
32859,0.009170382,0.0005592217
120255,0.0041834908,0.0054334155
118506,0.0008640189,0.0056050243
120107,0.003213604,0.00838235
108300,0.012319101,0.012061261
59230,0.009919996,0.020801343
44234,0.0043474156,0.0054368307
120670,0.0045164633,0.008777328
138484,0.00959639,0.015335723
103152,0.0043363166,0.0072118263
101798,0.0075345533,0.016750185
56062,0.0061992505,0.0011910143
148733,0.014196975,0.009314457
5859,0.0054803733,0.00721951
143683,0.024119962,0.021661947
35342,0.00064033025,0.005616976
26824,0.0073083034,0.0007959305
65005,0.0036165852,0.003933335
62545,0.0109902015,0.01483005
41664,0.0028456275,0.0007846179
112040,0.010562888,0.0066005243
94327,0.0011414954,0.014710947
45106,0.01020857,0.026426857
149138,0.010235038,0.002602302
9080,0.005050925,0.0036720806
29638,0.0010194058,0.0016998634
29532,0.00783348,0.0046749446
73312,0.00212675,0.00034748588
52813,0.015727792,0.020407327
18014,0.0033339858,0.014912864
63970,0.0088433875,0.008341368
44016,0.001625585,0.004438769
1466,0.0066338214,0.014707105
33536,0.0050603165,0.021548394
125549,0.0018654952,0.0015564294
96913,0.0077010384,0.008636775
139906,0.0002552783,0.0018714719
117349,0.00011099058,0.0062782248
129044,0.0033664291,0.004717099
71609,0.022695867,0.014955553
49574,0.016567627,0.13988
7715,0.00113125,0.013744049
95959,0.014564524,0.001833052
73006,0.0056741796,0.009400901
47590,0.0027807404,0.005661373
89640,0.004376871,0.0039141253
146714,0.006956548,0.011223707
18562,0.004236425,0.0029779626
122708,0.004477189,0.0015461841
116175,0.017654331,0.004181783
81449,0.012514615,0.014086411
103174,0.17844602,0.08679455
40890,0.0016016794,0.0032503163
55192,0.0031324956,0.020385128
12033,0.0070735146,0.0064895335
108133,0.006498925,0.0031188352
17432,0.0023888587,0.010963308
20301,0.0010902688,0.0069599627
13481,0.016726281,0.020129424
48689,0.0010441652,0.014869322
7207,0.004738444,0.015317553
88683,0.004261131,0.12341085
73296,0.0024648446,0.009311256
139028,0.013327406,0.0022676226
134401,0.003021505,0.0025788234
36384,0.0046633114,0.008921934
117557,0.0024810662,0.0048673637
124147,0.009600685,0.011417941
13262,0.0014420237,0.005669911
52831,0.013110547,0.022339841
27593,0.00786667,0.0007158892
141506,0.00017673112,0.013220685
99703,0.010638873,0.014768148
14369,0.0058210287,0.00016477829
4828,0.019711928,0.08087723
49986,0.003621708,0.007876063
78585,0.020387262,0.017275257
126041,0.008353323,0.011253592
102477,0.0032110426,0.00014599529
81322,0.002017467,0.006037887
33122,0.0032904437,0.0065339296
119382,0.010976114,0.0005011651
59499,0.005838104,0.0029822313
145781,0.01565394,0.004165562
101892,0.008407963,0.007561873
52388,0.011396171,0.002452038
50518,0.007235732,0.0025365616
15514,0.005304496,0.00615827
26712,0.024858473,0.018216114
146336,0.013120793,0.00041066512
145891,0.011312501,0.010038671
102734,0.0027655864,0.007387063
130184,0.0011756463,0.0025011299
23765,0.0035431606,0.021973573
28725,0.000984401,0.0013609153
107637,0.007672011,0.031864546
122342,0.0063384157,0.002764519
16549,0.022354355,0.009087567
145702,0.005631758,0.088459305
129928,0.006109604,0.017860092
88006,0.004914748,0.021273052
11335,0.014930367,0.0039516916
16401,0.004881024,0.012602552
124250,0.0030291888,0.00650234
24444,0.00039700474,0.005314741
53166,0.0063606137,0.0008725567
9430,0.027771551,0.071221225
33659,0.0076651797,0.0004593302
99844,0.0039008919,0.016827025
46716,0.0050440948,0.00044652363
84024,0.0040904293,0.005879938
45683,0.008127925,0.0010569718
45089,0.0200338,0.005831274
122175,0.017758492,0.0046701417
15154,0.0032375096,0.0049826233
70149,0.004603441,0.011295452
138572,0.012034794,0.0052285097
90552,0.0072058495,0.001326764
89696,0.0098798685,0.014106902
144203,0.022098225,0.0066483356
38038,0.01889572,0.009619468
44323,0.00055111083,0.04494565
36658,0.002017467,0.011964783
137529,0.0021867277,0.0040268237
89728,0.00051653304,0.004141656
32479,0.008476692,0.0073435213
99817,0.012630727,0.009872185
32938,0.009560985,0.016726922
74869,0.02875297,0.0075076586
45103,0.034200467,0.035448693
131775,0.0011794883,0.0020548198
139229,0.008613563,0.103441894
27530,0.0074022165,0.008917239
41869,0.0035431606,0.014381177
70717,0.013363265,0.0057971235
131093,0.0010860001,0.023442067
74217,0.0046376986,0.0002885755
51369,0.0053386465,0.0059533627
65578,0.0054808,0.0062765162
8151,0.008515539,0.018340765
41988,0.019921957,0.0016196086
122456,0.020387262,0.031133717
70137,0.0067603933,0.01722147
33867,0.022859791,0.00320592
99373,0.004127142,0.01950873
122943,0.018378334,0.002026005
106363,0.0039393115,0.0061010667
52231,0.0039435807,0.006604793
50360,0.0031060285,0.0017595207
108457,0.00059081137,0.0025485144
62168,0.002414472,0.0075601656
3368,0.009456398,0.034747314
8703,0.025445018,0.0040972596
74343,0.012953881,0.017317519
50066,0.0027969624,0.010210279
110867,0.00685751,0.0034227786
3349,0.024919093,0.029857323
101559,0.003027481,0.0031982358
590,0.0018228065,0.016084243
101100,0.009453836,0.02576604
16911,0.006443857,0.025100091
25785,0.036134057,0.15226644
84339,0.006603086,0.025036914
80616,0.0028797786,0.014193133
24416,0.008929619,0.008693123
126786,0.0012943209,0.0004798208
61349,0.0037352596,0.0027867171
66091,0.01108625,0.035558827
39132,0.006090821,0.024097765
76723,0.011184435,0.05554313
110658,0.009353944,0.0047162455
73430,0.003938458,0.0054647923
149444,0.00047469814,0.0203164
75838,0.0061915666,0.00975778
121022,0.014248627,0.003224703
137040,0.01307042,0.0014906888
66321,0.0054171938,0.009483718
70535,0.015717974,0.009688623
28687,0.009819678,0.0033450848
16011,0.00525583,0.002002099
36040,0.0012687077,0.00932577
45828,0.0047751563,0.0075012553
51627,0.0053313896,0.0017792643
147825,0.010712298,0.008890345
51657,0.0063465266,0.010383595
20947,0.0022309106,0.0041510477
81783,0.013857333,0.01144078
37133,0.0029779626,0.004379005
45580,0.072665185,0.03827767
139628,0.015833233,0.017665433
6816,0.005043241,0.01696619
36226,0.017638111,0.008061332
133391,0.024726141,0.016495334
14597,0.012271715,0.015257364
41540,0.013544265,0.0042663068
70588,0.038625583,0.012484732
14806,0.006186444,0.007858133
91770,0.00721284,0.04105009
140447,0.0016272926,0.052182674
70438,0.0017135238,0.015331215
143407,0.0014684907,0.00402042
98536,0.0033911886,0.028425543
83833,0.010894151,0.007873501
8614,0.0056451513,0.002089184
129034,0.0129526,0.0039542527
123837,0.0032033587,0.0016648587
42430,0.0034868116,0.015455864
29565,0.004406326,0.007858987
139754,0.028482746,0.118534856
62638,0.0032784909,0.0018151228
35583,0.0002066132,0.0038838163
82538,0.0006603938,0.021930672
105972,0.0050705615,0.020300178
131953,0.012063821,0.00061813206
119185,0.00853603,0.02034244
88504,0.0064220857,0.006673949
131014,0.010667048,0.014029209
131044,0.020846166,0.006439161
113776,0.001226019,0.033655763
88131,0.008186836,0.027998233
62028,0.008606892,0.0073147058
65095,0.0055964864,0.047980398
137636,0.014803795,0.025117809
69501,0.0014155568,0.008281604
114040,0.0026381605,0.0007590048
121836,0.0015453303,0.0016418068
65517,0.0019559953,0.014306685
100591,0.007851303,0.009340283
28762,0.0007735189,0.004650505
137921,0.0051866747,0.0020678397
62527,0.0051166657,0.0037134886
14418,0.0026057172,0.0068225055
35759,0.0055557187,0.0161423
50933,0.0022257878,0.013974568
43526,0.004857972,0.064208955
101093,0.0036402778,0.04049535
83930,0.007883746,0.0054641515
139522,0.0035164268,0.023678988
127921,0.026292818,0.0035354767
135713,0.01713097,0.0008162076
11168,0.013706483,0.028887436
146613,0.0014232406,0.0094248075
7787,0.009356506,0.0040272498
33183,0.005518793,0.0042680143
8997,0.01626268,0.012549618
15175,0.019443415,0.13852243
138155,0.010797034,0.011183367
48169,0.009979334,0.0024921652
48087,0.00614034,0.0025109483
97863,0.00020832077,0.0022761605
107098,0.0006070331,0.005752727
63735,0.0024605757,0.0026347456
11430,0.008542006,0.028746566
45429,0.017120725,0.011652304
122270,0.009152453,0.00662443
24014,0.007526015,0.03566811
68692,0.00290966,0.004926701
64092,0.007871793,0.017388808
95371,0.004404618,0.008681171
57889,0.015547219,0.0049996986
127235,0.016113697,0.020289078
75323,0.012736169,0.007305315
66835,0.0080455365,0.024415795
62422,0.0015530143,0.011133208
64681,0.037571173,0.008764413
22310,0.023827119,0.0057236985
17975,0.0050953208,0.008168053
114431,0.2310469,11.855472
74752,0.06277419,0.1344373
7604,0.0028217216,0.0011773539
59592,0.009625444,0.03447325
42092,0.007414597,0.048382945
138179,0.009140502,0.003074439
130642,0.010677293,0.017245376
37802,0.002138703,0.004320095
61174,0.0014061652,0.0031060285
63495,0.010091605,0.0079529025
130737,0.016109,0.009099521
89191,0.0362871,0.026677867
93069,0.00015965567,0.010489463
2610,0.012800628,0.00043798584
141821,0.02973694,0.006370859
122172,0.0034424153,0.009898652
97481,0.002878071,0.0058799395
24203,0.0068028676,0.01755615
143772,0.014734426,0.00024076414
34143,0.0026851182,0.048858073
76019,0.013618545,0.02023017
136461,0.0026799955,0.00043286325
126756,0.0055828257,0.008804114
93222,0.0033252349,0.021138156
51779,0.09331821,0.1046581
29860,0.013336797,0.02299554
134416,0.0055392836,0.008965477
52785,0.0017989011,0.00031418868
128555,0.003892781,0.0040716464
36033,0.0009861087,0.010405794
116826,0.0339755,0.000951104
30879,0.0054112175,0.010084774
27246,0.0054530525,0.02053155
142903,0.0032127502,0.022646347
26145,0.15508959,1.4394748
115624,0.0047162455,0.015938673
71335,0.00678686,0.050856333
119906,0.00046936207,0.022572068
71074,0.0020678397,0.009343699
49497,0.008292276,0.028926708
42885,0.0037261883,0.006581848
145051,0.0024797856,0.0005865425
78912,0.021769093,0.0011103327
67761,0.014390355,0.0037254414
7714,0.0044746273,0.0045343917
118634,0.017162558,0.02435048
78219,0.0013745755,0.009154589
58735,0.0035978022,0.083990104
90402,0.0011432029,0.010269189
8906,0.023392547,0.040523525
119373,0.04052609,0.019718759
87783,0.02894859,0.030630203
41747,0.0025585461,0.024279831
45966,0.001346401,0.04327695
100493,0.022041874,0.007058147
80984,0.016882522,0.016216578
112520,0.0043935194,0.006155708
47569,0.0024827737,0.007046194
129745,0.013272764,0.011212611
30573,0.005581118,0.014259728
53650,0.017564686,0.004123727
30740,0.01366294,0.00023564154
82484,0.037512586,0.042397562
69374,0.0069019063,0.021268357
47935,0.004164281,0.039216824
19138,0.0071537704,0.00962203
13094,0.005263515,0.00042603305
120948,0.010313585,0.0026082785
53511,0.006129241,0.023647826
11886,0.007883745,0.004471212
72804,0.006546736,0.001523986
143744,0.025630286,0.0381321
137895,0.03446813,0.2948615
118024,0.0004857972,0.012567548
123309,0.008174883,0.02971944
66748,0.008578718,0.002907953
22505,0.05674183,0.020377018
44352,0.015083619,0.010923179
127329,0.0020985757,0.020690352
118903,0.0058637173,0.019562729
93885,0.004579642,0.018847909
14946,0.011596808,0.0066910232
11108,0.0040784767,0.0020251512
67859,0.00039444337,0.013804667
62856,0.003938031,0.013313319
19429,0.17467465,0.20852154
92848,0.010298218,0.0061198496
121454,0.15289451,0.006581741
63540,0.0139668835,0.032883953
74144,0.0010173245,6.1160135
3424,0.003478274,0.01529877
143167,0.019329436,0.0064408686
122301,0.006756765,0.00703851
47780,0.011324453,0.0035662125
10314,0.011546008,0.006838727
106887,0.010684122,0.0045702504
123321,0.009748388,0.0019329436
145997,0.030171514,0.009318085
75094,0.0013779907,0.0062197414
7494,0.0038940615,0.03824907
69075,0.0032870285,0.011168214
110443,0.00058312743,0.015684675
139574,0.0037805098,0.0059866607
59580,0.0058842083,0.013685993
91366,0.0013340213,0.002277868
119000,0.01807738,0.01496836
79345,0.017738644,0.0435175
146177,0.00023137266,0.005263515
18746,0.018076096,0.0059149438
125354,0.0028960002,0.005559774
36875,0.0027235379,0.00020063682
142578,0.008794722,0.006187298
126495,0.00736209,0.012786114
86386,0.0017946322,0.014157275
77226,0.0033452986,0.00019700827
11039,0.1665884,0.027044138
96002,0.020585766,0.011584
122953,0.006537345,0.0037472125
104754,0.0060856985,0.0006010567
138657,0.009127694,0.013422175
130738,0.0010322123,0.021547114
14162,0.0012712689,8.153538e-05
52452,0.0068438496,0.008033156
132179,0.001991427,0.016044114
133144,0.0043397313,0.012447166
2732,0.0051986277,0.005458175
94258,0.0051461207,0.02317398
46898,0.0054112175,0.01481895
9226,0.009224171,0.009178067
85772,0.015832752,0.10646176
17089,0.0007045767,0.022181466
35259,0.0076668872,0.019933056
79365,0.0014744671,0.0002535708
121785,0.0198417,0.0070760767
133254,0.0060677696,0.014091535
46354,0.0062069343,0.008226963
92670,0.0015325237,0.014729303
88455,0.013720997,0.008946695
131580,0.37891534,0.08413696
108851,0.00237904,0.03571165
23659,0.0031512785,0.018661357
136147,0.0009826935,0.004767472
81688,0.0050022597,0.0125965765
30001,0.02019559,0.0013421322
79753,0.009915727,0.014642218
119896,0.0015846039,0.018526888
31055,0.010599599,0.002085769
60667,0.0010714859,0.0048827315
116331,0.010973553,0.0154584255
58614,0.026651401,0.0015017878
70047,0.0042663068,0.006442576
55751,0.025674684,0.06229052
13018,0.005587095,0.030632548
9095,0.027859494,0.02758543
27430,0.0067943307,0.018006941
49473,0.0057087042,0.0018763811
125912,0.015106511,0.017880637
81674,0.0050270194,0.00012038209
40164,0.00034236317,0.01637111
76873,0.0009086819,0.012070038
41791,0.002199321,0.00067789626
47241,0.0046061086,0.00092890573
118996,0.017451135,0.009666425
130201,0.005139718,0.02444354
60160,0.021440392,0.009057258
58277,0.004236425,0.0072519532
110349,0.0057621184,0.03252622
79487,0.0194225,0.046300165
15782,0.0033126418,0.0010014765
130678,0.0046370584,0.0039297068
101462,0.011416661,0.016073996
22318,0.012688783,0.13667603
64486,0.001950019,0.010324685
37739,0.0019756323,0.08344796
141742,0.0036353683,0.016266951
127093,0.0040520094,0.020307006
59339,0.0047956468,0.00049476186
2661,0.005765534,0.004153609
115432,0.02766718,0.11415214
136789,0.015223425,0.008052153
106493,0.0059234817,0.029970877
25539,0.0019824624,0.021435697
67196,0.00015709436,0.009107203
117621,0.0019158679,0.008565057
142842,0.0029361271,0.0010202596
95392,0.0067635947,0.0022163962
21852,0.010591062,0.039440088
137565,0.0044071795,0.010504832
45097,0.4186421,0.6901575
5649,0.02162865,0.046722785
132649,0.0011850378,0.01657004
13954,0.041959573,0.031698912
93929,0.0049495394,0.02672376
73386,0.0007180236,0.0027790328
74344,0.02107882,0.020328352
136069,0.0021788303,0.0076600574
97800,0.007443199,0.0021754152
28356,0.009394445,0.051110547
114556,0.008399853,0.011297987
33746,0.010247844,0.0048135757
89828,0.008551397,0.023345588
144393,0.017836187,0.005258392
86146,0.007454298,0.00040682315
117015,0.005328935,0.007170738
36735,0.0084088165,0.013360704
17132,0.00790509,0.0002911368
115808,0.008157381,0.009755432
36541,0.016408676,0.022087127
58653,0.004435354,0.013857599
7331,0.015087035,0.0060558165
113276,0.006287189,0.003243059
85811,0.029263949,0.003266538
26591,0.0006616746,0.011398731
96700,0.00817659,0.009127694
76163,0.0009596416,0.011645899
145487,0.06154923,0.07122753
87162,0.0064929486,0.003136764
91418,0.013973713,0.005031288
12694,0.007438076,0.04052011
88531,0.010436529,0.011085611
56141,0.013194219,0.011875992
27712,0.014516713,0.017483579
138134,0.007760803,0.0052575385
138911,0.012302023,0.0017775567
94975,0.011113144,0.012440336
83339,0.01994522,0.0078088273
84885,0.018205978,0.014574557
82123,0.016159374,0.0145850135
65264,0.006732005,0.001927821
18447,0.002478505,0.024435855
67735,0.0014409565,0.027693646
8324,0.006955694,0.012394232
17478,0.0036558588,0.0014821511
139150,0.007926434,0.004688925
34469,0.0015760662,0.013271912
32045,0.0012874906,0.009428649
10928,0.0069932602,0.041792233
84598,0.042702362,0.04152927
112199,0.007238293,0.0032289715
97573,0.034319572,0.019359743
69771,0.00019039153,0.001734868
41590,0.00062069343,0.013002118
94404,0.008390034,0.009286496
14467,0.0070897364,0.0039367503
40235,0.009527261,0.0042466703
101812,0.003608047,0.006352076
57091,0.0012576086,0.0056246608
94128,0.0070935786,0.010311665
6167,0.013554084,0.001448427
99712,0.004953595,0.00013404246
71636,0.00016307077,0.03706062
6307,0.009271128,0.0041510477
100627,0.0010117217,0.009827789
46753,0.014678077,0.031514924
148093,0.008266451,0.009293326
134439,0.007600293,0.018788997
103815,0.0059977598,0.012953026
53694,0.0007197312,0.0060933824
5468,0.0039324816,0.0073048873
77957,0.003489373,0.004560859
64677,0.023482192,0.029861594
81557,0.0007590048,0.004391812
102772,0.0062410855,0.016465025
98050,0.001082585,0.020404339
31627,0.0068327505,0.0036883021
19250,0.003526939,0.0038342974
19280,0.011186996,0.007645543
91421,0.0064058644,0.0065757646
108165,0.004648797,0.0543154
6682,0.0072562224,0.014387794
33116,0.0037403824,0.0250224
139902,0.009684355,0.009681794
132120,0.0065996703,0.026793983
26481,0.0077761705,0.011155406
148948,0.0012068091,0.008968893
625,0.017527122,0.03396483
112980,0.002195906,0.0050483635
111205,0.014672101,0.015132285
69176,0.032811057,0.012829016
78464,0.03536246,0.11612891
24733,0.0022821368,0.027620433
126037,0.039602302,0.0046180617
75593,0.0029480804,0.00509276
58998,0.014706572,0.014623222
30659,0.0015069103,0.002014052
62766,0.0029792432,0.013105426
127358,0.040292047,0.050942995
34761,0.0031239574,0.01581701
7719,0.0026834102,0.008443821
84986,0.0012849293,0.0047743022
131384,0.010019888,0.03048058
115295,0.00609509,0.0070257033
27631,0.002895573,0.0032110424
29766,0.010834387,0.03735944
39365,0.027229406,0.016555952
37893,0.009952012,0.018067347
139971,0.003293005,0.006370859
20897,0.0003312642,0.00074449065
41571,0.0017195002,0.02642259
129755,0.013436691,0.062473226
71085,0.006958255,0.040168352
126557,0.011026488,0.0069795996
19422,0.005050071,0.007426123
23134,0.0027150002,0.011066614
90438,0.016164497,0.021462165
9806,0.011540458,0.0012068091
38782,0.010969285,0.03475073
10427,0.016072502,0.02530756
10285,0.0035371843,0.008070723
32363,6.424646e-05,0.036711104
110273,0.00013062736,0.0038453965
1248,0.002588108,0.012069371
44137,0.00088536326,0.0023111652
27322,0.010738338,0.008038706
88407,0.0039393115,0.0004542076
71186,0.0129935825,0.016798852
90397,0.032200933,0.027366864
79995,0.0007257076,0.00023820285
44282,0.00017032782,0.028485948
122549,0.0063516484,0.03655283
23467,0.0036148776,0.03865888
88369,0.01773288,0.0016810803
149206,0.0016648587,0.0030232125
110315,0.0018987926,0.008828021
6692,0.008109996,0.010275166
103653,0.0024178869,0.0020644248
15438,0.024540443,0.014704544
18369,0.017935654,0.01449473
139527,0.019538183,0.009239965
131163,0.0005600755,0.039141268
52256,0.00554526,0.00035431606
66973,0.0044455994,0.023546224
114532,0.009324917,0.021920212
52603,0.02155608,0.0034671747
18311,0.051316094,0.17577772
59012,0.00477601,0.004809307
39876,0.010051478,0.015175827
58006,0.0008614576,0.01252059
126874,0.005421463,0.019875852
111974,0.0069855764,0.015277428
61521,0.0031922592,0.017154874
29959,0.007713845,0.0005190944
93612,0.0036848867,0.0016290002
26121,0.0022172502,0.007738604
11013,0.00505402,0.091439895
55134,0.010919765,0.0034005805
136312,0.006420378,0.003194821
79756,0.008094628,0.017086573
13182,0.0061004255,0.005400546
2446,0.008148417,0.02844262
123364,0.008836557,0.004937373
101692,2.4759436e-05,0.0035978018
93061,0.0023521464,0.0077923923
125856,0.007813737,0.39320925
17042,0.00038665274,0.014344465
40115,0.0035149863,0.021342635
127131,0.007847887,0.0048340666
146717,0.005303642,0.021213716
52136,0.0061582695,0.0002228349
91620,0.0069001988,0.06302648
32409,0.007880331,0.0045617125
108068,0.016878678,0.0074188663
107889,0.033727482,0.013362838
133766,0.0051994817,0.0067951847
2671,0.031202873,0.0045356727
97244,0.00020832077,0.0041612927
43483,0.011277495,0.014286195
76315,0.038217694,0.037049517
31508,0.09443367,0.028901363
933,0.0016614435,0.09291549
60199,0.01047068,0.010487328
20118,0.0013327406,0.005897869
66927,0.0028629166,0.0058414126
65410,0.013269349,0.012835632
13451,0.015706874,0.0039358963
120737,0.0021197065,0.0025683646
41258,0.0058291396,0.0039070817
22751,0.018421018,0.016419776
68482,0.0034646136,0.0109137865
53336,0.006007151,0.0026245003
27813,0.0009673255,0.0012627313
141884,0.005095321,0.007438077
117380,0.00011440567,0.033074345
49401,0.0046364176,0.0070957127
17071,0.0011338113,0.006997529
78084,0.0027747643,0.022520842
73708,0.0022531087,0.0061420477
128919,0.0078291055,0.0021216276
90489,0.021571446,0.009171236
24514,0.018251121,0.012788676
133758,0.0020552466,0.022182321
102796,0.022749655,0.013372658
53769,0.008039988,0.007344161
88254,0.0034168023,0.015469525
63491,0.023858493,0.032820772
23243,0.0027662267,0.0004542076
57378,0.002587788,0.0038539344
58720,0.007924727,0.0011073444
22918,0.0063017034,0.0005540991
46361,0.005805661,0.0056711915
86902,0.000433717,0.001516302
10077,0.008405401,0.0034074103
146229,0.015347329,0.1518612
94254,0.01018808,0.28866744
140458,0.0012435213,0.009032072
62757,0.0003987123,0.0032614153
86189,0.013627083,0.012137248
61157,0.0064442838,0.007384288
43974,0.0005481227,0.0087605715
126379,0.012231162,0.0027431743
138169,0.014858223,0.005623807
149356,0.006556982,0.0011534482
6381,0.0059209205,0.013738926
44574,0.0046949014,0.003496203
105657,0.0067029777,0.016838979
118750,0.00023308021,0.0011508869
75382,0.0067776823,0.018818239
123862,0.009093116,0.01850981
66365,0.023684751,0.0074505624
63280,0.00026808493,0.0011329576
121719,0.0036985474,0.021088853
82704,0.016346032,0.008331337
21763,0.0036541512,0.016779214
108575,0.008515539,0.0013506699
28142,0.014952138,0.0058218827
83664,0.0035226701,0.026375636
21225,0.006496364,0.0019047689
116002,0.0063324394,0.0189367
99538,0.015778592,0.021842947
115705,0.0047051464,0.026957905
106195,0.012681634,0.16512649
77599,0.008626529,0.009295034
73,0.004669288,0.0011696699
88895,0.008186837,0.017171951
145233,0.00821928,0.011362873
28656,0.013793567,0.003213604
89501,0.0006966793,0.015591615
53518,0.0041924557,0.0025993139
64556,0.01150204,0.0105342865
283,0.006695293,0.015783716
33288,0.0069889915,0.008993652
97671,0.0033986594,0.019575749
135994,0.0023026275,0.0015922877
67373,0.005600754,0.00038505186
17243,0.0013916511,0.008418208
134936,0.0023547078,0.0015598445
34941,0.024249949,0.01640526
139371,0.0033741135,0.0016605897
46987,0.009651057,0.008432723
137885,0.113160305,0.38139662
7109,0.00033297171,0.0020089294
64701,0.00036797643,0.0076481043
8760,0.013417907,0.0009003043
24145,0.0028729478,0.019476283
43739,0.016978145,0.010319563
45333,0.0015342312,0.010342613
148910,0.015189007,0.022557687
81691,0.0016585619,0.02506957
60901,0.006446845,0.012629019
57952,0.0073091565,0.0021711462
37828,0.0029899154,0.0034543683
107728,0.00672859,0.011759878
116847,0.00012038209,0.005777486
137157,0.0043926653,0.017610788
145369,0.0088228965,0.023426699
98369,0.0054487833,0.022993833
99164,0.0013370096,0.020802196
36853,0.00025186324,0.053320117
45560,0.00816976,0.0039119907
15151,0.0010450189,0.01594593
141279,0.013736364,0.010880491
83412,0.009202826,0.0005233632
149267,0.0025433917,0.002949788
35783,0.004628307,0.01227812
35078,0.005956779,0.026233908
64116,0.011283899,0.013253557
46897,0.0056238077,0.017521147
39794,0.0038868047,0.00061300944
148407,0.0031410332,0.001988439
81543,0.0029826579,0.017644515
80088,0.020174673,0.030065643
137073,0.001863361,0.007804772
109829,0.0037062315,0.0024042267
97242,0.008335392,0.01273318
23697,0.016348273,0.0023322962
70120,0.002240302,0.0045736656
127555,0.0041894675,0.002508387
126365,0.002650967,0.0017976204
40531,0.0031205427,0.006329878
126459,0.0068105524,0.008594085
74857,0.0077078696,0.014422585
76925,0.01061406,0.025736688
87236,0.00086401886,0.0021429718
76879,0.0017587737,0.0027517125
104492,0.01033066,3.6712267e-05
46733,0.00031418868,0.0064067165
74010,0.00035516985,0.004591595
26832,0.0076856706,0.0030693158
7224,0.011878552,0.00952043
16230,0.0007735189,0.010684976
78802,0.00021002832,0.0015624058
121503,0.009679233,0.0020020993
120728,0.008398571,0.0048255282
16764,0.036398087,0.059277333
148113,0.017390518,0.009767171
9016,0.0058603557,0.037776224
140219,0.014368157,0.011214318
25363,0.009254053,0.011417942
92935,0.011443129,0.014017256
42926,0.0070931516,0.00761993
124390,5.4641514e-05,0.013499016
6851,0.004489142,0.011417515
64464,0.0040451796,0.0009101227
111407,0.0069988095,0.012649084
75063,0.011203217,0.0030855376
83285,0.0049027954,0.020867508
27829,0.010806506,0.004257062
68010,0.0033911893,0.0076984777
85516,0.013068714,0.015659917
108543,0.007550774,0.024598928
114609,0.026740193,0.023758817
73176,0.0068532415,0.0056869867
114276,0.0066470546,0.0049194433
40608,0.0077121374,0.0041109202
125819,0.007290374,0.0285741
123143,0.010114656,0.008152258
25862,0.005464152,0.0068639135
96801,0.005601609,0.09693934
68053,0.0066514304,0.0039425134
109481,0.003344231,0.0029736937
95262,0.015944224,0.0036797645
7463,0.018119639,0.018266488
66867,0.009289911,0.0006685047
138638,0.012025401,0.01254535
12621,0.005551236,0.026004242
19441,0.004205689,0.00522168
80576,0.03478445,0.048100777
10987,0.0156133855,0.007970405
21056,0.017472478,0.003497057
13833,0.010842925,0.04375506
15532,0.0018817171,0.0034560757
115056,0.0052840053,0.006441722
87610,0.00464026,0.0014881275
37101,0.0023056155,0.006916847
147907,0.028040487,0.017013147
91013,0.06009247,0.06445436
13731,0.00093488215,0.0008606038
3550,0.0010151368,0.0057800477
119380,0.0035277926,0.0067055384
85978,0.0027508587,0.01918942
110102,0.020186841,0.09038324
107767,0.03279516,1.038188
89894,0.007755253,0.008647873
93280,0.008567192,0.26432738
14591,0.010218817,0.0075951703
55416,0.014817001,0.008138464
51399,0.051478308,0.0026688965
73683,0.0028908777,0.0007222926
3413,0.0033877739,0.033198997
86970,0.008466019,0.0055555054
102834,0.016563209,0.020803904
45046,0.043256454,0.014103487
70368,0.0056630806,0.016671639
64480,0.015131431,0.010401524
104190,0.0017070404,0.16362493
118017,0.010457019,0.011139184
82833,0.007942656,0.003802708
37250,0.02877004,0.132437
87070,0.0020644246,0.012932964
5165,0.0008008397,0.03481519
54394,0.012042479,0.028384563
144715,0.0001784387,0.009522137
51523,0.009763756,0.0033741135
37359,0.0035226701,0.0049937223
96360,0.0139455395,0.0014454386
40245,0.0006186657,0.035349336
70304,0.0031999438,0.011946855
100156,0.029191379,0.0031470098
117756,0.0021609012,0.0044148634
119088,0.023291536,0.0042083035
122071,0.040615734,1.0245284e-05
32099,0.009771439,0.008915958
67358,0.0013566463,0.0062496224
48119,0.0027363445,0.013462304
12338,0.007691647,0.0016648587
37987,0.007775957,0.02521941
75674,0.0015692359,0.011102472
148272,0.010168444,0.0057954146
93768,0.000252717,0.026120355
74337,0.010797675,0.01589812
4437,0.0070453403,0.0030377267
33178,0.007650666,0.010795968
26584,0.019866461,0.0071341326
76170,0.002455453,0.007082906
139809,0.019224424,0.014804435
108804,0.005076539,0.005865425
74629,0.00021856606,0.0010048916
19456,0.0029147833,1.2806603e-05
37303,0.0007607123,0.0056750337
98736,0.03015017,0.011473864
29431,0.0054393914,0.011356043
25870,0.011959234,0.003493215
83088,0.0050654393,0.0111434525
102780,0.0033928966,0.008664096
18490,0.0035376116,0.005514951
113360,0.0044345004,0.026157923
70153,0.00010159905,0.009435053
59198,0.01637794,0.006714076
102149,0.016634073,0.0024452077
130052,0.00018441511,0.0063845194
149914,0.09638312,0.045580003
129041,0.00392309,0.02092087
5796,0.004386689,0.013957492
11257,0.0068139676,0.013936148
104977,0.009938779,0.0016170474
31354,0.010182957,0.04069172
99141,0.035954975,0.081317775
30759,0.026402956,0.016802268
63822,0.005847496,0.0033015427
107077,0.013275325,0.01792754
121674,0.009807725,0.019438291
63461,0.061633114,0.039296225
24714,0.007069246,0.005386458
100592,0.008513831,0.002836236
56022,0.004569397,0.01942506
75894,0.008158661,0.025231574
27309,0.0048517287,0.018052459
4667,0.0024426465,0.0015752123
41924,0.0036029248,0.015346583
148058,0.017087322,0.0040018507
82126,0.00770616,0.0003368137
75050,0.0029216134,0.0062607224
37528,0.00399566,0.0027239644
12534,0.011506307,0.008827167
146037,0.0068566566,0.0022232267
92664,0.0047128308,0.012585478
69197,0.005544406,0.016945701
47200,0.03095314,0.11900359
108008,0.016157025,0.007901035
95070,0.008419916,0.006163392
86555,0.009881577,0.0046419674
80872,0.0011619858,0.0052729063
103629,0.0042705764,0.01898622
82829,0.04378068,0.012740011
85761,0.018218676,0.012034793
104708,0.008441261,0.011109303
121832,0.024431586,0.06459486
61513,0.010277728,0.0027696418
100789,0.015111794,0.026399538
69108,0.013559634,0.030467773
30300,0.01313787,0.0005762972
100868,0.010119779,0.011525945
6422,0.006085912,0.0121914605
27195,0.003043703,0.0027704956
100972,0.025365831,0.030941404
82304,0.0015470379,0.06441045
83324,0.0056336257,0.0052336324
51490,0.014847124,0.00242984
149493,0.026478088,0.02595216
63072,0.033771023,0.014314796
26836,0.018921437,0.08953336
37613,0.015449034,0.004102382
76675,0.005928605,0.0057292483
82537,0.028584346,0.025101801
45272,0.0010159906,0.0114158075
38166,0.0014693442,0.0025348538
31369,0.0052780285,0.018471392
58117,0.014881275,0.032056645
90874,0.0054274397,0.002142118
135344,0.0001161132,0.02567127
90692,0.010412622,0.023531709
129448,0.0034727242,0.00037694108
73103,0.012923572,0.008559082
57531,0.01645798,0.004436421
17921,0.0034168023,0.015476355
98324,0.005456894,0.0073006186
1623,0.0014855661,0.00878277
55251,0.0029130757,0.0055205007
78768,0.013029439,0.001606802
30787,0.0047683264,0.009574644
28755,0.0042441087,0.013156652
57892,0.015085754,0.018625926
61154,0.011134061,0.0024084954
10582,0.0034065568,0.0055008642
51296,0.018072255,0.009214353
27895,0.052818734,0.067719676
113562,0.005345477,0.006552713
35893,0.00162217,0.0068882457
122274,0.026856305,0.01543324
19829,0.005470128,0.008857902
91857,0.0061770524,0.014084704
82947,0.006137779,0.016825318
133582,0.013878091,0.027131222
38163,0.011764148,0.013174582
131051,0.00464026,0.0056067314
51547,0.022876227,0.06734167
79437,0.001226019,0.003960656
47496,0.005066293,0.017985595
120491,0.016751466,0.025401477
35768,0.005332243,0.00868672
52335,0.024791026,0.0043431465
47532,0.0011099058,0.0042278874
107435,0.002156632,0.013888336
58428,0.017982185,0.006567227
86598,0.011222,0.020546064
55449,0.005608439,0.008819482
79482,0.0022112739,0.015571124
73530,0.0040639625,0.0049049295
81098,0.011815375,0.020115763
119850,0.056472037,0.005514097
63132,0.0006591133,0.0028089152
99536,0.011431174,0.017264158
25347,0.0061010667,0.0031487173
26690,0.0040152976,0.0028413588
144084,0.0035320616,0.0009306133
16078,0.034031905,0.11165453
9710,0.0048024766,0.00021258961
61121,0.008317383,0.21542907
8131,0.015503676,0.0024541726
104258,0.009608368,0.043142904
118673,0.0010800237,0.0044754813
129608,0.0042099576,0.0065424675
55711,7.42783e-05,0.002742321
32285,0.007384715,0.003083937
100420,0.0054743965,0.0013506699
39344,0.018567443,0.009847425
117476,0.0027132926,0.04417384
110756,0.0028720945,0.0012482171
149805,0.0054778117,0.0033245946
85624,0.005006529,0.010133439
126494,0.01365056,0.030604377
73724,0.021219691,0.0042876513
57187,0.0004729906,0.015700899
21926,0.0006138099,0.015093011
13048,0.001923552,0.0009750095
64755,0.004019566,0.002089184
146243,0.0013387171,0.0025207668
16050,0.009954147,0.014577331
30458,0.0048914826,0.0005380908
116836,0.005260953,0.0028055003
140495,0.00073552603,0.022176558
29830,0.019090379,0.017763617
126578,0.004010175,0.0082466
38447,0.0041279956,0.0077847084
73331,0.0054171938,0.004054571
74487,0.006764449,0.03545211
62233,0.043363612,0.028950617
8148,0.018907672,0.008005835
23159,0.009369312,0.0025357078
59565,0.005497662,0.012544923
129916,0.011642057,0.006066062
14787,0.018367657,0.0006655165
64850,0.0019521535,0.054002922
64013,0.0072502457,0.007788977
68110,0.007404779,0.024100326
7915,0.0030266277,0.010950502
74880,0.0084694335,0.0046155
76849,0.00084395526,0.012381425
46960,0.002648406,0.0065800333
68544,0.00032528775,0.006352076
68534,0.03247371,0.05102154
21577,0.0060788686,0.015490869
93802,0.020209892,0.008037426
88528,0.002195052,0.010921473
124278,0.00949311,0.00518326
68015,0.0016511983,0.008496756
32658,0.01894609,0.011570342
8248,0.0018283561,0.014489819
143968,0.0003404422,0.0009634836
37928,0.0064681894,0.015243702
95357,0.0036643965,0.008875831
63967,0.018198187,0.019345658
133105,0.0034253395,0.004915175
41983,0.0075823637,0.009813274
144419,0.00595934,0.02002526
77720,0.0075985864,0.0043576607
51395,0.0010608137,0.0044332193
16457,0.010520091,0.07008891
19352,0.0127950655,0.026496734
5319,0.013111401,0.013222392
58955,0.02092941,0.03811503
99379,0.008799846,0.011678771
84331,0.010210493,0.006725816
65221,0.00889376,0.007611392
34683,0.02062632,0.010365666
108125,0.0064818496,0.0072220713
137770,0.0024187407,0.0044780434
2291,0.033856824,0.022412412
32868,0.0016093634,0.006629552
50570,0.0027653729,0.023743449
89276,0.0039666323,0.007502963
3955,0.008279043,0.0069659394
27661,0.007835082,0.0004567689
61846,0.042726267,0.007808187
112751,0.006778963,0.015670588
101464,0.0018731795,0.005801392
89805,0.009091835,0.029882936
93170,0.00050884904,0.0004853703
20007,0.0045181704,0.019068183
132971,0.0015760661,0.004888708
28414,0.00016990093,0.008516393
93209,0.024295839,0.04206501
66704,0.007116203,0.013504138
29171,0.009398341,0.0019098917
18706,0.0009792784,0.026223663
5034,0.024950681,0.0033169107
123875,0.006066062,0.0076626185
40793,0.01564284,0.041751254
119307,0.01837321,0.01300212
2933,0.00482809,0.002598887
31553,0.005446649,0.015828537
96604,0.005164477,0.016232798
148981,0.0023538542,0.006916421
101392,0.0049604247,0.008911691
60110,0.02086111,0.001687057
93973,0.00092549063,0.03271021
5091,0.006454529,0.0055004368
124717,0.0068634865,0.0076150205
38066,0.0031435941,0.04831507
140164,0.009217341,0.022491813
64719,8.879245e-05,0.02481664
101971,0.008833996,0.00727159
103497,0.0005963609,0.0014471463
110595,0.01116181,0.016113697
149772,0.008669218,0.039192706
131682,0.0016687004,0.0016725425
7150,0.0059757754,0.021820534
117871,0.002859288,0.0029489342
3885,0.007619076,0.004510486
10990,0.019263696,0.0020016723
51050,0.0053476114,0.02513638
112021,0.0016102169,0.006103628
30240,0.0036550045,0.00988243
138725,0.0007701038,0.010795114
139338,0.015451595,0.00058483495
43903,0.013168605,0.019472016
84519,0.0036942787,0.0033297173
13134,0.00039102833,0.0059448252
59954,0.0008281603,0.012687076
23816,0.0067614596,0.014479575
82038,0.03806124,0.10116128
114928,0.008250869,0.011099056
21195,0.011845255,0.0010697783
136587,0.011206633,0.0120373545
133348,0.01707526,0.007821207
74627,0.00741844,0.0031517055
7801,0.009173798,0.012686223
38149,0.006270114,0.0106883915
71366,0.0021318728,0.0005899575
26941,0.017222323,0.06638864
106927,0.0037890475,0.000569467
62257,0.011003862,0.12985684
79113,0.000437559,0.00025399766
62707,0.006038101,0.010186373
34334,0.0024383776,0.005368529
63832,0.0059150504,0.052211594
60418,0.017208662,0.00030650472
3833,0.0029139295,0.0069659394
51984,0.014830902,0.016254997
2490,0.013842232,0.0039760238
15671,0.013453765,0.013078958
34711,0.0055768494,0.009931096
102723,0.0028148917,0.0018992192
6575,0.0032580004,0.018213555
13728,0.013161775,0.011230538
49056,0.0030872456,0.0030155282
108084,0.04603592,0.03185814
54157,0.011236515,0.019921102
50837,0.011329575,0.026144262
90488,0.0005686132,0.0011005142
84056,0.0069232504,0.006845557
102977,0.009810714,0.0042876513
2777,0.011917827,0.021311048
94898,0.007513635,0.022288192
15082,0.003619146,0.013646718
69266,0.0041612927,0.0014565379
38340,0.0057040616,0.0072621987
39931,0.0070786374,0.004631722
104576,0.017476749,0.031841494
53601,0.009446152,0.003692571
9821,0.006653458,0.007831026
120339,0.006445991,0.014559829
46593,0.019152706,0.018777046
97604,0.013084934,0.0048366273
107682,0.013843941,0.0036874488
78044,0.003911137,0.0046265996
116516,0.018668186,0.0064929486
28059,0.01431693,0.019557392
56501,0.015616374,0.02205639
48309,0.0033166972,0.013596879
17166,0.010062577,0.0051158117
45531,0.014402308,0.021279458
738,0.017023392,0.0014659293
76274,0.0021609012,0.00064630667
59862,0.008991945,0.0054872027
75782,0.0068523875,0.0043354626
36846,0.009389804,0.004307288
30345,0.017225312,0.016785616
70380,0.0059362883,0.0006403302
110853,0.005881647,0.002369222
74726,0.00866068,0.0060780146
83382,0.011382511,0.021804526
127763,0.009006459,0.0072775674
41034,0.0010680709,0.021640176
129453,0.002282137,0.016148275
138150,0.0024362432,0.029426059
61378,0.00562893,0.028826818
75288,0.0035499905,0.011080273
23641,0.0072752587,0.010400531
112597,0.00074619806,0.007135839
32604,0.033965893,0.22012442
5728,0.017648356,0.0062410855
391,0.007592609,0.0042680143
81684,0.012661464,0.02338486
112892,0.0028874625,0.003964071
121754,0.0010249552,0.0052007623
26366,0.006370005,0.007230609
133671,0.0004892123,0.0028413588
145044,0.0055777035,0.015442204
85959,0.002609986,0.011151137
124439,0.032744788,0.028557878
71373,0.0075476784,0.017546864
34647,0.019235093,0.009238259
141439,0.0068566552,0.00019892924
60677,0.00083242933,0.008214156
33284,0.0012319953,0.008878392
20954,0.004916883,0.00485968
17336,0.012477903,0.010926595
142780,0.010305047,0.014751501
37138,0.0020627172,0.004114336
101771,0.0070957127,0.0041869055
137877,0.0040374957,0.0038317358
135419,0.014357911,0.0115208225
19479,0.013496881,0.0023905663
104166,0.0035448682,0.021419475
107388,0.017094256,0.0043388777
22334,0.03011255,0.15325661
136626,0.0073578213,0.0036831796
99747,0.015252667,0.00970143
119568,0.028264606,0.028304735
141774,0.10094443,0.13051511
86720,0.0028567268,0.014544888
101699,0.004355953,0.014427921
24888,0.0043875426,0.009640813
94174,0.0023820286,0.022770146
53724,0.007378312,0.007994737
130621,0.00783252,0.019822065
74460,0.024005555,0.015233884
73673,0.0038428353,0.008981699
126056,0.0032426324,0.022292886
110995,0.00059934903,0.0019192832
123598,0.034054477,0.045925356
141532,0.02071938,0.009489695
36238,0.00816293,0.011844403
7767,0.0051200804,0.014636242
57025,0.004912187,0.010281569
108095,0.0074056336,0.010673024
69227,0.0026014484,0.025315244
19203,0.009504209,0.0055734343
94676,0.018295515,0.023260213
141311,0.006826774,0.004771741
24248,0.008963344,0.0072067035
139827,0.009394925,0.0010723397
37633,0.0037847785,0.011661694
44619,0.00690959,0.0033928966
25889,0.0017899362,0.04281804
40664,0.005837251,0.012674271
103805,0.005564897,0.016905572
76221,0.0032972735,0.0024136181
65359,0.0067742676,0.0003210189
25255,0.009546043,0.0010569718
46888,0.002331229,0.007950767
139823,0.0022129812,0.013476818
88184,0.0067653023,0.004390104
72971,0.00053531607,0.020433366
33462,0.23026673,0.08361924
79632,0.0018287832,0.0010714859
29352,0.012813435,0.03316655
855,0.0007675424,0.02430267
109464,0.018114517,0.0056442977
64142,0.003590972,0.013118233
11047,0.007827397,0.0016546133
94772,0.0028900239,0.006748227
114920,0.00243032,0.0013357822
130914,0.03280754,0.022451261
118146,0.0076959156,0.015751272
15658,4.162146e-05,0.013945538
13061,0.0027169213,0.0012768185
89318,0.070019975,0.042630643
36205,0.004005479,0.022500778
29381,0.0056861327,0.0013310332
11186,0.012569256,0.02632569
79501,0.03018341,0.0061137658
144028,0.0011799152,0.019128801
90103,0.00029882079,0.003657566
66016,0.02867698,0.008991091
86602,0.0040383493,0.008924496
133866,0.01184867,0.010701198
69285,0.006716638,0.0092378305
114331,0.025258044,0.013820035
51588,0.0015282548,0.003952972
112949,0.01484627,0.013204464
37428,0.00057885854,0.0020844883
57654,0.009143063,0.006739689
130797,0.00370367,0.0022812833
21644,0.008102313,0.00089816976
49429,0.012976079,0.007690793
117314,0.0041698306,0.0025024107
67272,0.0022795757,0.01770812
64138,0.060132172,0.045738377
79330,0.032625258,0.0015043489
90001,0.005008396,0.025943438
82853,0.0059119556,0.0045203045
82879,0.00044054716,0.0039461413
8497,0.0111656515,0.00019892927
38272,0.0029292975,0.0043038726
11659,0.0033032498,0.011325307
32714,0.016157666,0.020657908
77044,0.0037630075,0.012095412
105089,0.00890059,0.02407898
112553,0.012780138,0.00947945
109691,0.010230769,0.007802638
22379,0.008422904,0.0051917974
52555,0.011923163,0.023966176
124870,0.001614486,0.0033630144
68584,0.0068882457,0.011922948
33319,0.07680513,0.0028110498
99717,0.0123472735,0.0007060708
57101,0.011903313,0.013307771
120132,0.02204956,0.0151263075
91834,0.03625636,0.0027833022
117694,0.0038240522,0.00056861324
94035,0.0014565379,0.012325077
37321,0.004738444,0.00042944815
15561,0.009141355,0.006718345
74365,0.004635991,0.0023658068
122178,0.010578682,0.0015782004
92759,0.0008845094,0.0029643022
105281,0.0021224814,0.012482171
77054,0.01418246,0.011886664
14811,0.01691155,0.010619238
19475,0.025207028,0.025257828
10115,0.0045070713,0.009098666
117811,0.00093573594,0.0051542316
66385,0.0066030854,0.007999006
1579,0.0032511696,0.016843246
90603,0.02174647,0.0012917595
92584,0.009605807,0.011522956
73301,0.007642128,0.004831505
7618,0.0072265537,0.0037339786
119137,0.0064340383,0.02271977
102697,0.00011952831,0.0107507175
8172,0.0077554663,0.005891252
99447,0.002534854,0.034560766
62391,0.0009673255,0.010065137
46876,0.029049652,0.012740865
61581,9.135378e-05,0.0033783824
31779,0.003719892,0.0041433633
39391,0.005243024,0.01641124
79037,0.0136945285,0.01415642
9331,0.0018373209,0.0009613491
33442,0.010254675,0.0036221347
37211,0.0019064766,0.0016392454
77031,0.0026040096,0.00079230196
68967,0.0078449,0.017172804
95416,0.0003082123,0.0004473774
68254,0.21556707,0.0038197835
148670,0.0034594908,0.033934943
144716,0.0004330767,0.00843411
37060,0.0059064063,0.002825137
148312,0.0016554671,0.0029207594
62231,0.00225567,0.00566991
51084,0.0014054179,0.010559045
16256,0.007260064,0.00027961086
91963,0.011704383,0.035876434
106340,0.0063051186,0.0053770663
30547,0.01601466,0.029748466
105376,0.0018731795,0.012910766
29631,0.0068175965,0.007852796
37903,0.007245976,0.009820959
51436,0.0030180898,0.011240996
96258,0.015718827,0.0023675144
14731,0.012573523,0.003428755
62788,0.0361078,0.050604045
79391,0.00422618,0.0037053777
140643,0.0064797155,0.011979298
73614,0.0075994395,0.0026449908
25868,0.0046872175,0.013486207
69973,0.021094188,0.026729094
105833,0.010566302,0.02207944
104581,0.0008947548,0.017733732
37117,0.00028430662,0.00087938685
2652,0.001085053,0.014410699
114860,0.0017809717,0.040174328
118623,0.005137156,0.08865344
126538,0.021153951,0.0009681793
12091,0.0010520626,0.023637582
13956,0.0132608125,0.0073612365
101417,0.0036635427,0.0018834245
11905,0.014108609,0.004023835
86563,0.0065578357,0.008290996
1993,0.009721922,0.0024878965
11349,0.00736636,0.0019244058
18766,0.007726439,0.01348573
140076,0.008368036,0.0038872045
133519,0.00882183,0.0048233937
140778,0.001728038,0.009593001
36480,0.012355813,0.028829379
142730,9.3915105e-06,0.0032921513
26863,0.03869175,0.018738197
79869,0.0137175815,0.032203496
105055,0.0010915496,0.008098471
48262,0.027833879,0.007589194
55512,0.0015769199,0.0071904818
56127,0.0374414,0.0064075715
38070,0.0030445568,0.003277637
16754,0.011931913,0.010160759
115613,0.014943173,0.0012443751
82449,0.01191868,0.006510878
45200,0.00078888686,0.01352036
128624,0.0038488116,0.0051200804
6517,0.004379005,0.0153346285
141579,0.012023694,0.009046586
128871,0.0063478076,0.024862744
71662,0.0014736133,0.03869901
83773,0.001840736,0.0064587975
9974,0.01842529,0.018646417
79027,0.008672633,0.0045950096
62760,0.011554118,0.0070325336
11288,0.003474005,0.015212539
45711,0.009561838,0.0201926
105420,0.010116363,0.030259453
26200,0.012257628,0.0030735852
99563,0.0023487313,0.0023478775
102809,0.0066756564,0.0036106089
13526,0.024008969,0.027549574
45058,0.010725957,0.005429147
98163,0.0016443682,0.003719038
110179,0.0035158398,0.002685972
40385,0.00019722171,0.007992175
95191,0.0043175337,0.014685762
52512,0.0060980786,0.0076408475
18847,0.013080666,0.0065655196
85124,0.0026492598,0.030038325
141657,0.003228972,0.011894775
68305,0.004303019,0.03097833
39437,0.011420078,7.427831e-05
92543,0.009428223,0.0026680422
53186,0.0007231463,0.017211223
91849,0.0245366,0.015193756
113173,0.012544284,0.011685815
31642,0.0045625665,0.008577011
77728,0.01602277,0.009680087
85465,0.014313515,0.117462516
81728,0.0003547429,0.020399
130982,0.0025852267,0.011052953
58232,0.014000608,0.0042821015
108597,0.0028046465,0.003918821
129281,0.00051994814,0.0038342974
70602,0.00090670754,0.0071990197
47063,0.007613954,0.020658763
104491,0.0064681894,0.007525161
120382,0.003946142,0.0040614014
147785,0.0035474296,0.0025109483
13491,0.006492095,0.014948296
125745,0.0032195805,0.0009493963
22306,0.002025151,0.006740542
3126,0.012074173,0.012342258
8544,0.0100062275,0.0119340485
104571,0.004997991,0.0015897265
28227,0.0035687739,0.0045693964
43858,0.021315742,0.012778004
2159,0.0046829483,0.006452821
29789,0.006471604,0.015723096
138213,0.007468385,0.0073313545
148242,0.0027448824,0.005805661
148998,0.005260953,0.015752979
17858,0.018304056,0.00088194816
127995,0.08862804,0.05383494
111567,0.009526406,0.0062684063
2695,0.0061002127,0.00061663805
111501,0.007154623,0.0048741936
86372,0.010885614,0.014044576
59532,0.0066696797,0.005661373
81547,0.0024580143,0.0020575945
128341,0.0031128589,0.01943872
104288,0.02255243,0.10205007
39668,0.008571887,0.096199125
42043,0.006117288,0.008150977
149895,0.0041664154,0.0031692078
40472,0.0033664296,0.019301264
95159,0.0149401855,0.0028870357
115665,0.004190321,0.006977892
52080,0.0028609955,0.008899736
36498,0.006375128,0.017422961
129077,0.00053958496,0.023839924
30530,0.004847727,0.036519323
103090,0.0013043527,0.0077068005
74806,0.0068630595,0.011447824
109416,0.0068762936,0.0039888304
108582,0.009268568,0.008970601
48331,0.007573827,0.010018181
101709,0.035615172,0.0676804
94284,0.004571958,0.014599529
78513,0.01773032,0.0031939673
149118,0.021388741,0.014891947
48187,0.018505115,0.0033856395
108699,0.01791388,0.016840687
134188,0.0016097903,0.0074363686
39273,0.029764263,0.017722635
41098,0.0020362502,0.017112615
120041,0.010055746,0.00514484
108657,0.0039030262,0.00579755
29008,0.018010357,0.0024008113
147169,0.008096335,0.011238222
38998,0.0025113751,0.013341921
68957,0.0050748307,0.0066056466
45491,0.008542432,0.00092463684
40085,0.0008725567,0.0054470757
132640,0.014101779,0.03621815
23614,0.0048784628,0.007588341
58773,0.0074555785,0.01193789
95722,0.0061201695,0.0050363042
80340,0.002425571,0.02695193
140868,0.0066637034,0.0070700995
104044,0.0007111935,0.00980303
26960,0.015804203,0.008013519
109914,0.00046680076,0.010236319
91492,0.006382812,0.002539123
107523,0.002293236,0.01135946
16947,0.038962826,1.7075471e-06
143379,0.0044541373,0.00047128307
7976,0.037543427,0.003946569
115458,0.01938237,0.011664255
61744,0.0011261274,0.019958667
61950,0.008426319,0.011888985
122656,0.11902611,0.10663732
53507,0.0011056369,0.017206956
110571,0.0047025853,0.014243932
74354,0.008296972,0.00022539624
124002,0.00090926886,0.018990485
74064,0.010439517,0.0035482834
63709,0.019309796,0.026931439
108836,0.011602357,0.011814519
64714,0.011435444,0.016691275
53668,0.0004900661,0.010744741
129874,0.0022146888,0.012073212
53714,0.022371434,0.09550159
30836,0.00044481602,0.0056793024
76662,0.0021412643,0.00577151
18437,0.0023764789,0.0035119974
125044,0.00048835855,0.0055768494
139630,0.046288636,0.06361045
92468,0.013011511,0.012646949
80664,0.022943461,0.0062244367
131870,0.015250104,0.03440196
66290,0.0010151367,0.014114586
50417,0.002704755,0.013596345
83444,0.0035835681,0.009627472
64555,0.010467264,0.0040665236
39781,0.0052413163,0.027938042
108405,0.0025792501,0.008495048
120992,0.0013839671,0.004424255
44139,0.00072656135,0.00036797643
49038,0.00043713205,0.0011918679
95279,0.006431477,0.022954132
90607,0.010467264,0.0033647215
111605,0.015951907,0.016426606
9847,0.009922984,0.0018945237
78310,0.00046445287,0.015443912
65583,0.011452306,0.0061337235
106713,0.0014078728,0.0036319532
114537,0.004674411,0.022778682
135789,0.020331768,0.014304124
6319,0.019562514,0.07621048
107499,0.010532151,0.0018142688
107018,0.002731222,0.003530354
124566,0.0009135378,0.0066935853
114039,0.002263354,0.010609846
46305,0.0051994817,0.006515146
109244,0.01780289,0.004892977
3875,0.00676701,0.0031760377
144326,0.0038940613,0.010362251
110153,0.0016546133,0.060511682
100438,0.077811815,0.5524937
148257,5.549529e-05,0.012947478
56668,0.008104874,0.04905273
1887,0.0023265332,0.007910213
75779,0.00052336324,0.0019461771
87996,0.002900269,0.014718204
88304,0.033296436,0.05780244
62004,0.006472245,0.010744527
103327,0.006978746,0.011358606
110175,0.019826332,0.0123302
118469,0.004494051,0.012179721
52386,0.008147563,0.0048571182
132084,0.0021096745,0.014859075
23978,0.025520151,0.026299648
44948,0.007420148,0.005123496
110661,0.0068071373,0.0003107736
56966,0.014053968,0.0036191465
80985,0.010665339,0.010152222
26209,0.003983281,0.014597824
138277,0.02577939,0.21900696
109794,0.028117757,0.015805487
149150,0.007017166,0.013413639
5202,0.0020439338,0.019914271
58470,0.0074581406,0.0010966723
65577,0.011999789,0.015620216
139623,0.006405864,0.07395096
14005,0.0024187407,0.0001938066
72830,0.018781312,0.016940577
49597,0.0025322926,0.007893992
92821,0.011664256,0.020750117
62822,0.0036468941,0.002154071
3608,0.0008597501,0.015778592
90424,0.012006192,0.000101172176
148073,0.010553495,0.0032170191
37147,0.0022428634,0.009844651
80997,0.0065458827,0.0006574057
77479,0.0014317784,0.0034714437
102159,0.0014727595,0.00640501
39339,0.013379486,0.03906101
105166,0.0016917525,0.008050659
67877,0.0017340141,0.027867602
830,0.0043209484,0.0044652363
122836,0.013097743,0.013773077
71620,0.02291785,0.012898812
20844,0.020053435,0.0021028444
58857,0.0048562647,0.0118734315
8175,0.012251226,0.074520014
144749,0.006732432,0.004858826
47690,0.0047341743,0.0030488258
48468,0.022866195,0.0041057975
59104,0.0022309106,0.000667651
38857,0.0037873404,0.027938465
121066,0.0050551933,0.0023290943
122557,0.030834042,0.027913282
42324,0.0021506557,0.0026424294
62542,0.0010945377,0.005340354
33591,0.01358354,0.034537714
70117,0.00468551,0.75654763
29199,0.01434169,0.004349123
75317,0.1047509,0.11258273
7625,0.008469434,0.009321501
110346,0.035846546,0.031647258
118563,0.008209888,0.0013788443
2649,0.024090933,0.014547236
28528,0.022557553,0.020138815
99964,0.01913136,0.0036678116
53820,0.13590334,0.22522354
53003,0.008362713,0.019180877
45645,0.003028762,0.003602071
15512,0.005255831,0.006280358
93413,0.014081289,0.0024503304
65361,0.019064767,0.0065561277
88355,0.012160299,0.0218549
60640,0.008220986,0.013379487
113002,0.01524498,0.018421872
39596,0.0080766985,0.011966491
132626,0.012776722,0.05162345
72873,0.0023333635,0.004862241
26040,0.012825387,0.008311487
91284,0.015027269,0.01393017
69441,0.027471878,0.0037651418
64176,0.0030983447,0.0075541893
5808,0.0073332754,0.018910658
14507,0.0032400712,0.016548695
149559,0.0046714223,0.00039700474
43455,0.016482955,0.012208537
51896,0.008555666,0.0049331044
102142,0.027333992,0.010641434
12371,0.0043363166,0.005931166
103592,0.024308218,0.05351712
47985,0.011281765,0.0028430664
65424,0.00072826893,0.00604301
19630,0.011601077,0.0052336324
52015,0.0061804675,0.0049996986
113285,0.005910248,0.009544764
88632,0.01210651,0.01233703
56378,0.0144539615,0.01576984
17525,0.0124514345,0.019168925
86451,0.003285748,0.008888638
13277,0.0050304346,0.024940439
115640,0.008808383,0.0038214906
18476,0.004145925,0.008702515
148944,0.006596255,0.015945077
12329,0.010457873,0.0031137124
103636,0.011974175,0.0008204765
109097,0.015560025,0.004435354
42935,0.007946071,0.011146442
66994,0.05779326,0.018233832
756,0.015415737,0.0035696276
95861,0.0014053114,0.016646879
119167,0.0020738163,0.002135288
2752,0.02119141,0.01268825
81940,0.0178729,0.008217145
44794,0.008372531,0.0029835117
118183,0.005467993,0.0031401794
3982,0.004721368,0.013936148
138485,0.0070517436,0.002026645
136099,0.0048408965,0.015429397
59097,0.0005220827,0.009336016
125935,0.002795255,0.00013745757
67259,0.0018151228,0.012923572
123275,0.0013207878,0.011494354
65973,0.013089632,0.008267091
19678,0.006869676,0.028116798
118291,0.016090218,0.007701892
139959,0.02722215,0.010491597
58960,0.0009536652,0.035207927
91860,0.003941019,0.0047418587
44100,0.024839692,0.0049510333
43755,0.070663504,0.023179956
45123,0.0006838727,0.0046044015
8386,0.01552022,0.016866833
114608,0.002693656,0.0014258018
10571,0.07296869,0.23824783
106681,0.0036302456,0.00078291044
82165,0.022402596,0.021631213
53791,0.010824142,0.00890059
25833,0.0020738163,0.020808173
133031,0.02927281,0.022479009
6675,0.0013912242,0.010209318
16089,4.439623e-05,0.016734818
49910,0.0100554265,0.004377511
117912,0.002873802,0.009146477
88719,0.010723824,0.008063466
127178,0.0049851844,0.00089560857
82817,0.0057881586,0.0037305644
20296,0.0066935853,0.013709043
87529,0.09989929,0.15008545
27,0.014055674,0.008451506
119569,0.015464402,0.0062658447
99522,0.0042569153,0.00015282548
97338,0.01619694,0.04076258
52805,0.019641919,0.009830351
35684,0.017515166,0.0031410332
59792,0.007302326,0.0137816155
124636,0.0060244403,0.04303661
85749,0.009983175,0.019233812
118753,0.0033852125,0.0023478775
100498,0.0031398593,0.0029467999
55775,0.00046445287,0.023658924
130959,0.024779074,0.04539431
91325,0.0032089078,0.0032200068
67855,0.0028191607,0.026910095
144752,0.0013848209,0.0036302456
144512,0.0084702885,0.0010159906
90786,0.0020661321,0.010854024
78461,0.004110066,0.002929297
67622,0.011794883,0.008588109
142429,0.0062334016,0.031780876
142060,0.0010364812,0.02293407
113750,0.0019927076,0.005581972
116870,0.007333062,0.010596184
57020,0.002082354,0.010836949
19122,0.007196458,0.004394373
82406,0.0017724341,0.0014659293
76683,0.022233121,0.019147584
103022,0.009865356,0.008160369
144467,0.069731414,0.19516194
72783,0.0056767412,0.024688574
100801,0.005522208,0.00043542456
139804,0.13810003,0.009550739
5102,0.008037426,0.0071606
105106,0.0018919624,0.013450351
145061,0.0063213394,0.0020789385
138026,0.007032,0.024598395
10803,0.0038479578,0.0038727177
141143,0.0036985474,0.0006838726
102798,0.000577151,0.005012505
14035,0.007129864,0.017182622
83621,0.008483095,0.006945022
52933,0.022644643,0.009546898
21630,0.0046530664,0.005050925
132188,0.0068780007,0.013010657
32932,0.019440426,0.016170476
145915,0.0005481227,0.0029788164
76948,0.0077272383,0.0007410222
15939,0.0017451134,0.00093829725
98796,0.007782361,0.011715481
128833,0.005484642,0.007012042
65833,0.0050048213,0.00015794813
14783,0.019370416,0.0077753165
83641,0.0062547456,0.0064609325
46827,0.011550703,0.008567618
6588,0.0005558066,0.012109072
146166,0.0035073021,0.0013361558
122115,0.0059883674,0.00628975
74639,0.03875792,0.022645494
33723,0.0018923893,0.006310668
41556,0.0040383493,0.0034347314
140881,0.012547058,0.010486474
83751,0.016819077,0.09996176
63058,0.004740151,0.009964393
91625,0.013006389,0.00846858
29752,0.00085718866,0.0028089152
131020,0.0010381888,0.022159697
73180,0.005126057,0.010079225
20689,0.0026134013,0.0021813917
139626,0.0024878965,0.03453024
90724,0.007819713,0.03110383
55814,0.0388846,0.021836966
15962,3.4150948e-05,0.015385855
148696,0.00029754013,0.010777611
31663,0.01647826,0.0018753138
36316,0.0041168965,0.0031811607
135156,0.048051253,0.0038069768
71961,0.004763203,0.0059286044
54096,0.020775726,0.006538198
121555,0.019070745,0.03333218
91244,5.3787735e-05,0.0005767241
129689,0.02040946,0.0022266416
71690,0.0070846146,0.038664002
81766,0.0038863777,0.0013062737
119024,0.020325365,0.03673405
129361,0.013066152,0.0017434058
108477,0.0072254864,0.008179151
39689,0.008964624,0.012847586
109366,0.008084384,0.027481697
123154,0.0028217218,0.004291066
121638,0.024688574,0.0004243255
36896,0.0151476525,0.0069437413
106576,0.007849168,0.0017986876
119534,0.080183916,0.06924009
117935,0.004863948,0.0070252763
29713,0.003612316,0.005962755
42867,0.010779745,0.0087187365
122871,0.003395031,0.0018138419
126125,0.007246831,0.0054060947
25548,0.0008140731,0.00056775945
78192,0.00228171,0.007486742
128108,0.008525784,0.010206009
85993,0.00068643404,0.012570109
1853,0.0004076769,0.007053024
132936,0.012583771,0.007930703
61802,0.0035209625,0.0050236043
94703,0.0036293918,0.031738613
68404,0.005129819,0.20192774
28978,0.006057524,0.012436066
136693,0.0050304346,0.00939834
769,0.004522226,0.02022898
16893,0.01597752,0.0062180334
54669,0.009403997,0.0601675
47961,0.022556702,0.006452821
59098,0.0061527197,0.017731173
80007,0.0075422367,0.00083541754
149300,0.0014518423,0.03096488
5576,0.0019073304,0.0012097972
64962,0.014361328,0.11667361
50737,0.012111632,0.01136202
108649,0.009378703,0.005382189
56690,0.04530424,0.04597786
107391,0.0019414813,0.009232708
87780,0.0032947126,0.008191958
37244,0.0006360614,0.016480394
64954,0.0030001607,0.0031487173
114221,0.0033647215,0.0001135519
51562,0.0031512785,0.029728401
134872,0.003281479,0.0071452316
128136,0.0030644066,0.014342864
146066,0.0028644106,0.009034633
123368,0.0057100384,0.017512605
48482,0.02404227,0.018327108
74787,0.011618151,0.013969445
29744,0.009854256,0.0029907692
51718,0.0035824343,0.012508637
137818,0.0180761,0.010514222
125222,0.014497075,0.013318014
8405,0.002609986,0.036825825
2450,0.009248076,0.018922186
45736,0.012575233,0.0035935333
113912,0.010003612,0.016628683
11887,0.00889376,0.013534874
8196,0.004344854,0.0028723083
42767,0.004596504,0.028391605
10211,0.0049339575,0.014006584
42446,0.0078030643,0.087215245
83516,0.003013821,0.0023658068
91582,0.010973552,0.006040449
83702,0.013559633,0.001741698
120202,0.011361699,0.010522226
16474,0.0017493822,0.03361649
130992,0.009143916,0.0025459528
108723,0.01710749,0.000577151
100643,0.0095136,0.0010638018
18983,0.0052293637,0.013711605
77264,0.028800776,0.005300227
44232,0.013404139,0.0032079478
281,0.00359951,0.015191195
110974,0.01694143,0.023079209
77849,0.036701176,0.2170151
88278,0.007619076,0.00096391037
5084,0.0022454248,0.0024733823
55903,0.013734656,0.009956709
57865,0.03040801,0.041560862
89939,0.006209496,0.007981076
68681,0.026837526,0.00030991985
97361,0.0065732035,0.013927611
100478,0.008729836,0.01147984
110948,0.045792595,0.027261851
80336,0.015328652,0.0050705615
72868,0.051627718,0.003345085
12416,0.003908149,0.0025860805
27988,0.0029890616,0.0047294786
134868,0.0019986841,0.0056331987
57171,0.0024153257,0.018669467
93586,0.00038505186,0.0056528356
68062,0.0034390003,0.008543713
134414,0.0052054576,0.012174811
39257,0.014220881,0.00013105426
100556,0.0029958913,0.006461359
37312,0.0017553587,0.0033510616
126299,0.00074278296,0.016750185
14849,0.0036900092,0.0031675003
10876,0.00062666985,0.0004986038
54386,0.025105642,0.03187692
87675,0.008473705,0.034805797
1590,0.01745711,0.005607479
67387,0.005683571,0.0030078446
131417,0.005636614,0.0017638962
30708,0.0031342031,0.010201741
111300,0.015585638,0.008250869
125916,0.00018868397,0.0113206105
142475,0.0067473734,0.017806305
145658,0.004907491,0.011896055
7894,0.06627338,0.032176603
64964,0.016794581,0.0027059289
82873,0.0025732738,0.0056861327
121360,0.008356737,0.016424043
8369,0.00441401,0.015069959
52035,0.007596878,0.0016452216
17325,0.0051478283,0.0105768675
6443,0.0015991181,0.01627314
77406,0.009210298,0.0015848173
51404,0.009034206,0.004959571
53971,0.007947779,0.011914412
39712,0.013674039,0.016290002
91988,0.0010697783,0.03852484
56775,0.010066845,0.0025186322
142926,0.0104907425,0.01602533
26271,0.019093797,0.008052793
95829,0.002493019,0.008507
68268,0.0046189153,0.007807761
41955,0.007738605,0.0059234817
129948,0.00047128307,0.00091866043
85391,0.0016537596,0.005262661
25183,0.0019720036,0.029799482
149925,0.003443269,0.0011235662
147580,0.0039222366,0.0076651797
75717,0.0033779554,0.006632114
70794,0.0077501303,0.023358824
89361,0.0086086,0.07841066
83067,0.06735213,0.011937036
98146,0.0011662549,0.0041937362
26791,0.009369313,0.031904675
99443,0.015691508,0.026057176
3365,0.03087545,0.014544034
50496,0.031239582,0.0033271555
37176,0.0016870567,0.0058116377
118222,0.00684385,0.014720765
79927,0.00044823118,0.007442345
54894,0.015922878,0.011036731
122214,0.002368795,0.0020187479
51027,0.059742853,0.028059274
93055,0.00496384,0.00028003776
5493,0.0035943876,0.008783624
91104,0.018047921,0.0043576607
129841,0.0080152275,0.00072656135
108935,0.009818397,0.0030394343
78079,0.004160439,0.009689477
120156,0.0035995098,0.0029036843
128670,0.007257077,0.0034330238
24577,0.011845255,0.032825895
4018,0.0015752123,0.0052780285
1979,0.02830132,0.00029882076
88159,0.009195996,0.024299681
106917,0.00427271,0.01213682
28103,0.0025066794,0.0015581369
98290,0.0037924626,0.012894545
79441,0.004333755,0.009738143
28816,0.0016324152,0.0063853734
135896,0.009785954,0.010552642
106157,0.043948438,0.011162663
59818,0.0005327547,0.004176661
128570,0.0011585709,0.02384163
138124,0.053256724,0.0015871652
96871,0.00068216503,0.009146477
32359,0.0048056785,0.029995847
14178,0.00066252827,0.005193932
103111,9.562265e-05,0.004609311
24745,0.0013233492,0.04028447
14596,0.036190726,0.035146564
99304,0.011789333,0.052157056
104177,0.0043013114,0.011601931
40896,0.0022864058,0.001497519
485,0.020629788,0.015123586
93057,0.0028644106,0.005517512
114890,0.0007521746,0.010336637
70310,0.0055503827,0.013788445
29074,0.0034037817,0.01921375
18507,0.0034052762,0.018781742
16217,0.0017286248,0.0060273753
84966,0.0004351044,0.009080791
54903,0.001927821,0.0063315853
5651,0.0029472266,0.003262269
149600,0.004150194,0.020699743
128617,0.013505846,0.0011910143
71481,0.01288686,0.0073748967
143398,0.011567566,0.02169631
73948,0.005088491,0.018511094
116168,0.011810251,0.02765096
7098,7.940095e-05,0.04240674
103171,0.0343454,0.0116773825
100335,0.003351915,0.00492542
134484,0.0004422547,0.002444354
39553,0.004029812,0.006790062
57541,0.005155085,0.0030206512
122995,0.010550082,0.027412117
64800,0.00427954,0.009764823
10362,0.0040908563,0.0019047689
58761,0.0015897263,0.0036003636
61173,0.02612676,0.01842433
49685,0.020756094,0.025928257
38610,0.0017954858,0.00046359905
81043,9.733019e-05,0.001025809
62482,0.009056831,0.044129018
107211,0.0058867694,0.018403947
1640,0.0023999577,0.017033638
26234,0.0147327185,0.0023128728
49463,0.001991627,0.027285071
127222,0.0029702785,0.00722634
74739,0.023848942,0.13352877
128216,0.016087659,0.016742501
11363,0.009777416,0.00573309
93697,0.0053130332,0.021791719
60892,0.014631546,0.010118712
14737,0.0077872705,0.01024443
70184,0.004971524,0.0092395395
84784,0.013777134,0.0003105602
147042,0.007072234,0.00862781
92519,0.0031666465,0.0018987926
24461,0.009742411,0.007911921
26365,0.003719038,0.0024486226
67086,0.009161845,0.019171486
100711,0.003375821,0.02561492
79843,0.0032524508,0.0007666887
147921,0.007619716,0.022051264
116389,0.0051354486,0.00886644
102626,0.002440939,0.04582973
99580,0.00028345286,0.0019081841
84757,0.04698745,0.02041885
49304,0.022677083,0.028413804
7847,0.025708836,0.0022642077
133097,0.05448957,0.21885248
62281,0.010658509,0.04760815
55217,0.0036012172,0.0015530143
61140,0.0012627313,0.017609935
81345,0.036794238,0.001109052
38698,0.004171538,0.011700115
143621,0.003410559,0.0067607667
45571,0.004243255,0.005683571
125508,0.013994524,0.033933856
25275,0.08884276,0.030952286
70407,0.01147728,0.012245676
119725,0.0064425766,0.0016127784
42847,0.012010034,0.010851462
62885,0.0050048213,0.0030445568
80535,0.002266769,0.0067584724
85337,0.011134917,0.0051345946
47387,0.011646326,0.007706161
76316,0.00078205665,0.039412767
22326,0.0016230235,0.023742592
61633,0.013045236,0.06553252
53763,0.015469523,0.024796149
13110,0.00023308021,0.0011961368
80287,0.0026266347,0.0035700547
132412,0.0042404803,0.04549164
2848,0.0049211513,0.0020695473
115073,0.008950964,0.0031965286
72215,0.01694698,0.00945469
55118,0.000912684,0.036948774
38463,0.020662604,0.011197242
52399,0.0028533111,0.016227676
145563,0.0076468247,0.001212572
55265,0.0033356936,0.0012738303
131922,0.0022266416,0.003726722
143676,0.00057544344,0.01994501
147229,0.007644689,0.021501439
125554,0.0017592006,0.00065889984
96971,0.000765408,0.005273333
6633,0.010235038,0.04049023
69966,0.011846323,0.012691878
31017,0.0042620385,0.011195534
77105,0.009584463,0.02284186
81966,0.0065202694,0.0009707406
11157,0.00015282548,0.0076703024
144677,0.0020072218,0.011573755
130192,0.0047243563,0.011123817
120217,0.007053878,0.0032469013
121019,0.0036874483,0.0009331746
59375,0.00046274532,0.03316271
142685,0.005108128,0.017536083
25675,0.0023222642,0.014335713
10890,0.038205527,0.11978352
118843,0.013953969,0.003458317
139148,0.035035253,0.006325182
81291,0.012262752,0.0013925048
147156,0.0017989009,0.0059584863
17843,0.007558458,0.008454921
113783,0.0041437903,0.012949612
85339,0.016039632,0.002699419
3032,0.10945135,0.12971883
117879,0.0039401655,0.00654076
137064,0.011864038,0.012331052
60889,0.0042944816,0.0017903633
101014,0.014659294,0.011775246
67043,0.01575554,0.000659967
103243,0.00030351654,0.0037732527
26908,0.012483878,0.021138156
127806,0.0011799152,0.003983708
147191,0.0035858494,0.009645082
147884,0.002787571,0.00966301
99037,0.01152253,0.016540585
33684,0.000603618,0.01941652
59573,0.0036951324,0.0073953876
68661,0.0079127755,0.0015863115
141294,0.005575142,0.0067132227
94824,0.012146639,0.022290751
138243,0.0036567121,0.015912633
98075,0.0034979107,0.0004507925
23581,0.006483557,0.0013096888
103344,0.0004507925,0.00019466039
88277,0.009466643,0.010576548
36162,0.07487068,0.03746712
74546,0.0008588963,0.0022642077
4350,0.010830971,0.027169641
1297,0.0012772452,0.007390265
110603,0.00028942927,0.0054223165
35710,0.009832912,0.029617414
10032,0.0023797872,0.0100177005
17668,0.0032571466,0.00731001
140008,0.00076925004,0.009061954
37140,0.009180628,0.004696609
110628,0.008872416,0.02191082
30579,0.023928504,0.03793712
5473,0.007345656,0.0031224636
91747,0.0022206653,0.004455845
64159,0.0009749128,0.01086968
52611,0.025034353,0.017190732
64618,0.0069179144,0.009501647
146727,0.0010842927,0.009525553
1342,0.086889535,0.063116975
103816,0.0019337974,0.006695293
17988,0.02060156,0.005260953
55141,0.00458263,0.006197969
108687,0.007111081,0.0032110426
67817,0.0061821756,0.013021756
52290,0.012370327,0.003402288
76236,0.0030044294,0.0015325237
125176,0.0049912143,0.19320844
146928,0.00044908494,0.006996675
76337,0.014769217,0.01489024
13087,0.014081289,8.025472e-05
95624,0.010737911,0.009955855
20638,0.058248747,0.0038078304
85240,0.0013786308,0.00313463
7851,0.008700808,0.01026492
39625,0.0018279294,0.004632576
71263,0.0006369151,0.009068783
67703,0.015379025,0.011905019
101682,0.0036054861,0.01534402
91051,0.008119174,0.021726407
475,0.005078246,0.009291619
56178,0.023647822,0.011731704
111804,0.015463095,0.0011341582
30117,0.0052558305,0.002945519
144489,0.0015854577,0.0070982743
143303,0.0033181913,0.0068549486
134048,0.01029224,0.006163392
71146,0.004620623,0.024904579
98742,0.01893414,0.0068613524
87979,0.008255991,0.018397968
73188,0.0031538394,0.0110877445
127831,0.0012174812,0.0005404387
125624,0.004760642,0.012465949
87263,0.00184842,0.002486189
116753,0.0032477549,0.001214066
71223,0.029823175,0.012496686
22911,0.0809861,0.020601239
20281,0.0053365123,0.026697077
123555,0.0012994435,0.019924518
144122,0.015083619,0.009709114
617,0.052985117,0.27001196
84775,0.0017376428,0.01338888
22356,0.001640953,0.040516697
42339,0.0009698868,0.03330401
82023,0.002903791,0.05388873
114337,0.040131215,0.17997636
68476,0.006837019,0.020801343
9076,0.001334448,0.01787119
101411,0.021059183,0.0023888587
33058,0.008545421,0.0035593824
125630,0.0017195002,0.08122728
96126,0.008946694,0.004308996
48675,0.0098610055,0.15524285
28836,0.0046035475,0.0044541373
53710,0.026623974,0.027081918
4705,0.0042364243,0.006057524
2987,0.0074662506,0.027675077
87095,0.012652926,0.0013677455
72650,0.070722625,0.08849719
28790,0.0065394784,0.005262234
895,0.015688946,0.014287048
31848,0.0083678365,0.0031999436
94183,0.021860557,0.066363245
37752,0.006915567,0.0019244058
16644,0.0011423491,0.026929732
80672,0.008099751,0.01185294
48203,0.01461319,0.004806746
135102,0.003937604,0.009413708
123672,0.020035507,0.029024893
122285,0.00036200002,0.010309316
26318,0.0004396934,0.010699491
124994,0.0057791937,0.0037514814
48782,0.037216857,0.00786667
28541,0.005427439,0.00414251
33167,0.003273368,0.01428961
81061,0.02824454,0.004484873
45733,0.006981307,0.0038505192
42090,0.000822184,0.006574911
144525,0.0036707998,0.004306434
88087,0.0054385383,0.0044464534
28269,0.006655058,0.005701073
81135,0.028503237,0.030390507
77622,0.012141087,0.0024797856
92457,0.00783935,0.0019739247
107946,0.003159816,0.011668097
97080,0.01994234,0.006483129
22887,0.030526685,0.0139084
39483,0.016195232,0.0013259104
76087,0.0054248776,0.0052729063
41147,0.0026876794,0.022577193
38063,0.014270826,0.022151157
47580,0.00026979248,0.013784177
123361,0.0014736133,0.008048524
135941,0.0019376391,0.012016436
115132,0.008681597,0.0047546653
52918,0.053912714,0.06683506
52295,0.005046656,0.010166736
40925,0.02593039,0.008436992
119543,0.0062299864,0.0018210992
60931,0.011689869,0.008688001
21376,0.047546037,0.00091332424
125265,0.006295727,0.01450348
65926,0.0067251753,0.0041962974
14642,0.0050116507,0.0020379578
115852,0.005998614,0.0009169529
80018,0.0066927318,0.005584533
5524,0.009383613,0.0008451291
44559,0.023055732,0.02708085
16183,0.0027235376,0.010259797
46094,0.00077287847,0.021126203
130239,0.0010176982,0.002545953
139644,0.0029660098,0.010717421
78836,0.012001496,0.0005796056
109410,0.020891415,0.00731556
55658,0.0010497681,0.01425722
77192,0.008112557,0.055803105
22019,0.0030458372,0.012272996
12046,0.008396011,0.023689661
130950,0.03441221,0.022630982
21055,0.013120366,0.028366206
42517,0.0066304062,0.038137227
6257,0.015009341,0.006978746
50196,0.0067191985,0.008318317
124698,0.004628307,0.003013821
124165,0.0013884495,0.0068726647
44247,0.024639057,0.0024136181
12675,0.0011261274,0.017688483
44215,0.01428278,0.0071016895
138514,0.0015777737,0.024689429
20152,0.009231001,0.0016426605
141203,0.010467585,0.0052895546
103250,0.00062410854,0.0059508025
147920,0.005080807,0.006679071
139719,0.013076397,0.00212675
121880,0.0072150277,0.003149998
13628,0.01346145,0.012392525
52984,0.024743214,0.0038048422
112299,0.028266741,0.00420142
119581,0.0003141887,0.007732628
135693,0.010295656,0.00422618
59377,0.0028276984,0.0139241945
114836,0.011014533,0.01590068
47434,0.0017152312,0.008061757
108203,0.005346331,0.017751666
132788,0.023113146,0.00014599528
67137,0.016571749,0.016433435
42015,0.01550453,0.0029907692
36047,0.00329642,0.0106474105
41363,0.005913236,0.0010151368
45381,0.008296119,0.0004157877
33500,0.014647501,0.009386922
83224,0.0028020851,0.003161524
83468,0.03162549,0.034321707
135689,0.008345638,0.02381602
39243,0.0046261726,0.0020507644
139014,0.0070901634,0.012322089
145564,0.0002949788,0.016992232
49529,0.012628165,0.006294873
45326,0.010624359,0.0002399104
50271,0.0035901181,0.09511483
9318,0.00075537624,0.0027628115
7014,0.010001104,0.010509953
6856,0.019015247,0.0021645294
134729,0.012415577,0.015361096
94802,0.0082841655,0.009424808
87825,0.0023495848,0.017803742
104058,0.0049920147,0.007694208
20134,0.0059388494,0.030349098
129720,0.0025211936,0.009367606
131150,0.0033928966,0.0071452316
11809,0.0013139576,0.005518793
33431,0.010715712,0.01961801
136829,0.03352513,0.034970578
8861,0.0045375936,0.0018091464
22171,0.010433967,0.0015649669
90185,0.026868261,0.00049775006
12376,0.0034193636,0.003353196
6886,0.01925516,0.014878287
34953,0.00676701,0.009459172
53009,0.038197845,0.01008136
5347,0.0032451937,0.0004277406
118657,0.004094698,0.015241567
94203,0.0061471704,0.02108821
13476,0.0034936417,0.014123122
103939,0.0011397877,0.0017169388
88104,0.0041023823,0.005293397
22329,0.011120402,0.0019901465
7840,0.016290002,0.015335483
111627,0.0077146986,0.0041553164
5298,0.0119571,0.012937233
41227,0.004924567,0.012529982
138457,0.009166114,0.018499566
52921,0.022697574,0.00017929247
112443,0.017566392,0.004947618
122816,0.0054906183,0.011188703
120167,0.021576624,0.058875263
144386,0.0052703437,0.015949346
13879,0.0031068819,0.014964947
100601,0.0012559011,0.007929849
19789,0.013849064,0.007992175
83978,0.0013580337,0.023219015
41694,0.0065539936,0.002463137
21777,0.0029019767,0.0017186464
139070,0.06565461,0.02461024
120748,0.00423429,0.024008757
137902,0.0047657643,0.003734406
111744,0.0052293637,0.0064844103
102903,0.0050837947,2.1344342e-06
67659,0.001795486,0.016048383
87636,0.004077623,0.012251651
77512,0.0040917103,0.014846697
84497,0.009067076,0.0015974105
147521,0.00025261028,0.0009786381
25931,0.016140593,0.044297207
23577,0.0049698167,0.0077531184
69736,0.0015487454,0.009655327
4189,0.010145179,0.10143727
36089,0.004471212,0.008645312
89105,0.008327709,0.008907421
51673,0.0067217606,0.008171468
100750,0.02385828,0.004280821
128667,0.060479123,0.10616134
81186,0.0013890897,0.002271038
89251,0.01031017,0.002893439
86243,0.0019218446,0.0031051748
47723,0.0018475662,0.0030044294
85102,0.004953595,0.00840028
46222,0.00021258964,0.01060216
21307,0.0051456937,0.0047469814
120542,0.0010945378,0.0032229954
29717,0.09052833,0.04861688
12395,0.01400018,0.0018159766
101667,0.0011641204,0.0072400006
122898,0.000803401,0.0086269565
146100,0.010960747,0.013671477
91440,0.01747931,0.0051738685
68876,0.0044430383,0.00022539622
91114,0.008859609,0.0038360045
36129,0.020744996,0.008909983
125251,0.012501807,0.1376075
75583,0.005254977,0.006831043
39161,0.013421322,0.0036413441
30512,0.0022889671,0.0004533538
125316,0.0005523916,0.019568492
120741,0.00959791,0.039818518
93765,0.030568285,0.2978468
71392,0.00775664,0.0037996129
65727,0.011955393,0.008650435
122630,0.0035004716,0.0037403824
57900,0.003642412,0.011040147
32404,0.0010142832,0.0035990828
127233,0.00033553306,0.0074022175
141867,0.0025246087,0.0020225898
71732,0.008308926,0.019383226
19731,0.017050713,0.010188081
77371,0.005579411,0.005979831
15139,0.013357929,0.055327766
107781,0.0017159515,0.08672042
3009,0.002923321,0.009317232
119280,0.0018403089,0.03665913
59374,0.010311024,0.0006206934
124792,0.004820406,0.0007154623
2614,0.00586884,0.012851002
94075,0.0074961325,0.00037224533
59252,0.004015084,0.009068037
103570,0.0077795857,0.002037104
71547,0.0019986841,0.015813597
59656,0.0071477937,0.0048306515
5077,0.015210832,0.019272232
90403,0.004840043,0.032072656
138786,0.03629777,0.016153824
30263,0.010760109,0.024443539
10847,0.15301745,0.116712034
64423,0.0012554742,0.034921482
93619,0.020967828,0.008220986
139430,0.0031478636,0.010534713
122063,0.0036511626,0.0010061722
120526,0.026040955,0.02778991
49063,0.0067542032,0.004643675
140392,0.00975095,0.0073877033
93187,0.000207467,0.0052268025
109037,0.023633312,0.060894597
38244,0.005096175,0.010466411
81011,0.008787039,0.002277868
67423,3.158962e-05,0.0013848209
25837,0.0021288847,0.0010663633
24795,0.03348485,0.036917448
58772,0.011408123,0.0046342835
85442,0.003493215,3.88467e-05
113247,0.047225658,0.07674153
18111,0.01042543,0.0070888833
57326,0.0050347033,0.011362874
122013,0.0059499484,0.0047444203
149870,0.0031521323,0.0069053215
36895,0.0023406204,0.0019472443
141285,0.00500909,0.010223939
4491,0.10113207,0.39552516
83955,0.002761104,0.037408102
21885,0.00423984,0.0002561321
31503,0.00080094644,0.005429787
29861,0.0020693874,0.08673878
34870,0.0011406416,0.006933496
53484,0.008815213,0.0030351656
57523,0.005440246,0.015321824
59804,0.0036601278,0.020627173
130704,0.0027137196,0.0017549315
145597,0.0015453304,0.00055836793
83512,0.010708883,0.007006067
112333,0.01628189,0.039964836
67648,0.0069924067,0.0027747643
75903,0.0027517125,0.017276112
88079,0.023309944,0.011147723
65066,0.011405562,0.019210763
127840,0.009678806,0.00039871223
136553,0.0020191746,0.0008170614
114213,0.0070957127,0.0017263304
135771,0.011131287,0.00973174
47288,0.0058218827,0.0036473211
21310,0.017640673,0.012554741
65765,0.0018040237,0.006748227
21855,0.008238915,0.0050347033
76102,0.023569275,0.060370374
54466,0.007955463,0.019057084
63704,0.0004081038,0.005083368
44372,0.00064459903,0.012578648
130019,0.0076882318,0.0040588398
139162,0.0029779626,0.005075684
67949,0.0028908777,0.0043824203
6107,0.0026092923,0.00031482903
141036,0.020000502,0.014938477
105428,0.012348129,0.0038675948
104486,0.0111315,0.0010176982
17202,0.004192882,0.010786577
31406,0.014363035,0.00887327
83724,0.000524217,0.020539233
71724,0.0060225194,0.009765464
44431,0.009515734,0.01857299
74210,0.019462626,0.005315595
114921,0.0022846982,0.013172019
78584,0.01207284,0.0029144897
48726,0.0009775709,0.012510346
132799,0.006930934,0.0026415752
106128,0.0021335802,0.0051917974
92478,0.0055725807,0.0050790994
63699,0.0030545888,0.021090558
85818,0.010418173,0.035930432
23631,0.0027030474,0.002747657
93653,0.0018279292,0.009444444
76983,0.005027873,0.0038650334
19945,0.0036515899,0.0033220332
110151,0.0006702123,0.0008298679
92462,0.04082406,0.012839047
85580,0.009391511,0.002726953
53267,0.0049407883,0.007443199
117364,0.013197634,0.005857741
84937,0.0037173305,0.0029292975
86935,0.00270817,0.017708974
35835,0.012610847,0.014338624
141380,0.0031982362,0.0068942225
117142,0.007442345,0.0012268727
84080,0.012186765,0.0132352
10215,0.0037480663,0.012168837
147979,0.011496062,0.006778963
123096,0.006241086,0.010352859
26663,0.010473241,0.01404543
39731,0.0007120472,0.013270204
139957,0.009426515,0.0057219914
100720,0.0001775849,0.005394142
128096,0.014373279,0.0053010806
17368,0.0023525732,0.017403321
137750,0.0124646695,0.0012853562
97548,0.009347969,0.014363035
6523,0.002726953,0.024584413
20985,0.013530604,0.037105013
12275,0.0034434826,0.030005239
93382,0.008062185,0.0069155656
72974,0.00037822174,0.0054171938
13845,0.008250869,0.005216557
12394,0.008183422,0.0067721326
14422,0.013767101,0.02525292
76771,0.0033134955,0.018083781
115753,0.0008674339,0.003304104
39172,0.006019958,0.004282102
112236,0.0078084003,0.009133457
50269,0.0037711184,0.0026919483
10944,0.021509122,0.06269179
57352,0.017123712,0.008496328
107042,0.011669379,0.0027171348
35841,0.024544286,0.01865325
115509,0.01380552,0.0038155145
39600,0.0022445708,0.00023308021
7107,0.00863336,0.00092549063
95866,0.023723599,0.040146586
17697,0.014197402,0.07136957
47254,0.004145071,0.013062737
55635,0.024161797,0.02643881
54311,0.001780545,0.04463274
116268,0.0053672483,0.012235858
117075,0.0033307844,0.008397931
17546,0.038452268,0.054560438
50855,0.0022266416,0.005666069
100623,0.014666977,0.005359991
5032,0.007146939,0.0049467646
7550,0.0074474677,0.0016089365
62128,0.0076984772,0.013396563
88596,0.0064135483,0.009835473
6414,0.00084096706,0.015928002
122643,0.007401654,0.023863258
91538,0.005037585,0.030903941
14761,0.019581301,0.0042500854
22258,0.015362376,0.002067413
16864,9.0500005e-05,0.002998453
96609,0.009404745,0.009775068
92537,0.010013912,0.004848581
114173,0.0019457502,0.008250869
79861,0.0012755379,2.7320757e-05
109432,0.0080348635,0.013679163
36310,0.014759185,0.0120595535
28261,0.0044840192,0.00020234434
60023,0.008752887,0.027610192
99761,0.006252398,0.08766716
24401,0.0021250427,0.0021506557
3046,0.0031999436,0.004610378
106010,0.0026908813,0.009916582
80186,0.0014095803,0.0064442838
145320,0.014870603,0.003047972
112910,0.009518722,0.035735555
38565,0.014006369,0.04700047
35627,0.00684513,0.0137478905
120029,0.0012970957,0.011313355
68412,0.0049126134,0.013219831
117243,0.0034731512,0.005669057
52255,0.015008487,0.010340052
135830,0.018572137,0.019618012
99401,0.012780992,0.017148899
84630,0.004888708,0.01815123
130623,0.012370327,0.009372728
44227,0.0012699884,0.0007910213
94588,0.019950131,0.012765624
13053,0.0028148917,0.010900129
132652,0.008226963,0.0037941702
96495,0.0008614575,0.0011227124
139936,0.025871053,0.016284024
43577,0.013189949,0.013219404
10935,0.003777948,0.0028012309
56976,0.0047947927,0.03794555
111373,0.008121095,0.003081269
29310,0.0121602975,0.015173264
95114,0.0004968962,0.0008947548
64974,0.008960354,0.009876454
989,0.004431085,0.0026518211
100620,0.0063128024,0.0037361134
4867,0.021901855,0.012853563
40272,0.0069044675,0.0023973961
125592,0.0029429577,0.0037472122
147551,0.020667301,0.015281695
23473,0.0010578255,0.003217873
72625,0.007123888,0.017801182
57651,0.04304472,0.017312825
26363,0.007997725,0.009917862
24083,0.005575142,0.0030078446
24360,0.013817473,0.004419132
11729,0.0041092127,0.009564826
120381,0.0040725004,0.0014770285
63187,0.001463795,0.0104087815
67788,0.0003931627,0.0010655095
91150,0.0006019104,0.01730087
119181,0.012767758,0.028607825
142953,0.0032383634,0.006378543
99124,0.0013515237,0.003176038
81194,0.009706553,0.0016008256
64298,0.013219404,0.009330892
50665,0.0019261132,0.0008016935
104083,0.02128714,0.070174284
21028,0.016442187,0.011478987
50951,0.00018185376,0.011229684
19937,0.018459441,0.016368123
85546,0.0038001465,0.018108541
81700,0.0035491372,0.004306434
128474,0.009108058,0.012152615
77655,0.001429217,0.01118358
10725,0.017038336,0.021131327
136707,0.0045371666,0.02511845
131882,0.011985275,0.043078016
46629,0.014490247,0.012074066
86611,0.0066551655,0.013838817
34198,0.0140386,0.02136398
74848,0.0046906327,0.005110689
21754,0.012490282,0.019465826
18711,0.00513801,0.020231875
21234,0.0141717885,0.00396151
18491,0.0030146749,0.011533628
112395,0.0033954578,0.005472689
45629,0.003980293,0.019705096
17840,0.02307409,0.0027568352
141216,0.0048451656,0.010309316
49432,0.005979831,0.007514489
25858,0.01844023,0.023432033
91803,0.005710465,0.047286276
110311,0.003934189,0.0007598586
41022,0.001422387,0.012678539
4488,0.014317784,0.004812722
101686,0.006543321,0.008740935
63829,0.0012443751,0.041396294
14051,0.0058953073,0.01096843
135580,0.0063768355,0.0037557504
11969,0.008180699,0.008192812
85020,0.016381783,0.003181054
58981,0.024360728,0.012173958
147450,0.0023700756,0.0024947266
146437,0.018999025,0.0137397805
37697,0.0065766186,0.0043410123
90743,0.0024358165,0.011793177
47604,0.03268075,0.0033160564
12731,0.022809418,0.0017472478
79500,0.0058982954,0.0050761113
84806,0.000735099,0.0011231393
33912,0.0062820665,0.0022718918
54211,0.00031162737,0.0019602643
14480,7.854718e-05,0.018066706
13280,0.01823746,0.026781175
36,0.0040018507,0.02171168
41093,0.009622029,0.007080345
64081,0.02541236,0.005572047
84652,0.009984883,0.0067755478
11460,0.016534394,0.008629945
77205,0.005064799,0.023998726
79025,0.01893243,0.003028335
109487,0.015368779,0.016872277
125396,0.019810112,0.029326275
33534,0.022134935,0.0036763493
19205,0.0043286323,4.2688684e-05
7588,0.010698637,0.003331425
12503,0.018850258,0.007636365
13368,0.004933958,0.0062880428
82330,0.003790755,0.0038590569
131550,0.004225326,0.009244661
91617,0.00019466039,0.00798876
67749,0.00094256614,0.0034680285
95200,0.0032947126,0.012728058
86845,0.0016887643,0.0047836937
10640,0.008497609,0.0061113117
141985,0.03456973,0.02909533
93303,0.020871352,0.006439588
144439,0.0056314915,0.010449336
133007,0.0025493682,0.015882751
7420,0.0052985195,0.00847968
116703,0.004401844,0.02732631
117307,0.0043132645,0.0006667972
116945,0.006295727,0.014201671
142106,0.004972378,0.0051414254
54241,0.0063358545,0.00014770284
88540,0.009452129,0.011932554
101609,0.003082123,7.427831e-05
6175,0.00104075,0.0072340243
62169,0.012453143,0.00216517
63077,0.0102316225,4.439623e-05
90056,0.0043043,0.000659967
46450,0.025253773,0.00093402836
118074,0.007663899,0.00791064
130945,0.0026872526,0.0042872243
91852,0.0058748163,0.007616515
17442,0.004857972,0.0137577085
136219,0.032843824,0.06968422
116529,0.00608826,6.8301895e-05
115395,0.0107806,0.0055503827
121500,0.005736505,0.0076668872
55606,0.013167751,0.017885705
144519,0.0076993317,0.0065962556
97960,0.0008537737,0.008775086
63942,0.0024204482,0.0130328555
119916,0.0013841804,0.020786187
31886,0.006635529,0.019738395
72613,0.011445263,0.035178047
43712,0.0007193043,0.0041250074
96466,0.020594519,0.027705813
51913,0.0012388256,0.016944846
108017,0.019371698,0.014156848
41727,0.007336477,0.0011449105
58158,0.0018040237,0.001335302
68223,0.0020866229,0.014182888
29403,0.0026274885,6.189859e-05
72379,0.0034027149,0.03676457
15821,0.0014311381,0.004209104
127271,0.007736043,0.0018740331
141789,0.051779687,0.02930365
61078,0.0045156083,0.00846858
106811,0.0031410332,0.006083138
71332,0.0038718635,0.010474948
137547,0.00089048594,0.003417656
57731,0.0021865144,0.028130991
140032,0.001497519,0.020162717
143185,0.00936419,0.0037992927
96331,0.008378081,0.0010202596
114840,4.2688685e-06,0.010578683
87534,0.0014036037,0.0070940047
25061,0.0058226297,0.0046197693
109460,0.0030048564,0.0053249863
75319,0.0066508967,0.0011636935
68464,0.009087567,0.005454759
76325,0.011818788,0.0034996178
57792,0.009557142,0.031776607
88158,0.0024827737,0.0066099158
39117,0.009779124,0.013656537
101317,0.0060512275,0.037308957
137083,0.011470448,0.00076925004
39162,0.0067293895,0.06196096
4734,0.005435977,0.0099661
111185,0.06593272,0.0066483356
89079,0.0057971235,0.022178907
36336,0.0035687739,0.006228278
7803,0.00074790564,0.02054094
3287,0.009324062,0.026720557
101888,0.006596255,0.00064459903
133494,0.006756765,0.021416916
44688,0.026117794,0.019263696
64406,0.010123194,0.07131579
119610,0.015613813,0.008582987
22083,0.008170614,0.027627265
144718,0.0010996605,0.0075379675
70504,0.007177675,0.03929153
3243,0.013796129,0.0042603305
39629,0.041098114,0.0018663493
146824,0.007920885,0.006763168
48018,0.0009715944,0.00049091986
84847,0.003677203,0.000577151
133550,0.011435871,0.013112684
53886,0.0019696555,0.0023709293
98021,0.00785792,0.02538899
92556,0.0018962313,0.011046124
9752,0.012723361,0.0015743584
79213,0.010993135,0.14322147
12655,0.008582988,0.001440316
32647,0.008920227,0.024407683
37180,0.00482841,0.008415647
125906,0.004621477,0.023950914
140648,0.011042068,0.031652384
96354,0.011830741,0.016767476
59691,0.008353322,0.013599762
49330,0.039618894,0.032140154
36019,0.0040921373,0.005675887
64280,0.004378151,0.00028601414
116531,0.005536722,0.05461935
36338,0.00221725,0.009146477
112456,0.008025473,0.0014437312
92304,0.0056690564,0.015385001
114219,0.019134348,0.001806585
19125,0.014162184,0.032129645
59539,0.00949439,0.0021461735
62559,0.013921634,0.012370326
49157,0.0011252736,0.0061386325
77213,0.0063981796,0.001625585
145660,0.015631743,0.0046265996
67469,0.0064976444,0.017792003
96564,0.018633612,0.036345154
72280,0.02241572,0.047587443
32548,0.005026165,0.017087426
49053,0.010263212,0.0118356515
65149,0.01074218,0.011397025
133205,0.017945468,0.001731453
86883,0.006065207,0.01063375
71,0.013686845,0.008357591
31978,0.007532845,0.032406267
9459,0.015187779,0.020035505
32576,0.0047367364,0.015111794
17602,0.011791467,0.0035619438
103265,0.002983085,0.015986914
40432,0.00016904715,0.0051166653
116512,0.0035141325,0.011773539
85431,0.0034949225,0.0072261267
33296,0.021573156,0.020029532
136923,0.0019252596,0.0047546653
93445,0.0033169107,0.012668081
113711,0.0007572972,0.004839189
11908,0.008275202,0.01654592
27082,0.001825368,0.0061996775
117000,0.013677881,0.026939975
97024,0.0052319253,0.014801874
43442,0.007229755,0.024484523
102964,0.0026355993,0.0047580805
106837,0.0037890475,0.0051815524
112120,0.0036106089,0.0041664154
20392,0.17837238,0.08827095
22992,0.00895011,0.0069164205
104018,0.009036341,0.03228119
96063,0.012391243,0.01392206
47993,0.0023179955,0.015532704
54808,0.008369544,0.0041399486
136977,0.0059994673,0.0010424575
57600,0.0036276842,0.0080348635
65521,0.0025685783,0.010266202
6394,0.0024571605,0.0071204724
19512,0.0005622099,0.016472708
32849,0.006420378,0.018085489
46455,0.0036917173,0.0048110145
39893,0.018646417,0.00029113682
716,0.0032400705,0.0030010145
133199,0.0058978684,0.012774161
38034,0.00030308965,0.011233101
145593,0.002748297,0.009569095
116102,0.0013967735,0.010377618
20946,0.0053386465,0.010539408
145575,0.010902262,0.042088494
30979,0.0007149886,0.030060507
27042,0.0085637765,0.039498564
103831,0.008462604,8.2602586e-05
127160,0.013880653,0.013679161
27279,0.0032413516,0.028143369
139439,0.006606501,0.0050039673
124873,0.009822666,0.006892515
116640,0.17712584,0.3789952
80625,0.01205016,0.0044780425
31528,0.0034185096,0.015884459
70615,0.008029742,0.013500296
43764,0.012922718,0.029047944
77652,0.014341263,0.02941336
104101,0.00057757786,0.005748031
88760,0.034472827,0.011022218
27106,0.0031102975,0.00053318165
9700,0.004273137,0.006732005
44251,1.4514152e-05,0.02218104
25343,0.010036109,0.013449497
96685,0.008959501,0.012208963
100022,0.00937102,0.0031734768
72608,0.005381762,0.028019361
67910,0.00032187268,0.0038052693
44918,0.005224241,0.00051141036
105988,0.024707356,0.015906656
139894,0.008155246,0.032540735
141599,0.003896623,0.0053232787
23935,0.008868148,0.0019005002
108873,0.0072519532,0.0091287615
143388,0.010758403,0.011692429
29111,0.00644471,0.0024981417
84060,0.0026744455,0.0074914377
110835,0.01819221,0.030213345
77705,0.07802476,0.021378495
127241,0.08886261,0.081925675
83318,0.005634052,0.023490729
97461,0.008539444,0.011858915
86353,0.0029070992,0.0036823258
133085,0.0018620803,0.007900822
16405,0.008577437,0.0064447103
111905,0.0040596942,0.0052780285
62011,0.005121788,0.00783935
125470,0.011115279,0.0034979107
63084,0.01908483,0.020332621
97827,0.017175367,0.010461288
108088,0.0017365756,0.019693146
114918,0.00477601,0.004550827
75114,0.022984441,0.047659375
61675,0.06638843,0.02255414
10012,0.0047913776,0.0016827879
13447,0.0036191465,0.01572651
90753,0.004861814,0.0017638963
29440,0.022940904,0.015447327
105447,0.00074705185,0.014719058
45987,0.0118717225,0.002414472
133674,0.014892374,0.00813134
60709,0.001388236,0.001904769
53127,0.006015688,0.0016358302
3284,0.028780714,0.03281138
55277,0.0038274673,0.0014847124
89634,0.0016793727,0.015053737
139230,0.0038214908,0.006886538
138642,0.008141586,0.0072818357
1706,0.01178293,0.0077975155
21946,0.0054112175,0.014223869
31416,0.015323531,0.016141873
93682,0.0012061688,0.0039388845
42709,0.0032977008,0.026318323
15999,0.0007649812,0.034372933
78970,0.009450421,0.020558018
145357,0.0042885053,0.011274081
69399,0.013807229,0.00014941039
14858,0.0008290142,0.007279274
46268,0.017481871,0.015805058
44196,0.004693194,0.004500241
148304,0.0066859014,0.005389873
95334,0.0012503515,0.009735154
4162,0.0051354486,0.003123958
10352,0.005285713,0.008632505
93466,0.0021549247,0.0100463545
82925,0.0038710097,0.017558713
121116,0.005503425,0.025736157
52545,0.0062658447,0.006065208
115101,0.008847657,0.0063870805
71187,0.005300227,0.008686293
84962,0.005710892,0.009119157
129394,0.003937604,0.00089646236
60860,0.004890415,0.010649118
98215,0.0055742883,0.003025774
91210,0.014198256,0.025791653
35505,0.0020558867,0.0048972457
40356,0.011145053,0.025483653
6067,5.208019e-05,0.001904769
117986,0.008238916,0.002650967
25346,0.0036417716,0.00048579715
24169,0.0039196745,0.0012123586
94117,0.015718453,0.030336613
116718,0.002124189,0.03759508
133229,0.002672525,0.029262882
15008,0.01281429,0.013184826
122344,0.0357569,0.037005126
43628,0.00025783962,0.02642323
58900,9.9037745e-05,0.020557163
58088,0.0047478355,0.005301934
131288,0.0169457,0.0059431186
87955,0.0031854291,0.001418118
117348,0.0037506276,0.0056682033
70352,0.008268797,0.0039358963
149284,0.0005558067,0.0014872737
65107,0.017813135,0.031043217
6753,0.002616923,0.0022793622
26169,0.0071503543,0.0119323395
6003,0.0013779907,0.005254977
1111,0.0020815004,0.00047896703
91687,0.03291026,0.018301172
97748,0.0017621889,0.0013694529
84371,0.047535148,0.028977081
148457,0.004111347,0.003155974
46194,0.0062982873,0.027589697
41052,0.021511683,0.003515413
12380,0.017619327,0.0060464256
124552,0.025630286,0.03652018
31102,0.012492417,0.05545391
49339,0.08383044,0.0955685
21592,0.029316243,0.004095979
130539,0.02009698,0.008799846
130248,0.0009767171,0.015931416
95889,0.021146268,0.031247266
133378,0.00886217,0.0023299484
60203,0.00078632555,0.0133624105
21343,0.0039350423,0.0076318826
36071,0.010923606,0.027646048
32350,0.015104963,0.00971936
129705,0.0045924485,0.017036414
98239,0.009693319,0.0030044294
39994,0.011852512,2.646698e-05
113688,0.0022146888,0.018421875
110086,0.0035119979,0.0047333213
86685,0.0009263444,0.0014343398
13038,0.040125236,0.00891852
120897,0.004876755,0.011182727
149888,0.0012341299,0.0012486441
98135,0.017735442,0.01820075
18730,0.015734622,0.031678848
119232,0.0006422512,0.0196353
18662,0.003371979,0.034677733
25961,0.0051892363,0.0003526085
114848,0.005909821,0.022091392
54279,0.008929832,0.008586402
32415,0.010869392,0.032217156
46786,0.012893689,0.035918266
29927,0.030629136,0.015004219
27312,0.006462212,0.007860694
120325,0.033877637,0.046966106
14875,0.01188026,0.005813344
28289,0.033516385,0.01672991
121724,0.0062684063,0.0057202834
49809,0.00066252827,0.0115904035
57743,0.0016161936,0.0015735049
12641,0.015640507,0.032480888
100925,0.022182908,0.039292596
16185,0.002523755,0.022065142
124936,0.005700647,0.005379628
125775,0.0021694389,0.0017843869
48454,0.037426885,0.16297859
121249,0.015864821,0.0013694529
124906,0.0024136181,0.0038974767
13351,0.006897637,0.014859077
84318,0.00968094,0.0068604983
66357,0.00013831133,0.0032315333
104884,0.02150293,0.008522582
92020,0.0068225055,0.005984953
85308,0.005342062,0.002319703
39486,0.0007146085,0.0025826653
130775,0.013893673,0.0122151
28646,0.028828098,0.002844347
71053,0.02359361,0.055378567
2948,0.0052703447,0.01837321
126555,0.008632505,0.007241708
96569,0.005714307,0.013619398
133836,0.0034620522,0.011576317
99336,0.0015094718,0.003500045
71875,0.004839189,0.01300895
86593,0.015126577,0.0027656397
13111,0.033767607,0.020988317
10913,0.0150295645,0.02156547
5002,0.0006317925,0.017077181
63841,0.032901883,0.030886123
71113,0.00631451,0.00874862
113304,0.011934261,0.10863505
63103,0.0004285944,0.0022650615
10914,0.0029378352,0.0006095944
121447,0.0076540806,0.0041057975
17085,0.006865194,0.012211526
99831,0.0037642876,0.009651057
55969,0.0024281323,0.006562958
103031,0.007897406,0.0015794813
3839,0.00025698586,4.8665093e-05
55641,0.0036498823,0.017174084
3434,0.003648175,0.011432883
40426,0.013086642,0.11422412
21655,0.049923588,0.028726071
145319,0.00016392453,0.003700255
30905,0.008039559,0.017342277
67503,0.017889973,0.0017105355
10178,0.03401691,0.013033709
131790,0.014482562,0.0036063395
29223,0.010187973,0.009025828
116783,0.020194737,0.0059286044
134453,0.002096868,0.0260401
61075,0.0045977845,0.0050150664
76966,0.01650606,0.058640096
79533,5.122642e-05,0.005628076
64523,0.0035386784,0.002340407
40750,0.020295907,0.021918077
40028,0.0059175044,0.0041211653
52006,0.002836236,0.008962917
78495,0.0021472408,0.002855873
47854,0.046411157,0.030895514
141628,0.00019636791,0.022512304
109288,0.0044908496,0.027943589
143874,0.004522439,0.026741048
135349,0.002741894,0.015171558
122361,0.012664879,0.020128569
101376,0.012386548,0.00085676176
146070,0.0042756987,0.0012413869
145821,0.00020832077,0.005208019
115966,0.0061049084,0.0070841876
69153,0.004598425,0.00964252
76837,0.0038974767,0.0065732035
104181,0.0030419955,0.0037514814
42190,0.005777486,0.0038027074
75652,0.0012051015,0.062911645
119164,0.0047691795,0.014209355
30222,0.013008295,0.017214304
133048,0.009595562,0.007823982
122244,0.005169173,0.025884606
15285,0.014602943,0.0036806182
26183,0.024102032,0.013965176
63595,0.0156044215,0.018785583
4558,0.0031393257,0.010888176
114909,0.009544336,0.0044447463
120613,0.0028227887,0.0016181143
13759,0.024244614,0.0025493682
99339,0.0012243114,0.0031470098
94486,0.07641568,0.0040104883
141008,0.010937694,0.0068634856
137200,0.0025229012,0.01778411
125143,0.0045779343,0.009843158
41284,0.015897265,0.007128157
132944,0.0052720523,0.0024836275
96199,0.02419723,0.008070297
116287,0.01968546,0.008007543
53388,0.010162468,0.003976878
86192,0.041336104,0.08511815
12273,0.0015976237,0.0031606702
123841,0.0047051464,0.0023649528
123554,0.014645633,0.013440104
139453,0.030399468,0.055310905
60840,0.018944383,0.051380124
4320,0.009334307,0.0064792875
52536,0.0037634342,0.017456256
76954,0.04175296,0.003006991
45395,0.0011534482,0.002787571
93495,0.015428544,0.006562958
94843,0.008971454,0.0057160147
87119,0.0044869273,0.10963008
21118,0.0039760238,0.007642128
138716,0.00022454247,0.0034722975
76450,0.004681241,0.019162096
16936,0.005311326,0.06289072
102887,0.00713584,0.01072169
58811,0.0048024766,0.0128450245
22606,0.011005996,0.009276251
40663,0.005683571,0.005243878
58129,0.011891786,0.015041784
118683,0.0051585003,0.018386869
37856,0.0025220474,0.019689942
147586,0.0044276696,0.001051849
99603,0.0025818115,0.004669288
121286,0.0020960143,0.008444676
114233,0.0005421462,0.017977059
12864,0.032480173,0.14966254
38279,0.009710821,0.007454298
18944,0.0011412286,0.04379055
143512,0.028772175,0.0010117218
77850,0.003429609,0.016605044
9571,0.00032144575,0.014600811
21163,0.00875673,0.0096134925
14646,0.009789369,0.003673788
46648,0.003547429,0.0043956535
123560,0.003462906,0.010260651
58462,0.014999949,0.012734033
92246,0.006291458,0.028728206
123408,0.010054893,0.0043354626
73604,0.004319241,0.0015743587
103470,0.013841166,0.022820836
100871,0.03473237,0.022125546
60088,0.009316378,0.0029967455
49054,0.005704062,0.0022642077
145101,0.014427921,0.010903543
119234,0.007590048,0.009691184
2889,0.009132391,0.03769027
7789,0.0026765803,0.013142139
3872,0.0053548682,0.010631189
149185,0.004057986,0.006330732
139602,0.0076463968,0.016247313
49286,0.016362574,0.048183594
75468,0.006823359,0.001742552
117789,0.0075499206,0.0024682595
141977,0.003313922,0.0055102543
114178,0.0021865142,0.012604262
77729,0.005751873,0.009353944
81203,0.00057800475,0.004433647
18200,0.0131353075,0.11063312
137597,0.0030624857,8.452359e-05
117153,0.0024507572,0.00015325236
95909,0.016161295,0.0032212876
11554,0.0018919623,0.0036234155
39968,0.010046355,0.016740795
39719,0.0038078304,0.00015282548
103196,0.017742272,0.022702696
118508,0.007804345,0.013008094
96146,0.0049932953,0.012517602
76608,0.0046146465,0.02179001
23609,0.039843798,0.1555062
138855,0.0022676229,0.0069377646
1850,0.0033702715,0.014125259
132257,0.015123746,0.00605667
142014,0.009068783,0.015637292
50414,0.014535497,0.0025519296
95600,0.009073586,0.014796218
127023,0.004585618,0.011628397
41358,0.003146156,0.0031734768
44890,0.0028550187,0.0127818445
59689,0.0060528284,0.020640407
118419,0.009560557,0.013542559
75763,0.051958133,0.009625445
45003,0.0019333705,0.0036806182
40445,0.005451344,0.00601014
96013,0.010085628,0.013716728
115897,0.012936378,0.010288825
125027,0.005544406,0.006767864
20058,0.22676301,0.32765388
106882,0.011238436,0.0068354188
47136,0.0078009297,0.0074858884
143574,0.0011713775,0.01234386
130812,0.004941642,0.0011636935
129851,0.004710269,0.003248609
32096,0.005412925,0.005356576
124354,0.0022274952,0.009952439
148575,0.003233241,0.0019184294
24131,0.011447398,0.021305922
79992,0.0023547078,0.002787571
94160,0.00818214,0.035916556
147795,0.012470219,0.005504279
140749,0.00052613794,0.013761124
84950,0.021612855,0.025206815
36095,0.011154552,0.020998565
36964,0.0060967975,0.00122175
49827,0.0029310049,0.0092421
88309,0.0074551515,0.012739797
10781,2.3051889e-05,0.018411629
41403,0.002870387,0.011611321
80083,0.0037160495,0.013721423
23065,0.00392992,0.008405401
104242,0.011678771,0.0033997267
123594,0.069025956,0.056125406
107188,0.013835403,0.003946142
148192,0.010611552,0.011422637
14020,0.0009715944,0.04116727
122662,0.006596682,0.0033297169
121728,0.0023034813,0.014013734
142041,0.0034705899,0.012143223
82289,0.0013788445,0.00036541512
18694,0.0034573565,0.0033169107
130251,0.025427088,0.02814636
96617,0.004926274,0.010702052
105229,0.006562745,0.0070502493
25844,0.0014330591,0.00594013
63223,0.024330843,0.011227123
95218,0.023748571,0.009209656
95457,0.0052626613,0.020812443
125708,0.00021387027,0.008021204
128629,0.004431939,0.009854255
105544,0.0068242126,0.009465362
62205,0.011584855,0.000716316
3449,0.027578922,0.005555932
126168,0.004198005,0.014317784
2137,0.012277265,0.0044225478
86691,0.0124104535,0.015157898
102169,0.004862668,0.026852466
125094,0.0011525945,0.021670485
119386,0.005296812,0.027241359
20070,0.0014667831,0.0042663068
4129,0.0017135238,0.005655823
85184,0.0033956713,0.007266041
136490,0.0050133592,0.03333816
103752,0.0005455614,0.010841217
14491,0.0077403127,0.002187368
23290,0.018012064,0.01678092
147829,0.001248217,0.00074363686
5630,0.006865194,0.019350354
111781,0.01272016,0.033657897
117072,0.00041664153,0.0034338776
46894,0.0021664507,0.001199552
81354,0.013472549,0.0011440566
58078,0.010474949,0.0007624199
91247,0.0076463968,0.014656305
16253,0.0017638962,0.009477741
145422,0.00069582555,0.008156099
83974,0.004063109,0.007622491
72092,0.007008628,0.009123425
110791,0.0076600574,0.004373029
49057,0.004209958,0.0037105002
33651,0.03671121,0.023844618
138295,0.003866741,0.00039102833
126136,0.005855606,0.011579305
7667,0.010852316,0.0036772026
84795,0.0113534825,0.05879431
139131,0.0040562786,0.008279043
69228,0.009692038,0.0038786938
36631,0.013731242,0.004503656
4,0.004182637,0.012291352
19971,0.013325913,0.00030234258
58343,0.011365008,0.022611769
35191,0.0016055213,0.008197934
131236,0.005744189,0.0029941837
11506,0.009260456,0.022537066
93183,0.005601609,0.028662892
140914,0.009908898,0.0069488636
25073,0.036965847,0.49666238
136301,0.0049399342,0.0060250806
9576,0.010631189,0.0024166063
56377,0.0015410614,0.0011568633
93402,0.013712458,0.004887
78964,0.001101368,0.0025015569
79673,0.0023470237,0.015084473
20267,0.00053403544,0.007995377
38807,0.001821953,0.01522876
77073,0.003922236,0.0017587739
144288,0.019778628,0.1685139
63226,0.001029651,0.012895398
63572,0.021804526,0.012720374
29700,0.012677686,0.0045728115
15978,0.00585518,0.0019175756
136055,0.013514383,0.0051021515
86578,0.0015470379,0.004723076
128317,0.004514328,6.8301895e-05
125842,0.018945662,0.008862598
47682,0.0055853873,0.0023666606
147020,0.009187458,0.0005178137
90737,0.000577151,0.008051086
3527,0.0017920709,0.0022428634
120680,0.004710696,0.0031777455
67280,0.0014343396,0.0050415336
120183,0.0018783021,0.031309593
21792,0.0015632595,0.0037941702
76440,0.009596416,0.0005028727
135233,0.011044416,0.020000502
24096,0.0022317644,0.011293717
120519,0.001101368,0.005733944
43103,0.004854557,0.0002168585
86334,0.01936508,0.006437773
3910,0.011270666,0.023263624
37310,0.011782077,0.0029250286
84975,0.0056024627,0.004270576
103664,0.00023820285,0.0015205708
46021,0.0036695192,0.040829178
49083,0.0016879105,0.006855803
13466,0.034859587,0.0020388113
20273,0.006725176,0.005873963
126214,0.052160047,0.011204071
37586,0.00034748588,0.0115814395
28053,0.0034637598,0.0007813096
5329,0.0063110953,0.013046516
98387,0.009873892,0.012383988
27920,0.07756031,0.10067891
34121,0.019019518,0.007952902
4014,0.006538199,0.013289841
5368,0.00184842,0.0037745328
47902,0.0031888443,0.0025672973
99945,0.0062510106,0.0019609046
39762,0.010145391,0.0078487415
85990,2.8174527e-05,0.0063964725
12444,0.009745827,0.00947262
139781,0.018050484,0.013041394
145608,0.008585975,0.015444766
54395,0.010673879,0.00066935853
42645,0.0021711465,0.01328728
25355,0.0048835855,0.01681166
59737,0.002591203,0.008443821
132180,0.0063913497,0.0074414914
52727,0.0037689838,0.01943872
44549,0.0037672762,0.015020867
140566,0.008833143,0.012590601
107220,0.0032801984,0.011925511
33001,0.0015943355,0.02750821
67205,0.0020644248,0.0134166265
100604,0.0014420237,0.013255689
21561,0.0043807128,0.011160209
85043,0.0043469886,0.0027207627
19769,0.006577179,0.0026163093
92888,0.009191727,0.014262289
12891,0.0066099158,0.010795968
141138,0.02655023,0.0031628045
39869,0.0026432832,0.0134887695
136318,0.0021796841,0.0027457362
16780,0.023070673,0.029654127
55706,0.011830742,0.02004319
44203,0.0019318763,0.005304496
50883,0.026502846,0.008457482
37645,0.02291678,0.018141624
117473,0.02631843,0.0037053777
80695,0.009116381,0.030766591
48073,0.016193526,0.00297967
6533,0.009451275,0.00972128
38664,0.0017510898,0.0062069343
29220,0.006189859,0.0093428455
123858,0.0034603446,0.028019147
108668,0.0011867454,0.0142768035
31947,0.034463488,0.07022487
122696,0.0024127644,0.008362714
59743,0.032782566,0.027733587
137013,0.008302948,0.010946231
103580,0.006319633,0.0022309106
96411,0.015877895,0.019050837
44634,0.0037745333,0.039580103
30937,0.022190433,0.0019329436
14264,0.0034483918,0.008509989
121297,0.011800858,0.008567618
36935,0.0054385383,0.015450744
75694,0.01125914,0.0036558588
144841,0.0069968887,0.09612186
33801,0.0048575453,0.00067277363
11089,0.007979369,0.032221425
19184,0.010246138,0.020422269
148794,0.03970689,0.0035802994
44249,0.016564062,0.03802282
8873,0.008690563,0.00092463684
121596,0.016627243,0.018363817
93344,0.0072391466,0.008735812
87323,0.00028259907,0.004904076
10555,0.006661142,0.1057909
54942,0.006665411,0.0036106089
75948,0.006688463,0.011520822
142456,0.0013993349,0.043674804
15427,0.0018526888,0.0040477407
93537,0.0018868397,0.006732859
125372,0.016068874,0.016853495
107203,0.012339164,0.013155798
103365,0.018380038,0.01338461
50018,0.013805947,0.0009728751
31542,0.016298966,0.0067537767
6913,0.011062773,0.003919248
80582,0.005918359,0.01321044
148718,0.0015227053,0.004866083
34424,0.0019536475,0.009570482
113127,0.022052975,0.80336285
134346,0.01202967,0.011012826
85489,0.034930453,0.031567432
110452,0.0010689247,0.007905944
55012,0.007133279,0.00037053777
62705,0.004060974,0.03688687
118542,0.0100676995,0.016003989
51685,0.018526888,0.021077964
76495,0.032572217,0.027674863
132692,0.0015197172,0.013926757
114087,0.0023845898,0.0051311795
11369,0.0112943575,0.020498678
79001,0.013776492,0.038234554
91266,0.009759487,0.0037455051
46788,0.007893992,0.0126187755
60768,0.033643812,0.0033553306
27433,0.009791677,0.015858471
2309,0.012733181,0.002622793
40525,0.004548052,0.011471302
131888,0.0071699913,0.02928871
133854,0.0069232504,0.017022539
1204,0.004706,0.0007257076
20504,0.007818859,0.00017630425
13776,0.003926505,0.0037651418
58956,0.0154174445,0.008543713
110322,0.0063290247,0.019769985
42780,0.005361592,0.0044918093
82705,0.014404014,0.015623204
75971,0.0072784205,0.016961068
123971,0.010593624,0.0032767833
47012,0.013963468,0.055649422
60448,0.0036076203,0.032106165
77150,0.00061898585,0.0023308021
38501,0.004466944,0.0062741693
116046,0.0031922597,0.05344967
100199,0.0067416104,0.01015393
132591,0.0016392454,0.0059200665
73916,0.00031675003,0.00027833018
149650,0.005021896,0.0012973091
54682,0.011688162,0.0029771088
94631,0.0029613138,0.00011269811
7216,0.0019773399,0.018552074
117526,0.010329381,0.00090585387
60791,0.008074779,0.018948492
82656,0.010054146,0.0014397826
67606,0.011290943,0.07289634
139401,0.010474949,0.0042535
108379,0.00078803307,0.0039888304
53756,0.0005592217,0.013707336
80391,0.0034261937,0.032571472
75754,0.02933097,0.0020494836
63474,0.015894277,0.009042317
97654,0.0056229522,0.010677293
92149,0.025391528,0.20217097
122983,0.010847194,0.0006522831
106655,0.0007982784,0.00016733963
27362,0.002006368,0.0017826793
112826,0.0065177083,0.009636544
70247,0.0089688925,0.011554973
37296,0.00063264626,0.0003500472
80971,0.034970388,0.15687725
149782,0.0009916581,0.00036434786
77152,0.018729234,0.016085949
142802,0.0037292833,0.008163784
95385,0.011683038,0.033328768
85562,0.0015735049,0.0011875991
69159,0.018784728,0.017660309
20019,0.009638251,0.0051290453
125425,0.00077949534,0.016125223
49802,0.02145021,0.052868254
48314,0.0059619015,0.009142208
85046,0.0042722835,0.00020405192
21220,0.08449553,0.034144975
44635,0.00031418868,0.0071571846
86159,0.011437685,0.013355955
25088,0.0055725807,0.022476446
11519,0.005138864,0.0031803069
3505,0.00569467,0.011282618
14762,0.005662227,0.026806148
75455,0.00789207,0.033874966
149619,0.0034910801,0.0045651277
100100,0.0063986066,0.0022800025
108546,0.010603868,0.014882129
136776,0.010344642,0.008149484
90191,0.0064681894,0.0059584863
131040,0.0051725875,0.028160447
132253,0.003503887,0.019708727
8511,0.006418671,0.009445298
59745,0.0031060285,0.0073142787
57551,0.008095267,0.008045109
55139,0.005515378,0.0008614576
96789,0.0013831133,0.0041945893
75905,0.01519461,0.010030774
13617,0.009423099,0.011231818
70903,0.025067223,0.038527187
25637,0.0017175792,0.00064950826
11617,0.01613248,0.024005128
78240,0.016593091,0.032921944
58536,0.007691647,0.014455242
13413,0.009948171,0.0038095377
102462,0.0032494622,0.007861121
127274,0.0016511983,0.010620943
113217,0.010021383,0.0017249429
65491,0.015327158,0.0012712689
97256,0.0070564393,0.0056716185
114157,0.0043525384,0.0006642359
914,0.011679624,0.005517939
43896,0.00062453543,0.01238911
109477,0.025779698,0.0678802
28303,0.016960213,0.013774784
106534,0.0049920143,0.007407341
25362,0.0017186464,0.0060600853
135788,0.0068071373,0.0061693685
54286,0.00763359,0.019351635
58217,0.009283508,0.006200958
121627,0.018412055,0.008959928
41692,0.0016360438,0.023386998
57143,0.0036387832,0.02878925
73134,0.00078205665,0.0015632595
88840,0.0010095873,0.0014157702
116766,0.0015137407,0.0075226
102344,0.00423984,0.017053274
119547,0.00073424523,0.014507321
61619,0.0044413307,0.023492435
75429,0.0071722325,0.030378874
71179,0.0040981136,0.022902478
65552,0.015846893,0.0034317432
116414,0.0076075504,0.009647642
63780,0.0073808734,0.004224472
96431,0.017738432,0.0017310259
106248,0.0117060905,0.01901354
55750,0.0034936417,0.017527975
68889,0.0038266135,0.009097812
36059,0.013091764,0.016582847
90286,0.02033689,0.01988183
21985,0.018976294,0.0100816805
124878,0.019327728,0.006136925
4616,0.004087975,0.059815954
79402,0.0068481183,0.03094631
120833,0.0023154342,0.018217398
37590,0.0031768912,0.012138526
104078,0.0015999717,0.0014095803
63659,0.01850298,0.00553416
148429,0.0062573073,0.010079653
35664,0.0032409248,0.003440708
54259,0.00017416982,0.0055853873
102932,0.0029310049,0.0034744318
33985,0.06608043,0.0035593824
40257,0.0055350144,0.030793061
20395,0.014640085,0.0067228274
134742,0.014951284,0.0067200526
71414,0.017790085,0.003715623
97160,0.0024037997,0.0038658872
81531,0.0050825146,0.0036874483
73696,0.002930338,0.08504852
110126,0.008134755,0.02251572
124839,0.006317071,0.01662212
20609,0.0027969624,0.0019269672
60230,0.0019244058,0.016024478
109844,0.0105031235,0.04618533
1645,0.00388467,0.0021378493
11616,0.00073936797,0.0109368395
126839,0.024676621,0.013079814
33388,0.0034987645,0.0066526043
